13.202.180.165
cursror connected
Flask Server Is Starting...
 * Serving Flask app 'login'
 * Debug mode: on
[31m[1mWARNING: This is a development server. Do not use it in a production deployment. Use a production WSGI server instead.[0m
 * Running on all addresses (0.0.0.0)
 * Running on http://127.0.0.1:5000
 * Running on http://172.31.13.254:5000
[33mPress CTRL+C to quit[0m
 * Restarting with watchdog (inotify)
 * Debugger is active!
 * Debugger PIN: 717-227-160
114.143.146.190 - - [22/Aug/2025 10:05:54] "GET / HTTP/1.1" 200 -
114.143.146.190 - - [22/Aug/2025 10:05:54] "[36mGET /static/style2.css HTTP/1.1[0m" 304 -
114.143.146.190 - - [22/Aug/2025 10:06:13] "[32mPOST /login HTTP/1.1[0m" 302 -

Collecting usage statistics. To deactivate, set browser.gatherUsageStats to false.


  You can now view your Streamlit app in your browser.

  URL: http://0.0.0.0:8501

172.225.137.224 - - [22/Aug/2025 10:11:52] "GET / HTTP/1.1" 200 -
172.225.137.224 - - [22/Aug/2025 10:11:52] "[36mGET /static/style2.css HTTP/1.1[0m" 304 -
172.225.137.224 - - [22/Aug/2025 10:11:52] "GET / HTTP/1.1" 200 -
172.225.137.224 - - [22/Aug/2025 10:11:52] "[36mGET /static/style2.css HTTP/1.1[0m" 304 -
172.225.137.224 - - [22/Aug/2025 10:12:07] "[32mPOST /login HTTP/1.1[0m" 302 -

Collecting usage statistics. To deactivate, set browser.gatherUsageStats to false.

2025-08-22 10:12:07.779 Port 8501 is already in use
Query
sql query: ```sql
-- SSMS Query Start
SELECT AdventureWorks2022.Production.Product.Name FROM AdventureWorks2022.Production.Product
```
query: SELECT AdventureWorks2022.Production.Product.Name FROM AdventureWorks2022.Production.Product
Descriptive
Query
sql query: ```sql
-- SSMS Query Start
SELECT AdventureWorks2022.Production.Product.ProductID, SUM(AdventureWorks2022.Sales.SalesOrderDetail.LineTotal) AS TotalSales
FROM AdventureWorks2022.Production.Product
INNER JOIN AdventureWorks2022.Sales.SalesOrderDetail ON AdventureWorks2022.Production.Product.ProductID = AdventureWorks2022.Sales.SalesOrderDetail.ProductID
GROUP BY AdventureWorks2022.Production.Product.ProductID;
```
query: SELECT AdventureWorks2022.Production.Product.ProductID, SUM(AdventureWorks2022.Sales.SalesOrderDetail.LineTotal) AS TotalSales
FROM AdventureWorks2022.Production.Product
INNER JOIN AdventureWorks2022.Sales.SalesOrderDetail ON AdventureWorks2022.Production.Product.ProductID = AdventureWorks2022.Sales.SalesOrderDetail.ProductID
GROUP BY AdventureWorks2022.Production.Product.ProductID;
Descriptive
Query
sql query: ```sql
-- SSMS Query Start
SELECT
    AdventureWorks2022.Sales.Customer.CustomerID,
    AdventureWorks2022.Sales.Customer.PersonID,
    AdventureWorks2022.Sales.Customer.StoreID,
    AdventureWorks2022.Sales.Customer.TerritoryID,
    AdventureWorks2022.Sales.Customer.AccountNumber,
    AdventureWorks2022.Sales.Customer.rowguid,
    AdventureWorks2022.Sales.Customer.ModifiedDate,
    AdventureWorks2022.Production.Product.ProductID,
    AdventureWorks2022.Production.Product.Name,
    AdventureWorks2022.Production.Product.ProductNumber,
    AdventureWorks2022.Production.Product.MakeFlag,
    AdventureWorks2022.Production.Product.FinishedGoodsFlag,
    AdventureWorks2022.Production.Product.Color,
    AdventureWorks2022.Production.Product.SafetyStockLevel,
    AdventureWorks2022.Production.Product.ReorderPoint,
    AdventureWorks2022.Production.Product.StandardCost,
    AdventureWorks2022.Production.Product.ListPrice,
    AdventureWorks2022.Production.Product.Size,
    AdventureWorks2022.Production.Product.SizeUnitMeasureCode,
    AdventureWorks2022.Production.Product.WeightUnitMeasureCode,
    AdventureWorks2022.Production.Product.Weight,
    AdventureWorks2022.Production.Product.DaysToManufacture,
    AdventureWorks2022.Production.Product.ProductLine,
    AdventureWorks2022.Production.Product.Class,
    AdventureWorks2022.Production.Product.Style,
    AdventureWorks2022.Production.Product.ProductSubcategoryID,
    AdventureWorks2022.Production.Product.ProductModelID,
    AdventureWorks2022.Production.Product.SellStartDate,
    AdventureWorks2022.Production.Product.SellEndDate,
    AdventureWorks2022.Production.Product.DiscontinuedDate,
    AdventureWorks2022.Production.Product.rowguid AS Productrowguid,
    AdventureWorks2022.Production.Product.ModifiedDate AS ProductModifiedDate,
    AdventureWorks2022.Sales.SalesOrderHeader.SalesOrderID,
    AdventureWorks2022.Sales.SalesOrderHeader.RevisionNumber,
    AdventureWorks2022.Sales.SalesOrderHeader.OrderDate,
    AdventureWorks2022.Sales.SalesOrderHeader.DueDate,
    AdventureWorks2022.Sales.SalesOrderHeader.ShipDate,
    AdventureWorks2022.Sales.SalesOrderHeader.Status,
    AdventureWorks2022.Sales.SalesOrderHeader.OnlineOrderFlag,
    AdventureWorks2022.Sales.SalesOrderHeader.SalesOrderNumber,
    AdventureWorks2022.Sales.SalesOrderHeader.PurchaseOrderNumber,
    AdventureWorks2022.Sales.SalesOrderHeader.AccountNumber AS SalesOrderHeaderAccountNumber,
    AdventureWorks2022.Sales.SalesOrderHeader.CustomerID AS SalesOrderHeaderCustomerID,
    AdventureWorks2022.Sales.SalesOrderHeader.SalesPersonID,
    AdventureWorks2022.Sales.SalesOrderHeader.TerritoryID AS SalesOrderHeaderTerritoryID,
    AdventureWorks2022.Sales.SalesOrderHeader.BillToAddressID,
    AdventureWorks2022.Sales.SalesOrderHeader.ShipToAddressID,
    AdventureWorks2022.Sales.SalesOrderHeader.ShipMethodID,
    AdventureWorks2022.Sales.SalesOrderHeader.CreditCardID,
    AdventureWorks2022.Sales.SalesOrderHeader.CreditCardApprovalCode,
    AdventureWorks2022.Sales.SalesOrderHeader.CurrencyRateID,
    AdventureWorks2022.Sales.SalesOrderHeader.SubTotal,
    AdventureWorks2022.Sales.SalesOrderHeader.TaxAmt,
    AdventureWorks2022.Sales.SalesOrderHeader.Freight,
    AdventureWorks2022.Sales.SalesOrderHeader.TotalDue,
    AdventureWorks2022.Sales.SalesOrderHeader.Comment,
    AdventureWorks2022.Sales.SalesOrderHeader.rowguid AS SalesOrderHeaderrowguid,
    AdventureWorks2022.Sales.SalesOrderHeader.ModifiedDate AS SalesOrderHeaderModifiedDate

FROM AdventureWorks2022.Sales.Customer
INNER JOIN AdventureWorks2022.Sales.SalesOrderHeader
ON AdventureWorks2022.Sales.SalesOrderHeader.CustomerID = AdventureWorks2022.Sales.Customer.CustomerID
INNER JOIN AdventureWorks2022.Sales.SalesOrderDetail 
ON AdventureWorks2022.Sales.SalesOrderDetail.SalesOrderID = AdventureWorks2022.Sales.SalesOrderHeader.SalesOrderID
INNER JOIN AdventureWorks2022.Production.Product
ON AdventureWorks2022.Production.Product.ProductID = AdventureWorks2022.Sales.SalesOrderDetail.ProductID;
```
query: SELECT
    AdventureWorks2022.Sales.Customer.CustomerID,
    AdventureWorks2022.Sales.Customer.PersonID,
    AdventureWorks2022.Sales.Customer.StoreID,
    AdventureWorks2022.Sales.Customer.TerritoryID,
    AdventureWorks2022.Sales.Customer.AccountNumber,
    AdventureWorks2022.Sales.Customer.rowguid,
    AdventureWorks2022.Sales.Customer.ModifiedDate,
    AdventureWorks2022.Production.Product.ProductID,
    AdventureWorks2022.Production.Product.Name,
    AdventureWorks2022.Production.Product.ProductNumber,
    AdventureWorks2022.Production.Product.MakeFlag,
    AdventureWorks2022.Production.Product.FinishedGoodsFlag,
    AdventureWorks2022.Production.Product.Color,
    AdventureWorks2022.Production.Product.SafetyStockLevel,
    AdventureWorks2022.Production.Product.ReorderPoint,
    AdventureWorks2022.Production.Product.StandardCost,
    AdventureWorks2022.Production.Product.ListPrice,
    AdventureWorks2022.Production.Product.Size,
    AdventureWorks2022.Production.Product.SizeUnitMeasureCode,
    AdventureWorks2022.Production.Product.WeightUnitMeasureCode,
    AdventureWorks2022.Production.Product.Weight,
    AdventureWorks2022.Production.Product.DaysToManufacture,
    AdventureWorks2022.Production.Product.ProductLine,
    AdventureWorks2022.Production.Product.Class,
    AdventureWorks2022.Production.Product.Style,
    AdventureWorks2022.Production.Product.ProductSubcategoryID,
    AdventureWorks2022.Production.Product.ProductModelID,
    AdventureWorks2022.Production.Product.SellStartDate,
    AdventureWorks2022.Production.Product.SellEndDate,
    AdventureWorks2022.Production.Product.DiscontinuedDate,
    AdventureWorks2022.Production.Product.rowguid AS Productrowguid,
    AdventureWorks2022.Production.Product.ModifiedDate AS ProductModifiedDate,
    AdventureWorks2022.Sales.SalesOrderHeader.SalesOrderID,
    AdventureWorks2022.Sales.SalesOrderHeader.RevisionNumber,
    AdventureWorks2022.Sales.SalesOrderHeader.OrderDate,
    AdventureWorks2022.Sales.SalesOrderHeader.DueDate,
    AdventureWorks2022.Sales.SalesOrderHeader.ShipDate,
    AdventureWorks2022.Sales.SalesOrderHeader.Status,
    AdventureWorks2022.Sales.SalesOrderHeader.OnlineOrderFlag,
    AdventureWorks2022.Sales.SalesOrderHeader.SalesOrderNumber,
    AdventureWorks2022.Sales.SalesOrderHeader.PurchaseOrderNumber,
    AdventureWorks2022.Sales.SalesOrderHeader.AccountNumber AS SalesOrderHeaderAccountNumber,
    AdventureWorks2022.Sales.SalesOrderHeader.CustomerID AS SalesOrderHeaderCustomerID,
    AdventureWorks2022.Sales.SalesOrderHeader.SalesPersonID,
    AdventureWorks2022.Sales.SalesOrderHeader.TerritoryID AS SalesOrderHeaderTerritoryID,
    AdventureWorks2022.Sales.SalesOrderHeader.BillToAddressID,
    AdventureWorks2022.Sales.SalesOrderHeader.ShipToAddressID,
    AdventureWorks2022.Sales.SalesOrderHeader.ShipMethodID,
    AdventureWorks2022.Sales.SalesOrderHeader.CreditCardID,
    AdventureWorks2022.Sales.SalesOrderHeader.CreditCardApprovalCode,
    AdventureWorks2022.Sales.SalesOrderHeader.CurrencyRateID,
    AdventureWorks2022.Sales.SalesOrderHeader.SubTotal,
    AdventureWorks2022.Sales.SalesOrderHeader.TaxAmt,
    AdventureWorks2022.Sales.SalesOrderHeader.Freight,
    AdventureWorks2022.Sales.SalesOrderHeader.TotalDue,
    AdventureWorks2022.Sales.SalesOrderHeader.Comment,
    AdventureWorks2022.Sales.SalesOrderHeader.rowguid AS SalesOrderHeaderrowguid,
    AdventureWorks2022.Sales.SalesOrderHeader.ModifiedDate AS SalesOrderHeaderModifiedDate

FROM AdventureWorks2022.Sales.Customer
INNER JOIN AdventureWorks2022.Sales.SalesOrderHeader
ON AdventureWorks2022.Sales.SalesOrderHeader.CustomerID = AdventureWorks2022.Sales.Customer.CustomerID
INNER JOIN AdventureWorks2022.Sales.SalesOrderDetail 
ON AdventureWorks2022.Sales.SalesOrderDetail.SalesOrderID = AdventureWorks2022.Sales.SalesOrderHeader.SalesOrderID
INNER JOIN AdventureWorks2022.Production.Product
ON AdventureWorks2022.Production.Product.ProductID = AdventureWorks2022.Sales.SalesOrderDetail.ProductID;
Query
sql query: ```sql
-- SSMS Query Start
SELECT 
    AdventureWorks2022.Sales.SalesTerritory.Name AS SalesTerritoryName,
    AdventureWorks2022.Sales.SalesTerritory.SalesYTD,
    AdventureWorks2022.Sales.SalesTerritory.SalesLastYear,
    AdventureWorks2022.Sales.SalesPerson.Bonus,
    AdventureWorks2022.Sales.SalesPerson.CommissionPct,
    AdventureWorks2022.Sales.SalesPerson.SalesYTD AS SalesPersonSalesYTD,
    AdventureWorks2022.Sales.SalesPerson.SalesLastYear AS SalesPersonSalesLastYear,
    AdventureWorks2022.Sales.SalesOrderHeader.SalesOrderID,
    AdventureWorks2022.Sales.SalesOrderHeader.OrderDate,
    AdventureWorks2022.Sales.SalesOrderHeader.TotalDue,
    AdventureWorks2022.Sales.Customer.CustomerID,
    AdventureWorks2022.Production.Product.ProductID,
    AdventureWorks2022.Production.Product.Name AS ProductName
FROM AdventureWorks2022.Sales.SalesTerritory
INNER JOIN AdventureWorks2022.Sales.SalesPerson 
ON AdventureWorks2022.Sales.SalesTerritory.TerritoryID = AdventureWorks2022.Sales.SalesPerson.TerritoryID
INNER JOIN AdventureWorks2022.Sales.SalesOrderHeader 
ON AdventureWorks2022.Sales.SalesPerson.BusinessEntityID = AdventureWorks2022.Sales.SalesOrderHeader.SalesPersonID
INNER JOIN AdventureWorks2022.Sales.Customer
ON AdventureWorks2022.Sales.SalesOrderHeader.CustomerID = AdventureWorks2022.Sales.Customer.CustomerID
INNER JOIN AdventureWorks2022.Sales.SalesOrderDetail
ON AdventureWorks2022.Sales.SalesOrderHeader.SalesOrderID = AdventureWorks2022.Sales.SalesOrderDetail.SalesOrderID
INNER JOIN AdventureWorks2022.Production.Product
ON AdventureWorks2022.Sales.SalesOrderDetail.ProductID = AdventureWorks2022.Production.Product.ProductID;
```
query: SELECT 
    AdventureWorks2022.Sales.SalesTerritory.Name AS SalesTerritoryName,
    AdventureWorks2022.Sales.SalesTerritory.SalesYTD,
    AdventureWorks2022.Sales.SalesTerritory.SalesLastYear,
    AdventureWorks2022.Sales.SalesPerson.Bonus,
    AdventureWorks2022.Sales.SalesPerson.CommissionPct,
    AdventureWorks2022.Sales.SalesPerson.SalesYTD AS SalesPersonSalesYTD,
    AdventureWorks2022.Sales.SalesPerson.SalesLastYear AS SalesPersonSalesLastYear,
    AdventureWorks2022.Sales.SalesOrderHeader.SalesOrderID,
    AdventureWorks2022.Sales.SalesOrderHeader.OrderDate,
    AdventureWorks2022.Sales.SalesOrderHeader.TotalDue,
    AdventureWorks2022.Sales.Customer.CustomerID,
    AdventureWorks2022.Production.Product.ProductID,
    AdventureWorks2022.Production.Product.Name AS ProductName
FROM AdventureWorks2022.Sales.SalesTerritory
INNER JOIN AdventureWorks2022.Sales.SalesPerson 
ON AdventureWorks2022.Sales.SalesTerritory.TerritoryID = AdventureWorks2022.Sales.SalesPerson.TerritoryID
INNER JOIN AdventureWorks2022.Sales.SalesOrderHeader 
ON AdventureWorks2022.Sales.SalesPerson.BusinessEntityID = AdventureWorks2022.Sales.SalesOrderHeader.SalesPersonID
INNER JOIN AdventureWorks2022.Sales.Customer
ON AdventureWorks2022.Sales.SalesOrderHeader.CustomerID = AdventureWorks2022.Sales.Customer.CustomerID
INNER JOIN AdventureWorks2022.Sales.SalesOrderDetail
ON AdventureWorks2022.Sales.SalesOrderHeader.SalesOrderID = AdventureWorks2022.Sales.SalesOrderDetail.SalesOrderID
INNER JOIN AdventureWorks2022.Production.Product
ON AdventureWorks2022.Sales.SalesOrderDetail.ProductID = AdventureWorks2022.Production.Product.ProductID;
Query
sql query: ```sql
-- SSMS Query Start
SELECT AdventureWorks2022.Production.vProductModelCatalogDescription.TABLE_NAME, AdventureWorks2022.Production.vProductModelInstructions.TABLE_NAME, AdventureWorks2022.Sales.SalesTerritory.TABLE_NAME, AdventureWorks2022.Sales.SalesPerson.TABLE_NAME, AdventureWorks2022.Sales.vSalesPerson.TABLE_NAME, AdventureWorks2022.Sales.SalesOrderHeader.TABLE_NAME, AdventureWorks2022.Sales.vSalesPersonSalesByFiscalYears.TABLE_NAME, AdventureWorks2022.Person.vStateProvinceCountryRegion.TABLE_NAME, AdventureWorks2022.Sales.Store.TABLE_NAME, AdventureWorks2022.Sales.vStoreWithDemographics.TABLE_NAME, AdventureWorks2022.Person.BusinessEntityContact.TABLE_NAME, AdventureWorks2022.Person.ContactType.TABLE_NAME, AdventureWorks2022.Sales.vStoreWithContacts.TABLE_NAME, AdventureWorks2022.Sales.vStoreWithAddresses.TABLE_NAME, AdventureWorks2022.Purchasing.Vendor.TABLE_NAME, AdventureWorks2022.Purchasing.vVendorWithContacts.TABLE_NAME, AdventureWorks2022.Purchasing.vVendorWithAddresses.TABLE_NAME, AdventureWorks2022.dbo.AWBuildVersion.TABLE_NAME, AdventureWorks2022.dbo.DatabaseLog.TABLE_NAME, AdventureWorks2022.dbo.ErrorLog.TABLE_NAME, AdventureWorks2022.HumanResources.EmployeePayHistory.TABLE_NAME, AdventureWorks2022.Person.BusinessEntity.TABLE_NAME, AdventureWorks2022.Person.Password.TABLE_NAME, AdventureWorks2022.Production.BillOfMaterials.TABLE_NAME, AdventureWorks2022.Production.Culture.TABLE_NAME, AdventureWorks2022.Production.Document.TABLE_NAME, AdventureWorks2022.Production.Illustration.TABLE_NAME, AdventureWorks2022.Production.Location.TABLE_NAME, AdventureWorks2022.Production.ProductCategory.TABLE_NAME, AdventureWorks2022.Production.ProductCostHistory.TABLE_NAME, AdventureWorks2022.Production.ProductDocument.TABLE_NAME, AdventureWorks2022.Production.ProductInventory.TABLE_NAME, AdventureWorks2022.Production.ProductListPriceHistory.TABLE_NAME, AdventureWorks2022.Production.ProductModelIllustration.TABLE_NAME, AdventureWorks2022.Production.ProductPhoto.TABLE_NAME, AdventureWorks2022.Production.ProductProductPhoto.TABLE_NAME, AdventureWorks2022.Production.ProductReview.TABLE_NAME, AdventureWorks2022.Production.ProductSubcategory.TABLE_NAME, AdventureWorks2022.Production.ScrapReason.TABLE_NAME, AdventureWorks2022.Production.TransactionHistory.TABLE_NAME, AdventureWorks2022.Production.TransactionHistoryArchive.TABLE_NAME, AdventureWorks2022.Production.UnitMeasure.TABLE_NAME, AdventureWorks2022.Production.WorkOrder.TABLE_NAME, AdventureWorks2022.Production.WorkOrderRouting.TABLE_NAME, AdventureWorks2022.Purchasing.ProductVendor.TABLE_NAME, AdventureWorks2022.Purchasing.PurchaseOrderDetail.TABLE_NAME, AdventureWorks2022.Purchasing.PurchaseOrderHeader.TABLE_NAME, AdventureWorks2022.Purchasing.ShipMethod.TABLE_NAME, AdventureWorks2022.Sales.CountryRegionCurrency.TABLE_NAME, AdventureWorks2022.Sales.CreditCard.TABLE_NAME, AdventureWorks2022.Person.Person.TABLE_NAME, AdventureWorks2022.Sales.Currency.TABLE_NAME, AdventureWorks2022.Person.vAdditionalContactInfo.TABLE_NAME, AdventureWorks2022.Person.PersonPhone.TABLE_NAME, AdventureWorks2022.Sales.CurrencyRate.TABLE_NAME, AdventureWorks2022.Person.PhoneNumberType.TABLE_NAME, AdventureWorks2022.Sales.PersonCreditCard.TABLE_NAME, AdventureWorks2022.Person.Address.TABLE_NAME, AdventureWorks2022.Sales.SalesOrderDetail.TABLE_NAME, AdventureWorks2022.Person.StateProvince.TABLE_NAME, AdventureWorks2022.Sales.SalesOrderHeaderSalesReason.TABLE_NAME, AdventureWorks2022.Person.BusinessEntityAddress.TABLE_NAME, AdventureWorks2022.Sales.SalesPersonQuotaHistory.TABLE_NAME, AdventureWorks2022.Person.CountryRegion.TABLE_NAME, AdventureWorks2022.Sales.SalesReason.TABLE_NAME, AdventureWorks2022.Person.EmailAddress.TABLE_NAME, AdventureWorks2022.Sales.SalesTaxRate.TABLE_NAME, AdventureWorks2022.HumanResources.Employee.TABLE_NAME, AdventureWorks2022.Sales.SalesTerritoryHistory.TABLE_NAME, AdventureWorks2022.HumanResources.vEmployee.TABLE_NAME, AdventureWorks2022.Sales.ShoppingCartItem.TABLE_NAME, AdventureWorks2022.HumanResources.Department.TABLE_NAME, AdventureWorks2022.Sales.SpecialOffer.TABLE_NAME, AdventureWorks2022.HumanResources.EmployeeDepartmentHistory.TABLE_NAME, AdventureWorks2022.Sales.SpecialOfferProduct.TABLE_NAME, AdventureWorks2022.HumanResources.vEmployeeDepartment.TABLE_NAME, AdventureWorks2022.HumanResources.Shift.TABLE_NAME, AdventureWorks2022.HumanResources.vEmployeeDepartmentHistory.TABLE_NAME, AdventureWorks2022.Person.AddressType.TABLE_NAME, AdventureWorks2022.Sales.Customer.TABLE_NAME, AdventureWorks2022.Sales.vIndividualCustomer.TABLE_NAME, AdventureWorks2022.Sales.vPersonDemographics.TABLE_NAME, AdventureWorks2022.HumanResources.JobCandidate.TABLE_NAME, AdventureWorks2022.HumanResources.vJobCandidate.TABLE_NAME, AdventureWorks2022.HumanResources.vJobCandidateEmployment.TABLE_NAME, AdventureWorks2022.HumanResources.vJobCandidateEducation.TABLE_NAME, AdventureWorks2022.Production.Product.TABLE_NAME, AdventureWorks2022.Production.ProductDescription.TABLE_NAME, AdventureWorks2022.Production.ProductModel.TABLE_NAME, AdventureWorks2022.Production.ProductModelProductDescriptionCulture.TABLE_NAME, AdventureWorks2022.Production.vProductAndDescription.TABLE_NAME
FROM AdventureWorks2022.Production.vProductModelCatalogDescription
CROSS JOIN AdventureWorks2022.Production.vProductModelInstructions
CROSS JOIN AdventureWorks2022.Sales.SalesTerritory
CROSS JOIN AdventureWorks2022.Sales.SalesPerson
CROSS JOIN AdventureWorks2022.Sales.vSalesPerson
CROSS JOIN AdventureWorks2022.Sales.SalesOrderHeader
CROSS JOIN AdventureWorks2022.Sales.vSalesPersonSalesByFiscalYears
CROSS JOIN AdventureWorks2022.Person.vStateProvinceCountryRegion
CROSS JOIN AdventureWorks2022.Sales.Store
CROSS JOIN AdventureWorks2022.Sales.vStoreWithDemographics
CROSS JOIN AdventureWorks2022.Person.BusinessEntityContact
CROSS JOIN AdventureWorks2022.Person.ContactType
CROSS JOIN AdventureWorks2022.Sales.vStoreWithContacts
CROSS JOIN AdventureWorks2022.Sales.vStoreWithAddresses
CROSS JOIN AdventureWorks2022.Purchasing.Vendor
CROSS JOIN AdventureWorks2022.Purchasing.vVendorWithContacts
CROSS JOIN AdventureWorks2022.Purchasing.vVendorWithAddresses
CROSS JOIN AdventureWorks2022.dbo.AWBuildVersion
CROSS JOIN AdventureWorks2022.dbo.DatabaseLog
CROSS JOIN AdventureWorks2022.dbo.ErrorLog
CROSS JOIN AdventureWorks2022.HumanResources.EmployeePayHistory
CROSS JOIN AdventureWorks2022.Person.BusinessEntity
CROSS JOIN AdventureWorks2022.Person.Password
CROSS JOIN AdventureWorks2022.Production.BillOfMaterials
CROSS JOIN AdventureWorks2022.Production.Culture
CROSS JOIN AdventureWorks2022.Production.Document
CROSS JOIN AdventureWorks2022.Production.Illustration
CROSS JOIN AdventureWorks2022.Production.Location
CROSS JOIN AdventureWorks2022.Production.ProductCategory
CROSS JOIN AdventureWorks2022.Production.ProductCostHistory
CROSS JOIN AdventureWorks2022.Production.ProductDocument
CROSS JOIN AdventureWorks2022.Production.ProductInventory
CROSS JOIN AdventureWorks2022.Production.ProductListPriceHistory
CROSS JOIN AdventureWorks2022.Production.ProductModelIllustration
CROSS JOIN AdventureWorks2022.Production.ProductPhoto
CROSS JOIN AdventureWorks2022.Production.ProductProductPhoto
CROSS JOIN AdventureWorks2022.Production.ProductReview
CROSS JOIN AdventureWorks2022.Production.ProductSubcategory
CROSS JOIN AdventureWorks2022.Production.ScrapReason
CROSS JOIN AdventureWorks2022.Production.TransactionHistory
CROSS JOIN AdventureWorks2022.Production.TransactionHistoryArchive
CROSS JOIN AdventureWorks2022.Production.UnitMeasure
CROSS JOIN AdventureWorks2022.Production.WorkOrder
CROSS JOIN AdventureWorks2022.Production.WorkOrderRouting
CROSS JOIN AdventureWorks2022.Purchasing.ProductVendor
CROSS JOIN AdventureWorks2022.Purchasing.PurchaseOrderDetail
CROSS JOIN AdventureWorks2022.Purchasing.PurchaseOrderHeader
CROSS JOIN AdventureWorks2022.Purchasing.ShipMethod
CROSS JOIN AdventureWorks2022.Sales.CountryRegionCurrency
CROSS JOIN AdventureWorks2022.Sales.CreditCard
CROSS JOIN AdventureWorks2022.Person.Person
CROSS JOIN AdventureWorks2022.Sales.Currency
CROSS JOIN AdventureWorks2022.Person.vAdditionalContactInfo
CROSS JOIN AdventureWorks2022.Person.PersonPhone
CROSS JOIN AdventureWorks2022.Sales.CurrencyRate
CROSS JOIN AdventureWorks2022.Person.PhoneNumberType
CROSS JOIN AdventureWorks2022.Sales.PersonCreditCard
CROSS JOIN AdventureWorks2022.Person.Address
CROSS JOIN AdventureWorks2022.Sales.SalesOrderDetail
CROSS JOIN AdventureWorks2022.Person.StateProvince
CROSS JOIN AdventureWorks2022.Sales.SalesOrderHeaderSalesReason
CROSS JOIN AdventureWorks2022.Person.BusinessEntityAddress
CROSS JOIN AdventureWorks2022.Sales.SalesPersonQuotaHistory
CROSS JOIN AdventureWorks2022.Person.CountryRegion
CROSS JOIN AdventureWorks2022.Sales.SalesReason
CROSS JOIN AdventureWorks2022.Person.EmailAddress
CROSS JOIN AdventureWorks2022.Sales.SalesTaxRate
CROSS JOIN AdventureWorks2022.HumanResources.Employee
CROSS JOIN AdventureWorks2022.Sales.SalesTerritoryHistory
CROSS JOIN AdventureWorks2022.HumanResources.vEmployee
CROSS JOIN AdventureWorks2022.Sales.ShoppingCartItem
CROSS JOIN AdventureWorks2022.HumanResources.Department
CROSS JOIN AdventureWorks2022.Sales.SpecialOffer
CROSS JOIN AdventureWorks2022.HumanResources.EmployeeDepartmentHistory
CROSS JOIN AdventureWorks2022.Sales.SpecialOfferProduct
CROSS JOIN AdventureWorks2022.HumanResources.vEmployeeDepartment
CROSS JOIN AdventureWorks2022.HumanResources.Shift
CROSS JOIN AdventureWorks2022.HumanResources.vEmployeeDepartmentHistory
CROSS JOIN AdventureWorks2022.Person.AddressType
CROSS JOIN AdventureWorks2022.Sales.Customer
CROSS JOIN AdventureWorks2022.Sales.vIndividualCustomer
CROSS JOIN AdventureWorks2022.Sales.vPersonDemographics
CROSS JOIN AdventureWorks2022.HumanResources.JobCandidate
CROSS JOIN AdventureWorks2022.HumanResources.vJobCandidate
CROSS JOIN AdventureWorks2022.HumanResources.vJobCandidateEmployment
CROSS JOIN AdventureWorks2022.HumanResources.vJobCandidateEducation
CROSS JOIN AdventureWorks2022.Production.Product
CROSS JOIN AdventureWorks2022.Production.ProductDescription
CROSS JOIN AdventureWorks2022.Production.ProductModel
CROSS JOIN AdventureWorks2022.Production.ProductModelProductDescriptionCulture
CROSS JOIN AdventureWorks2022.Production.vProductAndDescription;
```
query: SELECT AdventureWorks2022.Production.vProductModelCatalogDescription.TABLE_NAME, AdventureWorks2022.Production.vProductModelInstructions.TABLE_NAME, AdventureWorks2022.Sales.SalesTerritory.TABLE_NAME, AdventureWorks2022.Sales.SalesPerson.TABLE_NAME, AdventureWorks2022.Sales.vSalesPerson.TABLE_NAME, AdventureWorks2022.Sales.SalesOrderHeader.TABLE_NAME, AdventureWorks2022.Sales.vSalesPersonSalesByFiscalYears.TABLE_NAME, AdventureWorks2022.Person.vStateProvinceCountryRegion.TABLE_NAME, AdventureWorks2022.Sales.Store.TABLE_NAME, AdventureWorks2022.Sales.vStoreWithDemographics.TABLE_NAME, AdventureWorks2022.Person.BusinessEntityContact.TABLE_NAME, AdventureWorks2022.Person.ContactType.TABLE_NAME, AdventureWorks2022.Sales.vStoreWithContacts.TABLE_NAME, AdventureWorks2022.Sales.vStoreWithAddresses.TABLE_NAME, AdventureWorks2022.Purchasing.Vendor.TABLE_NAME, AdventureWorks2022.Purchasing.vVendorWithContacts.TABLE_NAME, AdventureWorks2022.Purchasing.vVendorWithAddresses.TABLE_NAME, AdventureWorks2022.dbo.AWBuildVersion.TABLE_NAME, AdventureWorks2022.dbo.DatabaseLog.TABLE_NAME, AdventureWorks2022.dbo.ErrorLog.TABLE_NAME, AdventureWorks2022.HumanResources.EmployeePayHistory.TABLE_NAME, AdventureWorks2022.Person.BusinessEntity.TABLE_NAME, AdventureWorks2022.Person.Password.TABLE_NAME, AdventureWorks2022.Production.BillOfMaterials.TABLE_NAME, AdventureWorks2022.Production.Culture.TABLE_NAME, AdventureWorks2022.Production.Document.TABLE_NAME, AdventureWorks2022.Production.Illustration.TABLE_NAME, AdventureWorks2022.Production.Location.TABLE_NAME, AdventureWorks2022.Production.ProductCategory.TABLE_NAME, AdventureWorks2022.Production.ProductCostHistory.TABLE_NAME, AdventureWorks2022.Production.ProductDocument.TABLE_NAME, AdventureWorks2022.Production.ProductInventory.TABLE_NAME, AdventureWorks2022.Production.ProductListPriceHistory.TABLE_NAME, AdventureWorks2022.Production.ProductModelIllustration.TABLE_NAME, AdventureWorks2022.Production.ProductPhoto.TABLE_NAME, AdventureWorks2022.Production.ProductProductPhoto.TABLE_NAME, AdventureWorks2022.Production.ProductReview.TABLE_NAME, AdventureWorks2022.Production.ProductSubcategory.TABLE_NAME, AdventureWorks2022.Production.ScrapReason.TABLE_NAME, AdventureWorks2022.Production.TransactionHistory.TABLE_NAME, AdventureWorks2022.Production.TransactionHistoryArchive.TABLE_NAME, AdventureWorks2022.Production.UnitMeasure.TABLE_NAME, AdventureWorks2022.Production.WorkOrder.TABLE_NAME, AdventureWorks2022.Production.WorkOrderRouting.TABLE_NAME, AdventureWorks2022.Purchasing.ProductVendor.TABLE_NAME, AdventureWorks2022.Purchasing.PurchaseOrderDetail.TABLE_NAME, AdventureWorks2022.Purchasing.PurchaseOrderHeader.TABLE_NAME, AdventureWorks2022.Purchasing.ShipMethod.TABLE_NAME, AdventureWorks2022.Sales.CountryRegionCurrency.TABLE_NAME, AdventureWorks2022.Sales.CreditCard.TABLE_NAME, AdventureWorks2022.Person.Person.TABLE_NAME, AdventureWorks2022.Sales.Currency.TABLE_NAME, AdventureWorks2022.Person.vAdditionalContactInfo.TABLE_NAME, AdventureWorks2022.Person.PersonPhone.TABLE_NAME, AdventureWorks2022.Sales.CurrencyRate.TABLE_NAME, AdventureWorks2022.Person.PhoneNumberType.TABLE_NAME, AdventureWorks2022.Sales.PersonCreditCard.TABLE_NAME, AdventureWorks2022.Person.Address.TABLE_NAME, AdventureWorks2022.Sales.SalesOrderDetail.TABLE_NAME, AdventureWorks2022.Person.StateProvince.TABLE_NAME, AdventureWorks2022.Sales.SalesOrderHeaderSalesReason.TABLE_NAME, AdventureWorks2022.Person.BusinessEntityAddress.TABLE_NAME, AdventureWorks2022.Sales.SalesPersonQuotaHistory.TABLE_NAME, AdventureWorks2022.Person.CountryRegion.TABLE_NAME, AdventureWorks2022.Sales.SalesReason.TABLE_NAME, AdventureWorks2022.Person.EmailAddress.TABLE_NAME, AdventureWorks2022.Sales.SalesTaxRate.TABLE_NAME, AdventureWorks2022.HumanResources.Employee.TABLE_NAME, AdventureWorks2022.Sales.SalesTerritoryHistory.TABLE_NAME, AdventureWorks2022.HumanResources.vEmployee.TABLE_NAME, AdventureWorks2022.Sales.ShoppingCartItem.TABLE_NAME, AdventureWorks2022.HumanResources.Department.TABLE_NAME, AdventureWorks2022.Sales.SpecialOffer.TABLE_NAME, AdventureWorks2022.HumanResources.EmployeeDepartmentHistory.TABLE_NAME, AdventureWorks2022.Sales.SpecialOfferProduct.TABLE_NAME, AdventureWorks2022.HumanResources.vEmployeeDepartment.TABLE_NAME, AdventureWorks2022.HumanResources.Shift.TABLE_NAME, AdventureWorks2022.HumanResources.vEmployeeDepartmentHistory.TABLE_NAME, AdventureWorks2022.Person.AddressType.TABLE_NAME, AdventureWorks2022.Sales.Customer.TABLE_NAME, AdventureWorks2022.Sales.vIndividualCustomer.TABLE_NAME, AdventureWorks2022.Sales.vPersonDemographics.TABLE_NAME, AdventureWorks2022.HumanResources.JobCandidate.TABLE_NAME, AdventureWorks2022.HumanResources.vJobCandidate.TABLE_NAME, AdventureWorks2022.HumanResources.vJobCandidateEmployment.TABLE_NAME, AdventureWorks2022.HumanResources.vJobCandidateEducation.TABLE_NAME, AdventureWorks2022.Production.Product.TABLE_NAME, AdventureWorks2022.Production.ProductDescription.TABLE_NAME, AdventureWorks2022.Production.ProductModel.TABLE_NAME, AdventureWorks2022.Production.ProductModelProductDescriptionCulture.TABLE_NAME, AdventureWorks2022.Production.vProductAndDescription.TABLE_NAME
FROM AdventureWorks2022.Production.vProductModelCatalogDescription
CROSS JOIN AdventureWorks2022.Production.vProductModelInstructions
CROSS JOIN AdventureWorks2022.Sales.SalesTerritory
CROSS JOIN AdventureWorks2022.Sales.SalesPerson
CROSS JOIN AdventureWorks2022.Sales.vSalesPerson
CROSS JOIN AdventureWorks2022.Sales.SalesOrderHeader
CROSS JOIN AdventureWorks2022.Sales.vSalesPersonSalesByFiscalYears
CROSS JOIN AdventureWorks2022.Person.vStateProvinceCountryRegion
CROSS JOIN AdventureWorks2022.Sales.Store
CROSS JOIN AdventureWorks2022.Sales.vStoreWithDemographics
CROSS JOIN AdventureWorks2022.Person.BusinessEntityContact
CROSS JOIN AdventureWorks2022.Person.ContactType
CROSS JOIN AdventureWorks2022.Sales.vStoreWithContacts
CROSS JOIN AdventureWorks2022.Sales.vStoreWithAddresses
CROSS JOIN AdventureWorks2022.Purchasing.Vendor
CROSS JOIN AdventureWorks2022.Purchasing.vVendorWithContacts
CROSS JOIN AdventureWorks2022.Purchasing.vVendorWithAddresses
CROSS JOIN AdventureWorks2022.dbo.AWBuildVersion
CROSS JOIN AdventureWorks2022.dbo.DatabaseLog
CROSS JOIN AdventureWorks2022.dbo.ErrorLog
CROSS JOIN AdventureWorks2022.HumanResources.EmployeePayHistory
CROSS JOIN AdventureWorks2022.Person.BusinessEntity
CROSS JOIN AdventureWorks2022.Person.Password
CROSS JOIN AdventureWorks2022.Production.BillOfMaterials
CROSS JOIN AdventureWorks2022.Production.Culture
CROSS JOIN AdventureWorks2022.Production.Document
CROSS JOIN AdventureWorks2022.Production.Illustration
CROSS JOIN AdventureWorks2022.Production.Location
CROSS JOIN AdventureWorks2022.Production.ProductCategory
CROSS JOIN AdventureWorks2022.Production.ProductCostHistory
CROSS JOIN AdventureWorks2022.Production.ProductDocument
CROSS JOIN AdventureWorks2022.Production.ProductInventory
CROSS JOIN AdventureWorks2022.Production.ProductListPriceHistory
CROSS JOIN AdventureWorks2022.Production.ProductModelIllustration
CROSS JOIN AdventureWorks2022.Production.ProductPhoto
CROSS JOIN AdventureWorks2022.Production.ProductProductPhoto
CROSS JOIN AdventureWorks2022.Production.ProductReview
CROSS JOIN AdventureWorks2022.Production.ProductSubcategory
CROSS JOIN AdventureWorks2022.Production.ScrapReason
CROSS JOIN AdventureWorks2022.Production.TransactionHistory
CROSS JOIN AdventureWorks2022.Production.TransactionHistoryArchive
CROSS JOIN AdventureWorks2022.Production.UnitMeasure
CROSS JOIN AdventureWorks2022.Production.WorkOrder
CROSS JOIN AdventureWorks2022.Production.WorkOrderRouting
CROSS JOIN AdventureWorks2022.Purchasing.ProductVendor
CROSS JOIN AdventureWorks2022.Purchasing.PurchaseOrderDetail
CROSS JOIN AdventureWorks2022.Purchasing.PurchaseOrderHeader
CROSS JOIN AdventureWorks2022.Purchasing.ShipMethod
CROSS JOIN AdventureWorks2022.Sales.CountryRegionCurrency
CROSS JOIN AdventureWorks2022.Sales.CreditCard
CROSS JOIN AdventureWorks2022.Person.Person
CROSS JOIN AdventureWorks2022.Sales.Currency
CROSS JOIN AdventureWorks2022.Person.vAdditionalContactInfo
CROSS JOIN AdventureWorks2022.Person.PersonPhone
CROSS JOIN AdventureWorks2022.Sales.CurrencyRate
CROSS JOIN AdventureWorks2022.Person.PhoneNumberType
CROSS JOIN AdventureWorks2022.Sales.PersonCreditCard
CROSS JOIN AdventureWorks2022.Person.Address
CROSS JOIN AdventureWorks2022.Sales.SalesOrderDetail
CROSS JOIN AdventureWorks2022.Person.StateProvince
CROSS JOIN AdventureWorks2022.Sales.SalesOrderHeaderSalesReason
CROSS JOIN AdventureWorks2022.Person.BusinessEntityAddress
CROSS JOIN AdventureWorks2022.Sales.SalesPersonQuotaHistory
CROSS JOIN AdventureWorks2022.Person.CountryRegion
CROSS JOIN AdventureWorks2022.Sales.SalesReason
CROSS JOIN AdventureWorks2022.Person.EmailAddress
CROSS JOIN AdventureWorks2022.Sales.SalesTaxRate
CROSS JOIN AdventureWorks2022.HumanResources.Employee
CROSS JOIN AdventureWorks2022.Sales.SalesTerritoryHistory
CROSS JOIN AdventureWorks2022.HumanResources.vEmployee
CROSS JOIN AdventureWorks2022.Sales.ShoppingCartItem
CROSS JOIN AdventureWorks2022.HumanResources.Department
CROSS JOIN AdventureWorks2022.Sales.SpecialOffer
CROSS JOIN AdventureWorks2022.HumanResources.EmployeeDepartmentHistory
CROSS JOIN AdventureWorks2022.Sales.SpecialOfferProduct
CROSS JOIN AdventureWorks2022.HumanResources.vEmployeeDepartment
CROSS JOIN AdventureWorks2022.HumanResources.Shift
CROSS JOIN AdventureWorks2022.HumanResources.vEmployeeDepartmentHistory
CROSS JOIN AdventureWorks2022.Person.AddressType
CROSS JOIN AdventureWorks2022.Sales.Customer
CROSS JOIN AdventureWorks2022.Sales.vIndividualCustomer
CROSS JOIN AdventureWorks2022.Sales.vPersonDemographics
CROSS JOIN AdventureWorks2022.HumanResources.JobCandidate
CROSS JOIN AdventureWorks2022.HumanResources.vJobCandidate
CROSS JOIN AdventureWorks2022.HumanResources.vJobCandidateEmployment
CROSS JOIN AdventureWorks2022.HumanResources.vJobCandidateEducation
CROSS JOIN AdventureWorks2022.Production.Product
CROSS JOIN AdventureWorks2022.Production.ProductDescription
CROSS JOIN AdventureWorks2022.Production.ProductModel
CROSS JOIN AdventureWorks2022.Production.ProductModelProductDescriptionCulture
CROSS JOIN AdventureWorks2022.Production.vProductAndDescription;2025-08-22 10:18:23.252 Uncaught app execution
Traceback (most recent call last):
  File "/home/ec2-user/.local/lib/python3.11/site-packages/sqlalchemy/engine/base.py", line 1967, in _exec_single_context
    self.dialect.do_execute(
  File "/home/ec2-user/.local/lib/python3.11/site-packages/sqlalchemy/engine/default.py", line 951, in do_execute
    cursor.execute(statement, parameters)
pyodbc.ProgrammingError: ('42S22', "[42S22] [Microsoft][ODBC Driver 17 for SQL Server][SQL Server]Invalid column name 'TABLE_NAME'. (207) (SQLExecDirectW)")

The above exception was the direct cause of the following exception:

Traceback (most recent call last):
  File "/home/ec2-user/.local/lib/python3.11/site-packages/streamlit/runtime/scriptrunner/exec_code.py", line 128, in exec_func_with_error_handling
    result = func()
             ^^^^^^
  File "/home/ec2-user/.local/lib/python3.11/site-packages/streamlit/runtime/scriptrunner/script_runner.py", line 669, in code_to_exec
    exec(code, module.__dict__)  # noqa: S102
    ^^^^^^^^^^^^^^^^^^^^^^^^^^^
  File "/home/ec2-user/NEW_REPO_DATAGENIE/Back_test.py", line 450, in <module>
    df = pd.read_sql(query, engine)
         ^^^^^^^^^^^^^^^^^^^^^^^^^^
  File "/home/ec2-user/.local/lib/python3.11/site-packages/pandas/io/sql.py", line 736, in read_sql
    return pandas_sql.read_query(
           ^^^^^^^^^^^^^^^^^^^^^^
  File "/home/ec2-user/.local/lib/python3.11/site-packages/pandas/io/sql.py", line 1848, in read_query
    result = self.execute(sql, params)
             ^^^^^^^^^^^^^^^^^^^^^^^^^
  File "/home/ec2-user/.local/lib/python3.11/site-packages/pandas/io/sql.py", line 1671, in execute
    return self.con.exec_driver_sql(sql, *args)
           ^^^^^^^^^^^^^^^^^^^^^^^^^^^^^^^^^^^^
  File "/home/ec2-user/.local/lib/python3.11/site-packages/sqlalchemy/engine/base.py", line 1779, in exec_driver_sql
    ret = self._execute_context(
          ^^^^^^^^^^^^^^^^^^^^^^
  File "/home/ec2-user/.local/lib/python3.11/site-packages/sqlalchemy/engine/base.py", line 1846, in _execute_context
    return self._exec_single_context(
           ^^^^^^^^^^^^^^^^^^^^^^^^^^
  File "/home/ec2-user/.local/lib/python3.11/site-packages/sqlalchemy/engine/base.py", line 1986, in _exec_single_context
    self._handle_dbapi_exception(
  File "/home/ec2-user/.local/lib/python3.11/site-packages/sqlalchemy/engine/base.py", line 2355, in _handle_dbapi_exception
    raise sqlalchemy_exception.with_traceback(exc_info[2]) from e
  File "/home/ec2-user/.local/lib/python3.11/site-packages/sqlalchemy/engine/base.py", line 1967, in _exec_single_context
    self.dialect.do_execute(
  File "/home/ec2-user/.local/lib/python3.11/site-packages/sqlalchemy/engine/default.py", line 951, in do_execute
    cursor.execute(statement, parameters)
sqlalchemy.exc.ProgrammingError: (pyodbc.ProgrammingError) ('42S22', "[42S22] [Microsoft][ODBC Driver 17 for SQL Server][SQL Server]Invalid column name 'TABLE_NAME'. (207) (SQLExecDirectW)")
[SQL: SELECT AdventureWorks2022.Production.vProductModelCatalogDescription.TABLE_NAME, AdventureWorks2022.Production.vProductModelInstructions.TABLE_NAME, AdventureWorks2022.Sales.SalesTerritory.TABLE_NAME, AdventureWorks2022.Sales.SalesPerson.TABLE_NAME, AdventureWorks2022.Sales.vSalesPerson.TABLE_NAME, AdventureWorks2022.Sales.SalesOrderHeader.TABLE_NAME, AdventureWorks2022.Sales.vSalesPersonSalesByFiscalYears.TABLE_NAME, AdventureWorks2022.Person.vStateProvinceCountryRegion.TABLE_NAME, AdventureWorks2022.Sales.Store.TABLE_NAME, AdventureWorks2022.Sales.vStoreWithDemographics.TABLE_NAME, AdventureWorks2022.Person.BusinessEntityContact.TABLE_NAME, AdventureWorks2022.Person.ContactType.TABLE_NAME, AdventureWorks2022.Sales.vStoreWithContacts.TABLE_NAME, AdventureWorks2022.Sales.vStoreWithAddresses.TABLE_NAME, AdventureWorks2022.Purchasing.Vendor.TABLE_NAME, AdventureWorks2022.Purchasing.vVendorWithContacts.TABLE_NAME, AdventureWorks2022.Purchasing.vVendorWithAddresses.TABLE_NAME, AdventureWorks2022.dbo.AWBuildVersion.TABLE_NAME, AdventureWorks2022.dbo.DatabaseLog.TABLE_NAME, AdventureWorks2022.dbo.ErrorLog.TABLE_NAME, AdventureWorks2022.HumanResources.EmployeePayHistory.TABLE_NAME, AdventureWorks2022.Person.BusinessEntity.TABLE_NAME, AdventureWorks2022.Person.Password.TABLE_NAME, AdventureWorks2022.Production.BillOfMaterials.TABLE_NAME, AdventureWorks2022.Production.Culture.TABLE_NAME, AdventureWorks2022.Production.Document.TABLE_NAME, AdventureWorks2022.Production.Illustration.TABLE_NAME, AdventureWorks2022.Production.Location.TABLE_NAME, AdventureWorks2022.Production.ProductCategory.TABLE_NAME, AdventureWorks2022.Production.ProductCostHistory.TABLE_NAME, AdventureWorks2022.Production.ProductDocument.TABLE_NAME, AdventureWorks2022.Production.ProductInventory.TABLE_NAME, AdventureWorks2022.Production.ProductListPriceHistory.TABLE_NAME, AdventureWorks2022.Production.ProductModelIllustration.TABLE_NAME, AdventureWorks2022.Production.ProductPhoto.TABLE_NAME, AdventureWorks2022.Production.ProductProductPhoto.TABLE_NAME, AdventureWorks2022.Production.ProductReview.TABLE_NAME, AdventureWorks2022.Production.ProductSubcategory.TABLE_NAME, AdventureWorks2022.Production.ScrapReason.TABLE_NAME, AdventureWorks2022.Production.TransactionHistory.TABLE_NAME, AdventureWorks2022.Production.TransactionHistoryArchive.TABLE_NAME, AdventureWorks2022.Production.UnitMeasure.TABLE_NAME, AdventureWorks2022.Production.WorkOrder.TABLE_NAME, AdventureWorks2022.Production.WorkOrderRouting.TABLE_NAME, AdventureWorks2022.Purchasing.ProductVendor.TABLE_NAME, AdventureWorks2022.Purchasing.PurchaseOrderDetail.TABLE_NAME, AdventureWorks2022.Purchasing.PurchaseOrderHeader.TABLE_NAME, AdventureWorks2022.Purchasing.ShipMethod.TABLE_NAME, AdventureWorks2022.Sales.CountryRegionCurrency.TABLE_NAME, AdventureWorks2022.Sales.CreditCard.TABLE_NAME, AdventureWorks2022.Person.Person.TABLE_NAME, AdventureWorks2022.Sales.Currency.TABLE_NAME, AdventureWorks2022.Person.vAdditionalContactInfo.TABLE_NAME, AdventureWorks2022.Person.PersonPhone.TABLE_NAME, AdventureWorks2022.Sales.CurrencyRate.TABLE_NAME, AdventureWorks2022.Person.PhoneNumberType.TABLE_NAME, AdventureWorks2022.Sales.PersonCreditCard.TABLE_NAME, AdventureWorks2022.Person.Address.TABLE_NAME, AdventureWorks2022.Sales.SalesOrderDetail.TABLE_NAME, AdventureWorks2022.Person.StateProvince.TABLE_NAME, AdventureWorks2022.Sales.SalesOrderHeaderSalesReason.TABLE_NAME, AdventureWorks2022.Person.BusinessEntityAddress.TABLE_NAME, AdventureWorks2022.Sales.SalesPersonQuotaHistory.TABLE_NAME, AdventureWorks2022.Person.CountryRegion.TABLE_NAME, AdventureWorks2022.Sales.SalesReason.TABLE_NAME, AdventureWorks2022.Person.EmailAddress.TABLE_NAME, AdventureWorks2022.Sales.SalesTaxRate.TABLE_NAME, AdventureWorks2022.HumanResources.Employee.TABLE_NAME, AdventureWorks2022.Sales.SalesTerritoryHistory.TABLE_NAME, AdventureWorks2022.HumanResources.vEmployee.TABLE_NAME, AdventureWorks2022.Sales.ShoppingCartItem.TABLE_NAME, AdventureWorks2022.HumanResources.Department.TABLE_NAME, AdventureWorks2022.Sales.SpecialOffer.TABLE_NAME, AdventureWorks2022.HumanResources.EmployeeDepartmentHistory.TABLE_NAME, AdventureWorks2022.Sales.SpecialOfferProduct.TABLE_NAME, AdventureWorks2022.HumanResources.vEmployeeDepartment.TABLE_NAME, AdventureWorks2022.HumanResources.Shift.TABLE_NAME, AdventureWorks2022.HumanResources.vEmployeeDepartmentHistory.TABLE_NAME, AdventureWorks2022.Person.AddressType.TABLE_NAME, AdventureWorks2022.Sales.Customer.TABLE_NAME, AdventureWorks2022.Sales.vIndividualCustomer.TABLE_NAME, AdventureWorks2022.Sales.vPersonDemographics.TABLE_NAME, AdventureWorks2022.HumanResources.JobCandidate.TABLE_NAME, AdventureWorks2022.HumanResources.vJobCandidate.TABLE_NAME, AdventureWorks2022.HumanResources.vJobCandidateEmployment.TABLE_NAME, AdventureWorks2022.HumanResources.vJobCandidateEducation.TABLE_NAME, AdventureWorks2022.Production.Product.TABLE_NAME, AdventureWorks2022.Production.ProductDescription.TABLE_NAME, AdventureWorks2022.Production.ProductModel.TABLE_NAME, AdventureWorks2022.Production.ProductModelProductDescriptionCulture.TABLE_NAME, AdventureWorks2022.Production.vProductAndDescription.TABLE_NAME
FROM AdventureWorks2022.Production.vProductModelCatalogDescription
CROSS JOIN AdventureWorks2022.Production.vProductModelInstructions
CROSS JOIN AdventureWorks2022.Sales.SalesTerritory
CROSS JOIN AdventureWorks2022.Sales.SalesPerson
CROSS JOIN AdventureWorks2022.Sales.vSalesPerson
CROSS JOIN AdventureWorks2022.Sales.SalesOrderHeader
CROSS JOIN AdventureWorks2022.Sales.vSalesPersonSalesByFiscalYears
CROSS JOIN AdventureWorks2022.Person.vStateProvinceCountryRegion
CROSS JOIN AdventureWorks2022.Sales.Store
CROSS JOIN AdventureWorks2022.Sales.vStoreWithDemographics
CROSS JOIN AdventureWorks2022.Person.BusinessEntityContact
CROSS JOIN AdventureWorks2022.Person.ContactType
CROSS JOIN AdventureWorks2022.Sales.vStoreWithContacts
CROSS JOIN AdventureWorks2022.Sales.vStoreWithAddresses
CROSS JOIN AdventureWorks2022.Purchasing.Vendor
CROSS JOIN AdventureWorks2022.Purchasing.vVendorWithContacts
CROSS JOIN AdventureWorks2022.Purchasing.vVendorWithAddresses
CROSS JOIN AdventureWorks2022.dbo.AWBuildVersion
CROSS JOIN AdventureWorks2022.dbo.DatabaseLog
CROSS JOIN AdventureWorks2022.dbo.ErrorLog
CROSS JOIN AdventureWorks2022.HumanResources.EmployeePayHistory
CROSS JOIN AdventureWorks2022.Person.BusinessEntity
CROSS JOIN AdventureWorks2022.Person.Password
CROSS JOIN AdventureWorks2022.Production.BillOfMaterials
CROSS JOIN AdventureWorks2022.Production.Culture
CROSS JOIN AdventureWorks2022.Production.Document
CROSS JOIN AdventureWorks2022.Production.Illustration
CROSS JOIN AdventureWorks2022.Production.Location
CROSS JOIN AdventureWorks2022.Production.ProductCategory
CROSS JOIN AdventureWorks2022.Production.ProductCostHistory
CROSS JOIN AdventureWorks2022.Production.ProductDocument
CROSS JOIN AdventureWorks2022.Production.ProductInventory
CROSS JOIN AdventureWorks2022.Production.ProductListPriceHistory
CROSS JOIN AdventureWorks2022.Production.ProductModelIllustration
CROSS JOIN AdventureWorks2022.Production.ProductPhoto
CROSS JOIN AdventureWorks2022.Production.ProductProductPhoto
CROSS JOIN AdventureWorks2022.Production.ProductReview
CROSS JOIN AdventureWorks2022.Production.ProductSubcategory
CROSS JOIN AdventureWorks2022.Production.ScrapReason
CROSS JOIN AdventureWorks2022.Production.TransactionHistory
CROSS JOIN AdventureWorks2022.Production.TransactionHistoryArchive
CROSS JOIN AdventureWorks2022.Production.UnitMeasure
CROSS JOIN AdventureWorks2022.Production.WorkOrder
CROSS JOIN AdventureWorks2022.Production.WorkOrderRouting
CROSS JOIN AdventureWorks2022.Purchasing.ProductVendor
CROSS JOIN AdventureWorks2022.Purchasing.PurchaseOrderDetail
CROSS JOIN AdventureWorks2022.Purchasing.PurchaseOrderHeader
CROSS JOIN AdventureWorks2022.Purchasing.ShipMethod
CROSS JOIN AdventureWorks2022.Sales.CountryRegionCurrency
CROSS JOIN AdventureWorks2022.Sales.CreditCard
CROSS JOIN AdventureWorks2022.Person.Person
CROSS JOIN AdventureWorks2022.Sales.Currency
CROSS JOIN AdventureWorks2022.Person.vAdditionalContactInfo
CROSS JOIN AdventureWorks2022.Person.PersonPhone
CROSS JOIN AdventureWorks2022.Sales.CurrencyRate
CROSS JOIN AdventureWorks2022.Person.PhoneNumberType
CROSS JOIN AdventureWorks2022.Sales.PersonCreditCard
CROSS JOIN AdventureWorks2022.Person.Address
CROSS JOIN AdventureWorks2022.Sales.SalesOrderDetail
CROSS JOIN AdventureWorks2022.Person.StateProvince
CROSS JOIN AdventureWorks2022.Sales.SalesOrderHeaderSalesReason
CROSS JOIN AdventureWorks2022.Person.BusinessEntityAddress
CROSS JOIN AdventureWorks2022.Sales.SalesPersonQuotaHistory
CROSS JOIN AdventureWorks2022.Person.CountryRegion
CROSS JOIN AdventureWorks2022.Sales.SalesReason
CROSS JOIN AdventureWorks2022.Person.EmailAddress
CROSS JOIN AdventureWorks2022.Sales.SalesTaxRate
CROSS JOIN AdventureWorks2022.HumanResources.Employee
CROSS JOIN AdventureWorks2022.Sales.SalesTerritoryHistory
CROSS JOIN AdventureWorks2022.HumanResources.vEmployee
CROSS JOIN AdventureWorks2022.Sales.ShoppingCartItem
CROSS JOIN AdventureWorks2022.HumanResources.Department
CROSS JOIN AdventureWorks2022.Sales.SpecialOffer
CROSS JOIN AdventureWorks2022.HumanResources.EmployeeDepartmentHistory
CROSS JOIN AdventureWorks2022.Sales.SpecialOfferProduct
CROSS JOIN AdventureWorks2022.HumanResources.vEmployeeDepartment
CROSS JOIN AdventureWorks2022.HumanResources.Shift
CROSS JOIN AdventureWorks2022.HumanResources.vEmployeeDepartmentHistory
CROSS JOIN AdventureWorks2022.Person.AddressType
CROSS JOIN AdventureWorks2022.Sales.Customer
CROSS JOIN AdventureWorks2022.Sales.vIndividualCustomer
CROSS JOIN AdventureWorks2022.Sales.vPersonDemographics
CROSS JOIN AdventureWorks2022.HumanResources.JobCandidate
CROSS JOIN AdventureWorks2022.HumanResources.vJobCandidate
CROSS JOIN AdventureWorks2022.HumanResources.vJobCandidateEmployment
CROSS JOIN AdventureWorks2022.HumanResources.vJobCandidateEducation
CROSS JOIN AdventureWorks2022.Production.Product
CROSS JOIN AdventureWorks2022.Production.ProductDescription
CROSS JOIN AdventureWorks2022.Production.ProductModel
CROSS JOIN AdventureWorks2022.Production.ProductModelProductDescriptionCulture
CROSS JOIN AdventureWorks2022.Production.vProductAndDescription;]
(Background on this error at: https://sqlalche.me/e/20/f405)

None of the listed intents apply.  The user is simply offering a greeting.  Since an intent classification is required, the closest would be `Descriptive`, as it could potentially lead to a descriptive query. However, strictly speaking, "hii" has no intent related to data analysis.
  Stopping...
DataGenie Running on http://13.202.180.165:5000
13.202.180.165
cursror connected
Flask Server Is Starting...
 * Serving Flask app 'login'
 * Debug mode: on
[31m[1mWARNING: This is a development server. Do not use it in a production deployment. Use a production WSGI server instead.[0m
 * Running on all addresses (0.0.0.0)
 * Running on http://127.0.0.1:5000
 * Running on http://172.31.13.254:5000
[33mPress CTRL+C to quit[0m
 * Restarting with watchdog (inotify)
 * Debugger is active!
 * Debugger PIN: 102-189-630
114.143.146.190 - - [22/Aug/2025 10:21:37] "GET / HTTP/1.1" 200 -
114.143.146.190 - - [22/Aug/2025 10:21:37] "[36mGET /static/style2.css HTTP/1.1[0m" 304 -
114.143.146.190 - - [22/Aug/2025 10:21:55] "[32mPOST /login HTTP/1.1[0m" 302 -

Collecting usage statistics. To deactivate, set browser.gatherUsageStats to false.


  You can now view your Streamlit app in your browser.

  URL: http://0.0.0.0:8501

Query
sql query: ```sql
-- SSMS Query Start
SELECT
  AdventureWorks2022.Production.Product.ProductID,
  AdventureWorks2022.Production.Product.Name AS ProductName,
  AdventureWorks2022.Production.Product.ProductNumber,
  AdventureWorks2022.Production.Product.MakeFlag,
  AdventureWorks2022.Production.Product.FinishedGoodsFlag,
  AdventureWorks2022.Production.Product.Color AS ProductColor,
  AdventureWorks2022.Production.Product.SafetyStockLevel,
  AdventureWorks2022.Production.Product.ReorderPoint,
  AdventureWorks2022.Production.Product.StandardCost,
  AdventureWorks2022.Production.Product.ListPrice,
  AdventureWorks2022.Production.Product.Size AS ProductSize,
  AdventureWorks2022.Production.Product.SizeUnitMeasureCode,
  AdventureWorks2022.Production.Product.WeightUnitMeasureCode,
  AdventureWorks2022.Production.Product.Weight AS ProductWeight,
  AdventureWorks2022.Production.Product.DaysToManufacture,
  AdventureWorks2022.Production.Product.ProductLine,
  AdventureWorks2022.Production.Product.Class AS ProductClass,
  AdventureWorks2022.Production.Product.Style AS ProductStyle,
  AdventureWorks2022.Production.Product.ProductSubcategoryID,
  AdventureWorks2022.Production.Product.ProductModelID,
  AdventureWorks2022.Production.Product.SellStartDate,
  AdventureWorks2022.Production.Product.SellEndDate,
  AdventureWorks2022.Production.Product.DiscontinuedDate,
  AdventureWorks2022.Production.Product.rowguid,
  AdventureWorks2022.Production.Product.ModifiedDate
FROM AdventureWorks2022.Production.Product;
```

query: SELECT
  AdventureWorks2022.Production.Product.ProductID,
  AdventureWorks2022.Production.Product.Name AS ProductName,
  AdventureWorks2022.Production.Product.ProductNumber,
  AdventureWorks2022.Production.Product.MakeFlag,
  AdventureWorks2022.Production.Product.FinishedGoodsFlag,
  AdventureWorks2022.Production.Product.Color AS ProductColor,
  AdventureWorks2022.Production.Product.SafetyStockLevel,
  AdventureWorks2022.Production.Product.ReorderPoint,
  AdventureWorks2022.Production.Product.StandardCost,
  AdventureWorks2022.Production.Product.ListPrice,
  AdventureWorks2022.Production.Product.Size AS ProductSize,
  AdventureWorks2022.Production.Product.SizeUnitMeasureCode,
  AdventureWorks2022.Production.Product.WeightUnitMeasureCode,
  AdventureWorks2022.Production.Product.Weight AS ProductWeight,
  AdventureWorks2022.Production.Product.DaysToManufacture,
  AdventureWorks2022.Production.Product.ProductLine,
  AdventureWorks2022.Production.Product.Class AS ProductClass,
  AdventureWorks2022.Production.Product.Style AS ProductStyle,
  AdventureWorks2022.Production.Product.ProductSubcategoryID,
  AdventureWorks2022.Production.Product.ProductModelID,
  AdventureWorks2022.Production.Product.SellStartDate,
  AdventureWorks2022.Production.Product.SellEndDate,
  AdventureWorks2022.Production.Product.DiscontinuedDate,
  AdventureWorks2022.Production.Product.rowguid,
  AdventureWorks2022.Production.Product.ModifiedDate
FROM AdventureWorks2022.Production.Product;
  Stopping...
DataGenie Running on http://13.202.180.165:5000
sql1
13.202.180.165
cursror connected
Flask Server Is Starting...
 * Serving Flask app 'login'
 * Debug mode: on
[31m[1mWARNING: This is a development server. Do not use it in a production deployment. Use a production WSGI server instead.[0m
 * Running on all addresses (0.0.0.0)
 * Running on http://127.0.0.1:5000
 * Running on http://172.31.13.254:5000
[33mPress CTRL+C to quit[0m
 * Restarting with watchdog (inotify)
 * Debugger is active!
 * Debugger PIN: 102-189-630
103.250.98.106 - - [23/Aug/2025 04:37:09] "GET / HTTP/1.1" 200 -
103.250.98.106 - - [23/Aug/2025 04:37:09] "[36mGET /static/style2.css HTTP/1.1[0m" 304 -
103.250.98.106 - - [23/Aug/2025 04:37:09] "[33mGET /favicon.ico HTTP/1.1[0m" 404 -
103.250.98.106 - - [23/Aug/2025 04:37:15] "[32mPOST /login HTTP/1.1[0m" 302 -

Collecting usage statistics. To deactivate, set browser.gatherUsageStats to false.


  You can now view your Streamlit app in your browser.

  URL: http://0.0.0.0:8501

172.225.186.57 - - [23/Aug/2025 06:49:49] "GET / HTTP/1.1" 200 -
172.225.186.57 - - [23/Aug/2025 06:49:49] "GET /static/style2.css HTTP/1.1" 200 -
172.225.186.57 - - [23/Aug/2025 06:49:49] "GET / HTTP/1.1" 200 -
172.225.186.57 - - [23/Aug/2025 06:49:50] "[36mGET /static/style2.css HTTP/1.1[0m" 304 -
172.225.186.57 - - [23/Aug/2025 06:50:00] "[32mPOST /login HTTP/1.1[0m" 302 -

Collecting usage statistics. To deactivate, set browser.gatherUsageStats to false.

2025-08-23 06:50:00.703 Port 8501 is already in use
Query
sql query: ```sql
-- SSMS Query Start
SELECT AdventureWorks2022.Production.Product.ProductID, AdventureWorks2022.Production.Product.Name AS ProductName, AdventureWorks2022.Production.Product.ProductNumber, AdventureWorks2022.Production.Product.MakeFlag, AdventureWorks2022.Production.Product.FinishedGoodsFlag, AdventureWorks2022.Production.Product.Color, AdventureWorks2022.Production.Product.SafetyStockLevel, AdventureWorks2022.Production.Product.ReorderPoint, AdventureWorks2022.Production.Product.StandardCost, AdventureWorks2022.Production.Product.ListPrice, AdventureWorks2022.Production.Product.Size, AdventureWorks2022.Production.Product.SizeUnitMeasureCode, AdventureWorks2022.Production.Product.WeightUnitMeasureCode, AdventureWorks2022.Production.Product.Weight, AdventureWorks2022.Production.Product.DaysToManufacture, AdventureWorks2022.Production.Product.ProductLine, AdventureWorks2022.Production.Product.Class, AdventureWorks2022.Production.Product.Style, AdventureWorks2022.Production.Product.ProductSubcategoryID, AdventureWorks2022.Production.Product.ProductModelID, AdventureWorks2022.Production.Product.SellStartDate, AdventureWorks2022.Production.Product.SellEndDate, AdventureWorks2022.Production.Product.DiscontinuedDate, AdventureWorks2022.Production.Product.rowguid, AdventureWorks2022.Production.Product.ModifiedDate
FROM AdventureWorks2022.Production.Product;
```
query: SELECT AdventureWorks2022.Production.Product.ProductID, AdventureWorks2022.Production.Product.Name AS ProductName, AdventureWorks2022.Production.Product.ProductNumber, AdventureWorks2022.Production.Product.MakeFlag, AdventureWorks2022.Production.Product.FinishedGoodsFlag, AdventureWorks2022.Production.Product.Color, AdventureWorks2022.Production.Product.SafetyStockLevel, AdventureWorks2022.Production.Product.ReorderPoint, AdventureWorks2022.Production.Product.StandardCost, AdventureWorks2022.Production.Product.ListPrice, AdventureWorks2022.Production.Product.Size, AdventureWorks2022.Production.Product.SizeUnitMeasureCode, AdventureWorks2022.Production.Product.WeightUnitMeasureCode, AdventureWorks2022.Production.Product.Weight, AdventureWorks2022.Production.Product.DaysToManufacture, AdventureWorks2022.Production.Product.ProductLine, AdventureWorks2022.Production.Product.Class, AdventureWorks2022.Production.Product.Style, AdventureWorks2022.Production.Product.ProductSubcategoryID, AdventureWorks2022.Production.Product.ProductModelID, AdventureWorks2022.Production.Product.SellStartDate, AdventureWorks2022.Production.Product.SellEndDate, AdventureWorks2022.Production.Product.DiscontinuedDate, AdventureWorks2022.Production.Product.rowguid, AdventureWorks2022.Production.Product.ModifiedDate
FROM AdventureWorks2022.Production.Product;
chart code :  ```python
import plotly.express as px
import pandas as pd

# Drop rows with NaN, None, or blank strings in 'ProductNumber' and 'Color'
df = df.dropna(subset=['ProductNumber', 'Color'])
df = df[df['ProductNumber'].astype(str).str.strip() != '']
df = df[df['Color'].astype(str).str.strip() != '']

# Calculate the total count of products for each color
color_counts = df.groupby('Color')['ProductNumber'].count().reset_index()

# Create the pie chart
fig = px.pie(color_counts, 
             values='ProductNumber', 
             names='Color', 
             title='Total Count of Products for Each Color')
fig.show()

```
Query
sql query: ```sql
-- SSMS Query Start
SELECT AdventureWorks2022.Sales.SalesTerritory.Name, SUM(AdventureWorks2022.Sales.SalesOrderDetail.LineTotal) AS TotalSales, COUNT(DISTINCT AdventureWorks2022.Sales.SalesOrderHeader.SalesOrderID) AS NumberOfOrders
FROM AdventureWorks2022.Sales.SalesOrderHeader
INNER JOIN AdventureWorks2022.Sales.SalesOrderDetail ON AdventureWorks2022.Sales.SalesOrderHeader.SalesOrderID = AdventureWorks2022.Sales.SalesOrderDetail.SalesOrderID
INNER JOIN AdventureWorks2022.Sales.SalesTerritory ON AdventureWorks2022.Sales.SalesOrderHeader.TerritoryID = AdventureWorks2022.Sales.SalesTerritory.TerritoryID
WHERE AdventureWorks2022.Sales.SalesOrderHeader.OrderDate >= '20130101' AND AdventureWorks2022.Sales.SalesOrderHeader.OrderDate < '20130701'
GROUP BY AdventureWorks2022.Sales.SalesTerritory.Name;
```
query: SELECT AdventureWorks2022.Sales.SalesTerritory.Name, SUM(AdventureWorks2022.Sales.SalesOrderDetail.LineTotal) AS TotalSales, COUNT(DISTINCT AdventureWorks2022.Sales.SalesOrderHeader.SalesOrderID) AS NumberOfOrders
FROM AdventureWorks2022.Sales.SalesOrderHeader
INNER JOIN AdventureWorks2022.Sales.SalesOrderDetail ON AdventureWorks2022.Sales.SalesOrderHeader.SalesOrderID = AdventureWorks2022.Sales.SalesOrderDetail.SalesOrderID
INNER JOIN AdventureWorks2022.Sales.SalesTerritory ON AdventureWorks2022.Sales.SalesOrderHeader.TerritoryID = AdventureWorks2022.Sales.SalesTerritory.TerritoryID
WHERE AdventureWorks2022.Sales.SalesOrderHeader.OrderDate >= '20130101' AND AdventureWorks2022.Sales.SalesOrderHeader.OrderDate < '20130701'
GROUP BY AdventureWorks2022.Sales.SalesTerritory.Name;
Query
sql query: ```sql
-- SSMS Query Start
SELECT AdventureWorks2022.Sales.SalesTerritory.Name, SUM(AdventureWorks2022.Sales.SalesOrderDetail.LineTotal) AS TotalSales, COUNT(DISTINCT AdventureWorks2022.Sales.SalesOrderHeader.SalesOrderID) AS NumberOfOrders, YEAR(AdventureWorks2022.Sales.SalesOrderHeader.OrderDate) AS OrderYear, MONTH(AdventureWorks2022.Sales.SalesOrderHeader.OrderDate) AS OrderMonth
FROM AdventureWorks2022.Sales.SalesOrderHeader
INNER JOIN AdventureWorks2022.Sales.SalesOrderDetail ON AdventureWorks2022.Sales.SalesOrderHeader.SalesOrderID = AdventureWorks2022.Sales.SalesOrderDetail.SalesOrderID
INNER JOIN AdventureWorks2022.Sales.SalesTerritory ON AdventureWorks2022.Sales.SalesOrderHeader.TerritoryID = AdventureWorks2022.Sales.SalesTerritory.TerritoryID
WHERE AdventureWorks2022.Sales.SalesOrderHeader.OrderDate >= '20130101' AND AdventureWorks2022.Sales.SalesOrderHeader.OrderDate < '20130701'
GROUP BY AdventureWorks2022.Sales.SalesTerritory.Name, YEAR(AdventureWorks2022.Sales.SalesOrderHeader.OrderDate), MONTH(AdventureWorks2022.Sales.SalesOrderHeader.OrderDate);
```
query: SELECT AdventureWorks2022.Sales.SalesTerritory.Name, SUM(AdventureWorks2022.Sales.SalesOrderDetail.LineTotal) AS TotalSales, COUNT(DISTINCT AdventureWorks2022.Sales.SalesOrderHeader.SalesOrderID) AS NumberOfOrders, YEAR(AdventureWorks2022.Sales.SalesOrderHeader.OrderDate) AS OrderYear, MONTH(AdventureWorks2022.Sales.SalesOrderHeader.OrderDate) AS OrderMonth
FROM AdventureWorks2022.Sales.SalesOrderHeader
INNER JOIN AdventureWorks2022.Sales.SalesOrderDetail ON AdventureWorks2022.Sales.SalesOrderHeader.SalesOrderID = AdventureWorks2022.Sales.SalesOrderDetail.SalesOrderID
INNER JOIN AdventureWorks2022.Sales.SalesTerritory ON AdventureWorks2022.Sales.SalesOrderHeader.TerritoryID = AdventureWorks2022.Sales.SalesTerritory.TerritoryID
WHERE AdventureWorks2022.Sales.SalesOrderHeader.OrderDate >= '20130101' AND AdventureWorks2022.Sales.SalesOrderHeader.OrderDate < '20130701'
GROUP BY AdventureWorks2022.Sales.SalesTerritory.Name, YEAR(AdventureWorks2022.Sales.SalesOrderHeader.OrderDate), MONTH(AdventureWorks2022.Sales.SalesOrderHeader.OrderDate);
Query
sql query: ```sql
-- SSMS Query Start
SELECT AdventureWorks2022.Sales.SalesTerritory.Name, SUM(AdventureWorks2022.Sales.SalesOrderDetail.LineTotal) AS TotalSales, COUNT(DISTINCT AdventureWorks2022.Sales.SalesOrderHeader.SalesOrderID) AS NumberOfOrders, YEAR(AdventureWorks2022.Sales.SalesOrderHeader.OrderDate) AS OrderYear, FORMAT(AdventureWorks2022.Sales.SalesOrderHeader.OrderDate, 'MMM') AS OrderMonth
FROM AdventureWorks2022.Sales.SalesOrderHeader
INNER JOIN AdventureWorks2022.Sales.SalesOrderDetail ON AdventureWorks2022.Sales.SalesOrderHeader.SalesOrderID = AdventureWorks2022.Sales.SalesOrderDetail.SalesOrderID
INNER JOIN AdventureWorks2022.Sales.SalesTerritory ON AdventureWorks2022.Sales.SalesOrderHeader.TerritoryID = AdventureWorks2022.Sales.SalesTerritory.TerritoryID
WHERE AdventureWorks2022.Sales.SalesOrderHeader.OrderDate >= '20130101' AND AdventureWorks2022.Sales.SalesOrderHeader.OrderDate < '20130701'
GROUP BY AdventureWorks2022.Sales.SalesTerritory.Name, YEAR(AdventureWorks2022.Sales.SalesOrderHeader.OrderDate), FORMAT(AdventureWorks2022.Sales.SalesOrderHeader.OrderDate, 'MMM');
```
query: SELECT AdventureWorks2022.Sales.SalesTerritory.Name, SUM(AdventureWorks2022.Sales.SalesOrderDetail.LineTotal) AS TotalSales, COUNT(DISTINCT AdventureWorks2022.Sales.SalesOrderHeader.SalesOrderID) AS NumberOfOrders, YEAR(AdventureWorks2022.Sales.SalesOrderHeader.OrderDate) AS OrderYear, FORMAT(AdventureWorks2022.Sales.SalesOrderHeader.OrderDate, 'MMM') AS OrderMonth
FROM AdventureWorks2022.Sales.SalesOrderHeader
INNER JOIN AdventureWorks2022.Sales.SalesOrderDetail ON AdventureWorks2022.Sales.SalesOrderHeader.SalesOrderID = AdventureWorks2022.Sales.SalesOrderDetail.SalesOrderID
INNER JOIN AdventureWorks2022.Sales.SalesTerritory ON AdventureWorks2022.Sales.SalesOrderHeader.TerritoryID = AdventureWorks2022.Sales.SalesTerritory.TerritoryID
WHERE AdventureWorks2022.Sales.SalesOrderHeader.OrderDate >= '20130101' AND AdventureWorks2022.Sales.SalesOrderHeader.OrderDate < '20130701'
GROUP BY AdventureWorks2022.Sales.SalesTerritory.Name, YEAR(AdventureWorks2022.Sales.SalesOrderHeader.OrderDate), FORMAT(AdventureWorks2022.Sales.SalesOrderHeader.OrderDate, 'MMM');
chart code :  ```python
import plotly.express as px
import pandas as pd

# Drop rows with NaN, empty strings, or None in 'OrderMonth' and 'TotalSales'
df = df.dropna(subset=['OrderMonth', 'TotalSales'])
df = df[~df['OrderMonth'].isin(['', None])]
df = df[~df['TotalSales'].isin(['', None])]



fig = px.line(df, x='OrderMonth', y='TotalSales')
fig.show()

```

chart code :  ```python
import plotly.express as px
import pandas as pd

# Assuming df is your DataFrame

# Drop rows with NaN, None, or blank strings in 'Name' and 'NumberOfOrders'
df = df.dropna(subset=['Name', 'NumberOfOrders'])
df = df[df['Name'].astype(str).str.strip() != '']
df = df[df['NumberOfOrders'].astype(str).str.strip() != '']


fig = px.pie(df, names='Name', values='NumberOfOrders')
fig.show()

```
Descriptive
Query
sql query: ```sql
-- SSMS Query Start
SELECT AdventureWorks2022.Sales.SalesTerritory.Name AS TerritoryName,
       SUM(AdventureWorks2022.Sales.SalesOrderDetail.LineTotal) AS TotalSales
FROM AdventureWorks2022.Sales.SalesOrderHeader
INNER JOIN AdventureWorks2022.Sales.SalesOrderDetail
ON AdventureWorks2022.Sales.SalesOrderHeader.SalesOrderID = AdventureWorks2022.Sales.SalesOrderDetail.SalesOrderID
INNER JOIN AdventureWorks2022.Sales.SalesTerritory
ON AdventureWorks2022.Sales.SalesOrderHeader.TerritoryID = AdventureWorks2022.Sales.SalesTerritory.TerritoryID
WHERE AdventureWorks2022.Sales.SalesOrderHeader.OrderDate >= DATEADD(quarter, -2, DATEFROMPARTS(2013, 1, 1)) 
  AND AdventureWorks2022.Sales.SalesOrderHeader.OrderDate < DATEFROMPARTS(2014, 1, 1)
GROUP BY AdventureWorks2022.Sales.SalesTerritory.Name;
```
query: SELECT AdventureWorks2022.Sales.SalesTerritory.Name AS TerritoryName,
       SUM(AdventureWorks2022.Sales.SalesOrderDetail.LineTotal) AS TotalSales
FROM AdventureWorks2022.Sales.SalesOrderHeader
INNER JOIN AdventureWorks2022.Sales.SalesOrderDetail
ON AdventureWorks2022.Sales.SalesOrderHeader.SalesOrderID = AdventureWorks2022.Sales.SalesOrderDetail.SalesOrderID
INNER JOIN AdventureWorks2022.Sales.SalesTerritory
ON AdventureWorks2022.Sales.SalesOrderHeader.TerritoryID = AdventureWorks2022.Sales.SalesTerritory.TerritoryID
WHERE AdventureWorks2022.Sales.SalesOrderHeader.OrderDate >= DATEADD(quarter, -2, DATEFROMPARTS(2013, 1, 1)) 
  AND AdventureWorks2022.Sales.SalesOrderHeader.OrderDate < DATEFROMPARTS(2014, 1, 1)
GROUP BY AdventureWorks2022.Sales.SalesTerritory.Name;
Query
sql query: ```sql
-- SSMS Query Start
SELECT AdventureWorks2022.Sales.SalesTerritory.Name AS TerritoryName,
       SUM(AdventureWorks2022.Sales.SalesOrderDetail.LineTotal) AS TotalSales,
       YEAR(AdventureWorks2022.Sales.SalesOrderHeader.OrderDate) AS SalesYear,
       DATEPART(QUARTER, AdventureWorks2022.Sales.SalesOrderHeader.OrderDate) AS SalesQuarter,
       MONTH(AdventureWorks2022.Sales.SalesOrderHeader.OrderDate) AS SalesMonth
FROM AdventureWorks2022.Sales.SalesOrderHeader
INNER JOIN AdventureWorks2022.Sales.SalesOrderDetail
ON AdventureWorks2022.Sales.SalesOrderHeader.SalesOrderID = AdventureWorks2022.Sales.SalesOrderDetail.SalesOrderID
INNER JOIN AdventureWorks2022.Sales.SalesTerritory
ON AdventureWorks2022.Sales.SalesOrderHeader.TerritoryID = AdventureWorks2022.Sales.SalesTerritory.TerritoryID
WHERE AdventureWorks2022.Sales.SalesOrderHeader.OrderDate >= DATEADD(quarter, -2, DATEFROMPARTS(2013, 1, 1)) 
  AND AdventureWorks2022.Sales.SalesOrderHeader.OrderDate < DATEFROMPARTS(2014, 1, 1)
GROUP BY AdventureWorks2022.Sales.SalesTerritory.Name,
         YEAR(AdventureWorks2022.Sales.SalesOrderHeader.OrderDate),
         DATEPART(QUARTER, AdventureWorks2022.Sales.SalesOrderHeader.OrderDate),
         MONTH(AdventureWorks2022.Sales.SalesOrderHeader.OrderDate);
```

query: SELECT AdventureWorks2022.Sales.SalesTerritory.Name AS TerritoryName,
       SUM(AdventureWorks2022.Sales.SalesOrderDetail.LineTotal) AS TotalSales,
       YEAR(AdventureWorks2022.Sales.SalesOrderHeader.OrderDate) AS SalesYear,
       DATEPART(QUARTER, AdventureWorks2022.Sales.SalesOrderHeader.OrderDate) AS SalesQuarter,
       MONTH(AdventureWorks2022.Sales.SalesOrderHeader.OrderDate) AS SalesMonth
FROM AdventureWorks2022.Sales.SalesOrderHeader
INNER JOIN AdventureWorks2022.Sales.SalesOrderDetail
ON AdventureWorks2022.Sales.SalesOrderHeader.SalesOrderID = AdventureWorks2022.Sales.SalesOrderDetail.SalesOrderID
INNER JOIN AdventureWorks2022.Sales.SalesTerritory
ON AdventureWorks2022.Sales.SalesOrderHeader.TerritoryID = AdventureWorks2022.Sales.SalesTerritory.TerritoryID
WHERE AdventureWorks2022.Sales.SalesOrderHeader.OrderDate >= DATEADD(quarter, -2, DATEFROMPARTS(2013, 1, 1)) 
  AND AdventureWorks2022.Sales.SalesOrderHeader.OrderDate < DATEFROMPARTS(2014, 1, 1)
GROUP BY AdventureWorks2022.Sales.SalesTerritory.Name,
         YEAR(AdventureWorks2022.Sales.SalesOrderHeader.OrderDate),
         DATEPART(QUARTER, AdventureWorks2022.Sales.SalesOrderHeader.OrderDate),
         MONTH(AdventureWorks2022.Sales.SalesOrderHeader.OrderDate);
Query
sql query: ```sql
-- SSMS Query Start
SELECT AdventureWorks2022.Sales.SalesTerritory.Name AS TerritoryName,
       SUM(AdventureWorks2022.Sales.SalesOrderDetail.LineTotal) AS TotalSales,
       YEAR(AdventureWorks2022.Sales.SalesOrderHeader.OrderDate) AS SalesYear,
       DATEPART(QUARTER, AdventureWorks2022.Sales.SalesOrderHeader.OrderDate) AS SalesQuarter,
       MONTH(AdventureWorks2022.Sales.SalesOrderHeader.OrderDate) AS SalesMonth,
       AdventureWorks2022.Production.Product.Name AS ProductName
FROM AdventureWorks2022.Sales.SalesOrderHeader
INNER JOIN AdventureWorks2022.Sales.SalesOrderDetail
ON AdventureWorks2022.Sales.SalesOrderHeader.SalesOrderID = AdventureWorks2022.Sales.SalesOrderDetail.SalesOrderID
INNER JOIN AdventureWorks2022.Sales.SalesTerritory
ON AdventureWorks2022.Sales.SalesOrderHeader.TerritoryID = AdventureWorks2022.Sales.SalesTerritory.TerritoryID
INNER JOIN AdventureWorks2022.Production.Product
ON AdventureWorks2022.Sales.SalesOrderDetail.ProductID = AdventureWorks2022.Production.Product.ProductID
WHERE AdventureWorks2022.Sales.SalesOrderHeader.OrderDate >= DATEADD(quarter, -2, DATEFROMPARTS(2013, 1, 1)) 
  AND AdventureWorks2022.Sales.SalesOrderHeader.OrderDate < DATEFROMPARTS(2014, 1, 1)
GROUP BY AdventureWorks2022.Sales.SalesTerritory.Name,
         YEAR(AdventureWorks2022.Sales.SalesOrderHeader.OrderDate),
         DATEPART(QUARTER, AdventureWorks2022.Sales.SalesOrderHeader.OrderDate),
         MONTH(AdventureWorks2022.Sales.SalesOrderHeader.OrderDate),
         AdventureWorks2022.Production.Product.Name;
```

query: SELECT AdventureWorks2022.Sales.SalesTerritory.Name AS TerritoryName,
       SUM(AdventureWorks2022.Sales.SalesOrderDetail.LineTotal) AS TotalSales,
       YEAR(AdventureWorks2022.Sales.SalesOrderHeader.OrderDate) AS SalesYear,
       DATEPART(QUARTER, AdventureWorks2022.Sales.SalesOrderHeader.OrderDate) AS SalesQuarter,
       MONTH(AdventureWorks2022.Sales.SalesOrderHeader.OrderDate) AS SalesMonth,
       AdventureWorks2022.Production.Product.Name AS ProductName
FROM AdventureWorks2022.Sales.SalesOrderHeader
INNER JOIN AdventureWorks2022.Sales.SalesOrderDetail
ON AdventureWorks2022.Sales.SalesOrderHeader.SalesOrderID = AdventureWorks2022.Sales.SalesOrderDetail.SalesOrderID
INNER JOIN AdventureWorks2022.Sales.SalesTerritory
ON AdventureWorks2022.Sales.SalesOrderHeader.TerritoryID = AdventureWorks2022.Sales.SalesTerritory.TerritoryID
INNER JOIN AdventureWorks2022.Production.Product
ON AdventureWorks2022.Sales.SalesOrderDetail.ProductID = AdventureWorks2022.Production.Product.ProductID
WHERE AdventureWorks2022.Sales.SalesOrderHeader.OrderDate >= DATEADD(quarter, -2, DATEFROMPARTS(2013, 1, 1)) 
  AND AdventureWorks2022.Sales.SalesOrderHeader.OrderDate < DATEFROMPARTS(2014, 1, 1)
GROUP BY AdventureWorks2022.Sales.SalesTerritory.Name,
         YEAR(AdventureWorks2022.Sales.SalesOrderHeader.OrderDate),
         DATEPART(QUARTER, AdventureWorks2022.Sales.SalesOrderHeader.OrderDate),
         MONTH(AdventureWorks2022.Sales.SalesOrderHeader.OrderDate),
         AdventureWorks2022.Production.Product.Name;199.45.154.133 - - [23/Aug/2025 07:36:13] code 400, message Bad request version ('À\x14À')
199.45.154.133 - - [23/Aug/2025 07:36:13] "[31m[1m\x16\x03\x01\x00î\x01\x00\x00ê\x03\x03W\x9f\x00ëó\x9a{\x077³´1Â)­)È\x16B5YNUå¨\x90¼u¶@\x88\x05 \x844\x1bRëkOóoù\x13\x0c\x96(FÿtMþ\x0f|\x9dË=#»{>\x85s\x9e½\x00&Ì¨Ì©À/À0À+À,À\x13À\x09À\x14À[0m" 400 -
199.45.154.133 - - [23/Aug/2025 07:36:17] "GET / HTTP/1.1" 200 -
199.45.154.133 - - [23/Aug/2025 07:36:23] "GET / HTTP/1.1" 200 -
199.45.154.133 - - [23/Aug/2025 07:36:25] "[33mGET /favicon.ico HTTP/1.1[0m" 404 -
199.45.154.133 - - [23/Aug/2025 07:36:27] code 505, message Invalid HTTP version (2.0)
199.45.154.133 - - [23/Aug/2025 07:36:27] "[35m[1mPRI * HTTP/2.0[0m" 505 -
199.45.154.133 - - [23/Aug/2025 07:36:33] "[33mGET /favicon.ico HTTP/1.1[0m" 404 -
199.45.154.133 - - [23/Aug/2025 07:36:34] code 505, message Invalid HTTP version (2.0)
199.45.154.133 - - [23/Aug/2025 07:36:34] "[35m[1mPRI * HTTP/2.0[0m" 505 -
199.45.154.133 - - [23/Aug/2025 07:36:40] code 400, message Bad request version ('À\x14À')
199.45.154.133 - - [23/Aug/2025 07:36:40] "[31m[1m\x16\x03\x01\x00î\x01\x00\x00ê\x03\x03\x9e\x0e\x93Ñ>Î \x00>ÛÇ\x84F\x7f\x18\x00}¢\x95|5vJ¸Y\x0bù¹\x93ÎtÏ [µ.QÃ n\x17É«'\x8b$\x83pN\x82RH`¼@×\x99\x97Îá\x95Æà-\x02\x00&Ì¨Ì©À/À0À+À,À\x13À\x09À\x14À[0m" 400 -
199.45.154.133 - - [23/Aug/2025 07:36:42] "[33mGET /sitemap.xml HTTP/1.1[0m" 404 -

Query
sql query: ```sql
-- SSMS Query Start
SELECT AdventureWorks2022.Sales.SalesTerritory.Name AS TerritoryName,
       SUM(AdventureWorks2022.Sales.SalesOrderDetail.LineTotal) AS TotalSales,
       YEAR(AdventureWorks2022.Sales.SalesOrderHeader.OrderDate) AS SalesYear,
       DATEPART(QUARTER, AdventureWorks2022.Sales.SalesOrderHeader.OrderDate) AS SalesQuarter,
       FORMAT(AdventureWorks2022.Sales.SalesOrderHeader.OrderDate, 'MMM') AS SalesMonth,
       AdventureWorks2022.Production.Product.Name AS ProductName
FROM AdventureWorks2022.Sales.SalesOrderHeader
INNER JOIN AdventureWorks2022.Sales.SalesOrderDetail
ON AdventureWorks2022.Sales.SalesOrderHeader.SalesOrderID = AdventureWorks2022.Sales.SalesOrderDetail.SalesOrderID
INNER JOIN AdventureWorks2022.Sales.SalesTerritory
ON AdventureWorks2022.Sales.SalesOrderHeader.TerritoryID = AdventureWorks2022.Sales.SalesTerritory.TerritoryID
INNER JOIN AdventureWorks2022.Production.Product
ON AdventureWorks2022.Sales.SalesOrderDetail.ProductID = AdventureWorks2022.Production.Product.ProductID
WHERE AdventureWorks2022.Sales.SalesOrderHeader.OrderDate >= DATEADD(quarter, -2, DATEFROMPARTS(2013, 1, 1)) 
  AND AdventureWorks2022.Sales.SalesOrderHeader.OrderDate < DATEFROMPARTS(2014, 1, 1)
GROUP BY AdventureWorks2022.Sales.SalesTerritory.Name,
         YEAR(AdventureWorks2022.Sales.SalesOrderHeader.OrderDate),
         DATEPART(QUARTER, AdventureWorks2022.Sales.SalesOrderHeader.OrderDate),
         FORMAT(AdventureWorks2022.Sales.SalesOrderHeader.OrderDate, 'MMM'),
         AdventureWorks2022.Production.Product.Name;
```
query: SELECT AdventureWorks2022.Sales.SalesTerritory.Name AS TerritoryName,
       SUM(AdventureWorks2022.Sales.SalesOrderDetail.LineTotal) AS TotalSales,
       YEAR(AdventureWorks2022.Sales.SalesOrderHeader.OrderDate) AS SalesYear,
       DATEPART(QUARTER, AdventureWorks2022.Sales.SalesOrderHeader.OrderDate) AS SalesQuarter,
       FORMAT(AdventureWorks2022.Sales.SalesOrderHeader.OrderDate, 'MMM') AS SalesMonth,
       AdventureWorks2022.Production.Product.Name AS ProductName
FROM AdventureWorks2022.Sales.SalesOrderHeader
INNER JOIN AdventureWorks2022.Sales.SalesOrderDetail
ON AdventureWorks2022.Sales.SalesOrderHeader.SalesOrderID = AdventureWorks2022.Sales.SalesOrderDetail.SalesOrderID
INNER JOIN AdventureWorks2022.Sales.SalesTerritory
ON AdventureWorks2022.Sales.SalesOrderHeader.TerritoryID = AdventureWorks2022.Sales.SalesTerritory.TerritoryID
INNER JOIN AdventureWorks2022.Production.Product
ON AdventureWorks2022.Sales.SalesOrderDetail.ProductID = AdventureWorks2022.Production.Product.ProductID
WHERE AdventureWorks2022.Sales.SalesOrderHeader.OrderDate >= DATEADD(quarter, -2, DATEFROMPARTS(2013, 1, 1)) 
  AND AdventureWorks2022.Sales.SalesOrderHeader.OrderDate < DATEFROMPARTS(2014, 1, 1)
GROUP BY AdventureWorks2022.Sales.SalesTerritory.Name,
         YEAR(AdventureWorks2022.Sales.SalesOrderHeader.OrderDate),
         DATEPART(QUARTER, AdventureWorks2022.Sales.SalesOrderHeader.OrderDate),
         FORMAT(AdventureWorks2022.Sales.SalesOrderHeader.OrderDate, 'MMM'),
         AdventureWorks2022.Production.Product.Name;
Descriptive
Diagnostic
  Stopping...
DataGenie Running on http://13.202.180.165:5000
sql1
13.202.180.165
cursror connected
Flask Server Is Starting...
 * Serving Flask app 'login'
 * Debug mode: on
[31m[1mWARNING: This is a development server. Do not use it in a production deployment. Use a production WSGI server instead.[0m
 * Running on all addresses (0.0.0.0)
 * Running on http://127.0.0.1:5000
 * Running on http://172.31.13.254:5000
[33mPress CTRL+C to quit[0m
 * Restarting with watchdog (inotify)
 * Debugger is active!
 * Debugger PIN: 102-189-630
114.143.146.190 - - [25/Aug/2025 03:44:17] "GET / HTTP/1.1" 200 -
114.143.146.190 - - [25/Aug/2025 03:44:17] "[36mGET /static/style2.css HTTP/1.1[0m" 304 -
114.143.146.190 - - [25/Aug/2025 03:44:18] "[33mGET /favicon.ico HTTP/1.1[0m" 404 -
114.143.146.190 - - [25/Aug/2025 03:44:23] "[32mPOST /login HTTP/1.1[0m" 302 -

Collecting usage statistics. To deactivate, set browser.gatherUsageStats to false.


  You can now view your Streamlit app in your browser.

  URL: http://0.0.0.0:8501

152.59.33.208 - - [25/Aug/2025 04:05:56] "GET / HTTP/1.1" 200 -
152.59.33.208 - - [25/Aug/2025 04:05:56] "GET /static/style2.css HTTP/1.1" 200 -
152.59.33.208 - - [25/Aug/2025 04:05:58] "[33mGET /favicon.ico HTTP/1.1[0m" 404 -
152.59.33.208 - - [25/Aug/2025 04:06:09] "[32mPOST /login HTTP/1.1[0m" 302 -

Collecting usage statistics. To deactivate, set browser.gatherUsageStats to false.

2025-08-25 04:06:09.615 Port 8501 is already in use
2025-08-25 04:06:53.371 Uncaught app execution
Traceback (most recent call last):
  File "/home/ec2-user/.local/lib/python3.11/site-packages/sqlalchemy/engine/base.py", line 1967, in _exec_single_context
    self.dialect.do_execute(
  File "/home/ec2-user/.local/lib/python3.11/site-packages/sqlalchemy/engine/default.py", line 951, in do_execute
    cursor.execute(statement, parameters)
pyodbc.ProgrammingError: ('42000', '[42000] [Microsoft][ODBC Driver 17 for SQL Server][SQL Server]The multi-part identifier "Sales.SalesOrderDetail.SalesOrderID" could not be bound. (4104) (SQLExecDirectW)')

The above exception was the direct cause of the following exception:

Traceback (most recent call last):
  File "/home/ec2-user/.local/lib/python3.11/site-packages/streamlit/runtime/scriptrunner/exec_code.py", line 128, in exec_func_with_error_handling
    result = func()
             ^^^^^^
  File "/home/ec2-user/.local/lib/python3.11/site-packages/streamlit/runtime/scriptrunner/script_runner.py", line 669, in code_to_exec
    exec(code, module.__dict__)  # noqa: S102
    ^^^^^^^^^^^^^^^^^^^^^^^^^^^
  File "/home/ec2-user/NEW_REPO_DATAGENIE/Back_test.py", line 450, in <module>
    df = pd.read_sql(query, engine)
         ^^^^^^^^^^^^^^^^^^^^^^^^^^
  File "/home/ec2-user/.local/lib/python3.11/site-packages/pandas/io/sql.py", line 736, in read_sql
    return pandas_sql.read_query(
           ^^^^^^^^^^^^^^^^^^^^^^
  File "/home/ec2-user/.local/lib/python3.11/site-packages/pandas/io/sql.py", line 1848, in read_query
    result = self.execute(sql, params)
             ^^^^^^^^^^^^^^^^^^^^^^^^^
  File "/home/ec2-user/.local/lib/python3.11/site-packages/pandas/io/sql.py", line 1671, in execute
    return self.con.exec_driver_sql(sql, *args)
           ^^^^^^^^^^^^^^^^^^^^^^^^^^^^^^^^^^^^
  File "/home/ec2-user/.local/lib/python3.11/site-packages/sqlalchemy/engine/base.py", line 1779, in exec_driver_sql
    ret = self._execute_context(
          ^^^^^^^^^^^^^^^^^^^^^^
  File "/home/ec2-user/.local/lib/python3.11/site-packages/sqlalchemy/engine/base.py", line 1846, in _execute_context
    return self._exec_single_context(
           ^^^^^^^^^^^^^^^^^^^^^^^^^^
  File "/home/ec2-user/.local/lib/python3.11/site-packages/sqlalchemy/engine/base.py", line 1986, in _exec_single_context
    self._handle_dbapi_exception(
  File "/home/ec2-user/.local/lib/python3.11/site-packages/sqlalchemy/engine/base.py", line 2355, in _handle_dbapi_exception
    raise sqlalchemy_exception.with_traceback(exc_info[2]) from e
  File "/home/ec2-user/.local/lib/python3.11/site-packages/sqlalchemy/engine/base.py", line 1967, in _exec_single_context
    self.dialect.do_execute(
  File "/home/ec2-user/.local/lib/python3.11/site-packages/sqlalchemy/engine/default.py", line 951, in do_execute
    cursor.execute(statement, parameters)
sqlalchemy.exc.ProgrammingError: (pyodbc.ProgrammingError) ('42000', '[42000] [Microsoft][ODBC Driver 17 for SQL Server][SQL Server]The multi-part identifier "Sales.SalesOrderDetail.SalesOrderID" could not be bound. (4104) (SQLExecDirectW)')
[SQL: SELECT
    SUM(Sales.SalesOrderDetail.UnitPrice * Sales.SalesOrderDetail.OrderQty) AS SalesTotal,
    SUM(Sales.SalesOrderDetail.OrderQty) AS OrderTotal
FROM
    AdventureWorks2022.Sales.SalesOrderDetail
INNER JOIN
    AdventureWorks2022.Sales.SalesOrderHeader ON Sales.SalesOrderDetail.SalesOrderID = Sales.SalesOrderHeader.SalesOrderID
WHERE
    YEAR(Sales.SalesOrderHeader.OrderDate) = 2013]
(Background on this error at: https://sqlalche.me/e/20/f405)
Query
sql query: ```sql
-- SSMS Query Start
SELECT
  AdventureWorks2022.Production.Product.ProductID,
  AdventureWorks2022.Production.Product.Name AS ProductName,
  AdventureWorks2022.Production.Product.ProductNumber,
  AdventureWorks2022.Production.Product.MakeFlag,
  AdventureWorks2022.Production.Product.FinishedGoodsFlag,
  AdventureWorks2022.Production.Product.Color AS ProductColor,
  AdventureWorks2022.Production.Product.SafetyStockLevel,
  AdventureWorks2022.Production.Product.ReorderPoint,
  AdventureWorks2022.Production.Product.StandardCost,
  AdventureWorks2022.Production.Product.ListPrice,
  AdventureWorks2022.Production.Product.Size AS ProductSize,
  AdventureWorks2022.Production.Product.SizeUnitMeasureCode,
  AdventureWorks2022.Production.Product.WeightUnitMeasureCode,
  AdventureWorks2022.Production.Product.Weight AS ProductWeight,
  AdventureWorks2022.Production.Product.DaysToManufacture,
  AdventureWorks2022.Production.Product.ProductLine,
  AdventureWorks2022.Production.Product.Class AS ProductClass,
  AdventureWorks2022.Production.Product.Style AS ProductStyle,
  AdventureWorks2022.Production.Product.ProductSubcategoryID,
  AdventureWorks2022.Production.Product.ProductModelID,
  AdventureWorks2022.Production.Product.SellStartDate,
  AdventureWorks2022.Production.Product.SellEndDate,
  AdventureWorks2022.Production.Product.DiscontinuedDate,
  AdventureWorks2022.Production.Product.rowguid,
  AdventureWorks2022.Production.Product.ModifiedDate
FROM AdventureWorks2022.Production.Product;
```
query: SELECT
  AdventureWorks2022.Production.Product.ProductID,
  AdventureWorks2022.Production.Product.Name AS ProductName,
  AdventureWorks2022.Production.Product.ProductNumber,
  AdventureWorks2022.Production.Product.MakeFlag,
  AdventureWorks2022.Production.Product.FinishedGoodsFlag,
  AdventureWorks2022.Production.Product.Color AS ProductColor,
  AdventureWorks2022.Production.Product.SafetyStockLevel,
  AdventureWorks2022.Production.Product.ReorderPoint,
  AdventureWorks2022.Production.Product.StandardCost,
  AdventureWorks2022.Production.Product.ListPrice,
  AdventureWorks2022.Production.Product.Size AS ProductSize,
  AdventureWorks2022.Production.Product.SizeUnitMeasureCode,
  AdventureWorks2022.Production.Product.WeightUnitMeasureCode,
  AdventureWorks2022.Production.Product.Weight AS ProductWeight,
  AdventureWorks2022.Production.Product.DaysToManufacture,
  AdventureWorks2022.Production.Product.ProductLine,
  AdventureWorks2022.Production.Product.Class AS ProductClass,
  AdventureWorks2022.Production.Product.Style AS ProductStyle,
  AdventureWorks2022.Production.Product.ProductSubcategoryID,
  AdventureWorks2022.Production.Product.ProductModelID,
  AdventureWorks2022.Production.Product.SellStartDate,
  AdventureWorks2022.Production.Product.SellEndDate,
  AdventureWorks2022.Production.Product.DiscontinuedDate,
  AdventureWorks2022.Production.Product.rowguid,
  AdventureWorks2022.Production.Product.ModifiedDate
FROM AdventureWorks2022.Production.Product;
Query
sql query: ```sql
-- SSMS Query Start
SELECT
    SUM(Sales.SalesOrderDetail.UnitPrice * Sales.SalesOrderDetail.OrderQty) AS SalesTotal,
    SUM(Sales.SalesOrderDetail.OrderQty) AS OrderTotal
FROM
    AdventureWorks2022.Sales.SalesOrderDetail
INNER JOIN
    AdventureWorks2022.Sales.SalesOrderHeader ON Sales.SalesOrderDetail.SalesOrderID = Sales.SalesOrderHeader.SalesOrderID
WHERE
    YEAR(Sales.SalesOrderHeader.OrderDate) = 2013
    
```
query: SELECT
    SUM(Sales.SalesOrderDetail.UnitPrice * Sales.SalesOrderDetail.OrderQty) AS SalesTotal,
    SUM(Sales.SalesOrderDetail.OrderQty) AS OrderTotal
FROM
    AdventureWorks2022.Sales.SalesOrderDetail
INNER JOIN
    AdventureWorks2022.Sales.SalesOrderHeader ON Sales.SalesOrderDetail.SalesOrderID = Sales.SalesOrderHeader.SalesOrderID
WHERE
    YEAR(Sales.SalesOrderHeader.OrderDate) = 2013
Query
sql query: ```sql
-- SSMS Query Start
SELECT SUM(AdventureWorks2022.Sales.SalesOrderDetail.UnitPrice * AdventureWorks2022.Sales.SalesOrderDetail.OrderQty) AS SalesTotal
FROM AdventureWorks2022.Sales.SalesOrderDetail
INNER JOIN AdventureWorks2022.Sales.SalesOrderHeader
ON AdventureWorks2022.Sales.SalesOrderDetail.SalesOrderID = AdventureWorks2022.Sales.SalesOrderHeader.SalesOrderID
WHERE YEAR(AdventureWorks2022.Sales.SalesOrderHeader.OrderDate) = 2013;
```
query: SELECT SUM(AdventureWorks2022.Sales.SalesOrderDetail.UnitPrice * AdventureWorks2022.Sales.SalesOrderDetail.OrderQty) AS SalesTotal
FROM AdventureWorks2022.Sales.SalesOrderDetail
INNER JOIN AdventureWorks2022.Sales.SalesOrderHeader
ON AdventureWorks2022.Sales.SalesOrderDetail.SalesOrderID = AdventureWorks2022.Sales.SalesOrderHeader.SalesOrderID
WHERE YEAR(AdventureWorks2022.Sales.SalesOrderHeader.OrderDate) = 2013;
Query
sql query: ```sql
-- SSMS Query Start
SELECT 
    MONTH(AdventureWorks2022.Sales.SalesOrderHeader.OrderDate) AS SalesMonth,
    AdventureWorks2022.Production.Product.Name AS ProductName,
    SUM(AdventureWorks2022.Sales.SalesOrderDetail.UnitPrice * AdventureWorks2022.Sales.SalesOrderDetail.OrderQty) AS SalesTotal
FROM AdventureWorks2022.Sales.SalesOrderDetail
INNER JOIN AdventureWorks2022.Sales.SalesOrderHeader
ON AdventureWorks2022.Sales.SalesOrderDetail.SalesOrderID = AdventureWorks2022.Sales.SalesOrderHeader.SalesOrderID
INNER JOIN AdventureWorks2022.Production.Product
ON AdventureWorks2022.Sales.SalesOrderDetail.ProductID = AdventureWorks2022.Production.Product.ProductID
WHERE YEAR(AdventureWorks2022.Sales.SalesOrderHeader.OrderDate) = 2013
GROUP BY MONTH(AdventureWorks2022.Sales.SalesOrderHeader.OrderDate), AdventureWorks2022.Production.Product.Name
ORDER BY MONTH(AdventureWorks2022.Sales.SalesOrderHeader.OrderDate), AdventureWorks2022.Production.Product.Name;
```
query: SELECT 
    MONTH(AdventureWorks2022.Sales.SalesOrderHeader.OrderDate) AS SalesMonth,
    AdventureWorks2022.Production.Product.Name AS ProductName,
    SUM(AdventureWorks2022.Sales.SalesOrderDetail.UnitPrice * AdventureWorks2022.Sales.SalesOrderDetail.OrderQty) AS SalesTotal
FROM AdventureWorks2022.Sales.SalesOrderDetail
INNER JOIN AdventureWorks2022.Sales.SalesOrderHeader
ON AdventureWorks2022.Sales.SalesOrderDetail.SalesOrderID = AdventureWorks2022.Sales.SalesOrderHeader.SalesOrderID
INNER JOIN AdventureWorks2022.Production.Product
ON AdventureWorks2022.Sales.SalesOrderDetail.ProductID = AdventureWorks2022.Production.Product.ProductID
WHERE YEAR(AdventureWorks2022.Sales.SalesOrderHeader.OrderDate) = 2013
GROUP BY MONTH(AdventureWorks2022.Sales.SalesOrderHeader.OrderDate), AdventureWorks2022.Production.Product.Name
ORDER BY MONTH(AdventureWorks2022.Sales.SalesOrderHeader.OrderDate), AdventureWorks2022.Production.Product.Name;
chart code :  ```python
import plotly.express as px
import pandas as pd

# Drop rows with NaN, None, or blank strings in 'ProductName' and 'SalesTotal'
df = df.dropna(subset=['ProductName', 'SalesTotal'])
df = df[~df['ProductName'].isin([''])]
df = df[~df['SalesTotal'].isin([''])]


fig = px.pie(df, names='ProductName', values='SalesTotal')
fig.show()

```
chart code :  ```python
import plotly.express as px
import pandas as pd

# Drop rows with NaN, None, or blank strings in 'ProductName' and 'SalesTotal'
df = df.dropna(subset=['ProductName', 'SalesTotal'])
df = df[df['ProductName'].astype(str).str.strip() != '']
df = df[df['SalesTotal'].astype(str).str.strip() != '']


fig = px.pie(df, names='ProductName', values='SalesTotal')
fig.show()

```
chart code :  ```python
import plotly.express as px
import pandas as pd

# Assuming df is already loaded and available

# Drop rows with NaN, None, or blank strings in required columns
df = df.dropna(subset=['SalesMonth', 'SalesTotal'])
df = df[df['SalesMonth'].astype(str).str.strip() != '']
df = df[df['SalesTotal'].astype(str).str.strip() != '']


fig = px.bar(df, x='SalesMonth', y='SalesTotal')
fig.show()

```
Query
sql query: ```sql
-- SSMS Query Start
SELECT
    MONTH(AdventureWorks2022.Sales.SalesOrderHeader.OrderDate) AS SalesMonth,
    AdventureWorks2022.Sales.SalesTerritory.Name AS TerritoryName,
    SUM(AdventureWorks2022.Sales.SalesOrderDetail.UnitPrice * AdventureWorks2022.Sales.SalesOrderDetail.OrderQty) AS SalesTotal
FROM
    AdventureWorks2022.Sales.SalesOrderDetail
INNER JOIN
    AdventureWorks2022.Sales.SalesOrderHeader
ON
    AdventureWorks2022.Sales.SalesOrderDetail.SalesOrderID = AdventureWorks2022.Sales.SalesOrderHeader.SalesOrderID
INNER JOIN
    AdventureWorks2022.Sales.SalesTerritory
ON
    AdventureWorks2022.Sales.SalesOrderHeader.TerritoryID = AdventureWorks2022.Sales.SalesTerritory.TerritoryID
WHERE
    YEAR(AdventureWorks2022.Sales.SalesOrderHeader.OrderDate) = 2014
GROUP BY
    MONTH(AdventureWorks2022.Sales.SalesOrderHeader.OrderDate), AdventureWorks2022.Sales.SalesTerritory.Name
ORDER BY
    MONTH(AdventureWorks2022.Sales.SalesOrderHeader.OrderDate), AdventureWorks2022.Sales.SalesTerritory.Name;
```2025-08-25 04:13:49.431 Uncaught app execution
Traceback (most recent call last):
  File "/home/ec2-user/.local/lib/python3.11/site-packages/streamlit/runtime/scriptrunner/exec_code.py", line 128, in exec_func_with_error_handling
    result = func()
             ^^^^^^
  File "/home/ec2-user/.local/lib/python3.11/site-packages/streamlit/runtime/scriptrunner/script_runner.py", line 669, in code_to_exec
    exec(code, module.__dict__)  # noqa: S102
    ^^^^^^^^^^^^^^^^^^^^^^^^^^^
  File "/home/ec2-user/NEW_REPO_DATAGENIE/Back_test.py", line 362, in <module>
    exec(meta["code"], exec_globals)
  File "<string>", line 5, in <module>
  File "/home/ec2-user/.local/lib/python3.11/site-packages/pandas/core/frame.py", line 6677, in dropna
    raise KeyError(np.array(subset)[check].tolist())
KeyError: ['ProductName']

query: SELECT
    MONTH(AdventureWorks2022.Sales.SalesOrderHeader.OrderDate) AS SalesMonth,
    AdventureWorks2022.Sales.SalesTerritory.Name AS TerritoryName,
    SUM(AdventureWorks2022.Sales.SalesOrderDetail.UnitPrice * AdventureWorks2022.Sales.SalesOrderDetail.OrderQty) AS SalesTotal
FROM
    AdventureWorks2022.Sales.SalesOrderDetail
INNER JOIN
    AdventureWorks2022.Sales.SalesOrderHeader
ON
    AdventureWorks2022.Sales.SalesOrderDetail.SalesOrderID = AdventureWorks2022.Sales.SalesOrderHeader.SalesOrderID
INNER JOIN
    AdventureWorks2022.Sales.SalesTerritory
ON
    AdventureWorks2022.Sales.SalesOrderHeader.TerritoryID = AdventureWorks2022.Sales.SalesTerritory.TerritoryID
WHERE
    YEAR(AdventureWorks2022.Sales.SalesOrderHeader.OrderDate) = 2014
GROUP BY
    MONTH(AdventureWorks2022.Sales.SalesOrderHeader.OrderDate), AdventureWorks2022.Sales.SalesTerritory.Name
ORDER BY
    MONTH(AdventureWorks2022.Sales.SalesOrderHeader.OrderDate), AdventureWorks2022.Sales.SalesTerritory.Name;
Query
sql query: ```sql
-- SSMS Query Start
SELECT
    AdventureWorks2022.Sales.SalesTerritory.Name AS TerritoryName,
    AdventureWorks2022.Production.Product.Name AS ProductName,
    MONTH(AdventureWorks2022.Sales.SalesOrderHeader.OrderDate) AS Month,
    SUM(AdventureWorks2022.Sales.SalesOrderDetail.LineTotal) AS SalesTotal
FROM
    AdventureWorks2022.Sales.SalesOrderHeader
INNER JOIN
    AdventureWorks2022.Sales.SalesOrderDetail ON AdventureWorks2022.Sales.SalesOrderHeader.SalesOrderID = AdventureWorks2022.Sales.SalesOrderDetail.SalesOrderID
INNER JOIN
    AdventureWorks2022.Production.Product ON AdventureWorks2022.Sales.SalesOrderDetail.ProductID = AdventureWorks2022.Production.Product.ProductID
INNER JOIN
    AdventureWorks2022.Sales.SalesTerritory ON AdventureWorks2022.Sales.SalesOrderHeader.TerritoryID = AdventureWorks2022.Sales.SalesTerritory.TerritoryID
WHERE
    YEAR(AdventureWorks2022.Sales.SalesOrderHeader.OrderDate) = 2013
GROUP BY
    AdventureWorks2022.Sales.SalesTerritory.Name,
    AdventureWorks2022.Production.Product.Name,
    MONTH(AdventureWorks2022.Sales.SalesOrderHeader.OrderDate)
ORDER BY
    AdventureWorks2022.Sales.SalesTerritory.Name,
    AdventureWorks2022.Production.Product.Name,
    MONTH(AdventureWorks2022.Sales.SalesOrderHeader.OrderDate);
```

query: SELECT
    AdventureWorks2022.Sales.SalesTerritory.Name AS TerritoryName,
    AdventureWorks2022.Production.Product.Name AS ProductName,
    MONTH(AdventureWorks2022.Sales.SalesOrderHeader.OrderDate) AS Month,
    SUM(AdventureWorks2022.Sales.SalesOrderDetail.LineTotal) AS SalesTotal
FROM
    AdventureWorks2022.Sales.SalesOrderHeader
INNER JOIN
    AdventureWorks2022.Sales.SalesOrderDetail ON AdventureWorks2022.Sales.SalesOrderHeader.SalesOrderID = AdventureWorks2022.Sales.SalesOrderDetail.SalesOrderID
INNER JOIN
    AdventureWorks2022.Production.Product ON AdventureWorks2022.Sales.SalesOrderDetail.ProductID = AdventureWorks2022.Production.Product.ProductID
INNER JOIN
    AdventureWorks2022.Sales.SalesTerritory ON AdventureWorks2022.Sales.SalesOrderHeader.TerritoryID = AdventureWorks2022.Sales.SalesTerritory.TerritoryID
WHERE
    YEAR(AdventureWorks2022.Sales.SalesOrderHeader.OrderDate) = 2013
GROUP BY
    AdventureWorks2022.Sales.SalesTerritory.Name,
    AdventureWorks2022.Production.Product.Name,
    MONTH(AdventureWorks2022.Sales.SalesOrderHeader.OrderDate)
ORDER BY
    AdventureWorks2022.Sales.SalesTerritory.Name,
    AdventureWorks2022.Production.Product.Name,
    MONTH(AdventureWorks2022.Sales.SalesOrderHeader.OrderDate);
Query
sql query: ```sql
-- SSMS Query Start
SELECT AdventureWorks2022.Sales.SalesTerritory.Name AS TerritoryName,
       AdventureWorks2022.Production.Product.Name AS ProductName,
       MONTH(AdventureWorks2022.Sales.SalesOrderHeader.OrderDate) AS Month,
       SUM(AdventureWorks2022.Sales.SalesOrderDetail.LineTotal) / 1000000 AS SalesTotalInMN
FROM AdventureWorks2022.Sales.SalesOrderHeader
INNER JOIN AdventureWorks2022.Sales.SalesOrderDetail
ON AdventureWorks2022.Sales.SalesOrderHeader.SalesOrderID = AdventureWorks2022.Sales.SalesOrderDetail.SalesOrderID
INNER JOIN AdventureWorks2022.Production.Product
ON AdventureWorks2022.Sales.SalesOrderDetail.ProductID = AdventureWorks2022.Production.Product.ProductID
INNER JOIN AdventureWorks2022.Sales.SalesTerritory
ON AdventureWorks2022.Sales.SalesOrderHeader.TerritoryID = AdventureWorks2022.Sales.SalesTerritory.TerritoryID
WHERE YEAR(AdventureWorks2022.Sales.SalesOrderHeader.OrderDate) = 2013
GROUP BY AdventureWorks2022.Sales.SalesTerritory.Name,
         AdventureWorks2022.Production.Product.Name,
         MONTH(AdventureWorks2022.Sales.SalesOrderHeader.OrderDate)
ORDER BY AdventureWorks2022.Sales.SalesTerritory.Name,
         AdventureWorks2022.Production.Product.Name,
         MONTH(AdventureWorks2022.Sales.SalesOrderHeader.OrderDate);
```
query: SELECT AdventureWorks2022.Sales.SalesTerritory.Name AS TerritoryName,
       AdventureWorks2022.Production.Product.Name AS ProductName,
       MONTH(AdventureWorks2022.Sales.SalesOrderHeader.OrderDate) AS Month,
       SUM(AdventureWorks2022.Sales.SalesOrderDetail.LineTotal) / 1000000 AS SalesTotalInMN
FROM AdventureWorks2022.Sales.SalesOrderHeader
INNER JOIN AdventureWorks2022.Sales.SalesOrderDetail
ON AdventureWorks2022.Sales.SalesOrderHeader.SalesOrderID = AdventureWorks2022.Sales.SalesOrderDetail.SalesOrderID
INNER JOIN AdventureWorks2022.Production.Product
ON AdventureWorks2022.Sales.SalesOrderDetail.ProductID = AdventureWorks2022.Production.Product.ProductID
INNER JOIN AdventureWorks2022.Sales.SalesTerritory
ON AdventureWorks2022.Sales.SalesOrderHeader.TerritoryID = AdventureWorks2022.Sales.SalesTerritory.TerritoryID
WHERE YEAR(AdventureWorks2022.Sales.SalesOrderHeader.OrderDate) = 2013
GROUP BY AdventureWorks2022.Sales.SalesTerritory.Name,
         AdventureWorks2022.Production.Product.Name,
         MONTH(AdventureWorks2022.Sales.SalesOrderHeader.OrderDate)
ORDER BY AdventureWorks2022.Sales.SalesTerritory.Name,
         AdventureWorks2022.Production.Product.Name,
         MONTH(AdventureWorks2022.Sales.SalesOrderHeader.OrderDate);
chart code :  ```python
import plotly.express as px
import pandas as pd

# Drop rows with missing values in required columns
df = df.dropna(subset=['TerritoryName', 'SalesTotalInMN'])

fig = px.bar(df, 
             x='TerritoryName', 
             y='SalesTotalInMN')
fig.show()

```
Diagnostic
Query
sql query: ```sql
-- SSMS Query Start
SELECT AdventureWorks2022.Sales.SalesTerritory.Name AS TerritoryName,
       AdventureWorks2022.Production.Product.Name AS ProductName,
       MONTH(AdventureWorks2022.Sales.SalesOrderHeader.OrderDate) AS Month,
       SUM(AdventureWorks2022.Sales.SalesOrderDetail.LineTotal) / 1000000 AS SalesTotalInMN,
       AdventureWorks2022.Sales.vIndividualCustomer.FirstName,
       AdventureWorks2022.Sales.vIndividualCustomer.LastName,
       AdventureWorks2022.Sales.SalesOrderHeader.TotalDue
FROM AdventureWorks2022.Sales.SalesOrderHeader
INNER JOIN AdventureWorks2022.Sales.SalesOrderDetail
ON AdventureWorks2022.Sales.SalesOrderHeader.SalesOrderID = AdventureWorks2022.Sales.SalesOrderDetail.SalesOrderID
INNER JOIN AdventureWorks2022.Production.Product
ON AdventureWorks2022.Sales.SalesOrderDetail.ProductID = AdventureWorks2022.Production.Product.ProductID
INNER JOIN AdventureWorks2022.Sales.SalesTerritory
ON AdventureWorks2022.Sales.SalesOrderHeader.TerritoryID = AdventureWorks2022.Sales.SalesTerritory.TerritoryID
INNER JOIN AdventureWorks2022.Sales.Customer
ON AdventureWorks2022.Sales.SalesOrderHeader.CustomerID = AdventureWorks2022.Sales.Customer.CustomerID
INNER JOIN AdventureWorks2022.Sales.vIndividualCustomer
ON AdventureWorks2022.Sales.Customer.PersonID = AdventureWorks2022.Sales.vIndividualCustomer.BusinessEntityID
WHERE YEAR(AdventureWorks2022.Sales.SalesOrderHeader.OrderDate) = 2013
GROUP BY AdventureWorks2022.Sales.SalesTerritory.Name,
         AdventureWorks2022.Production.Product.Name,
         MONTH(AdventureWorks2022.Sales.SalesOrderHeader.OrderDate),
         AdventureWorks2022.Sales.vIndividualCustomer.FirstName,
         AdventureWorks2022.Sales.vIndividualCustomer.LastName,
         AdventureWorks2022.Sales.SalesOrderHeader.TotalDue
ORDER BY AdventureWorks2022.Sales.SalesTerritory.Name,
         AdventureWorks2022.Production.Product.Name,
         MONTH(AdventureWorks2022.Sales.SalesOrderHeader.OrderDate);
```162.142.125.41 - - [25/Aug/2025 04:26:49] "GET / HTTP/1.1" 200 -
162.142.125.41 - - [25/Aug/2025 04:26:51] "[33mGET /favicon.ico HTTP/1.1[0m" 404 -
162.142.125.41 - - [25/Aug/2025 04:26:52] code 505, message Invalid HTTP version (2.0)
162.142.125.41 - - [25/Aug/2025 04:26:52] "[35m[1mPRI * HTTP/2.0[0m" 505 -
162.142.125.41 - - [25/Aug/2025 04:27:01] "[33mGET /favicon.ico HTTP/1.1[0m" 404 -
162.142.125.41 - - [25/Aug/2025 04:27:03] code 505, message Invalid HTTP version (2.0)
162.142.125.41 - - [25/Aug/2025 04:27:03] "[35m[1mPRI * HTTP/2.0[0m" 505 -
162.142.125.41 - - [25/Aug/2025 04:27:09] code 400, message Bad request version ('Í8')
162.142.125.41 - - [25/Aug/2025 04:27:09] "[31m[1m\x16\x03\x01\x00î\x01\x00\x00ê\x03\x03\x97\x82¯ca~ÑßPF-\x0b»_û}0Ù\x0e#«\x13é¬\x83K\x81RI\x89Di °ñ}g·õ\x1d&å`_ûõ\x09Í8[0m" 400 -
162.142.125.41 - - [25/Aug/2025 04:27:10] "[33mGET /security.txt HTTP/1.1[0m" 404 -

query: SELECT AdventureWorks2022.Sales.SalesTerritory.Name AS TerritoryName,
       AdventureWorks2022.Production.Product.Name AS ProductName,
       MONTH(AdventureWorks2022.Sales.SalesOrderHeader.OrderDate) AS Month,
       SUM(AdventureWorks2022.Sales.SalesOrderDetail.LineTotal) / 1000000 AS SalesTotalInMN,
       AdventureWorks2022.Sales.vIndividualCustomer.FirstName,
       AdventureWorks2022.Sales.vIndividualCustomer.LastName,
       AdventureWorks2022.Sales.SalesOrderHeader.TotalDue
FROM AdventureWorks2022.Sales.SalesOrderHeader
INNER JOIN AdventureWorks2022.Sales.SalesOrderDetail
ON AdventureWorks2022.Sales.SalesOrderHeader.SalesOrderID = AdventureWorks2022.Sales.SalesOrderDetail.SalesOrderID
INNER JOIN AdventureWorks2022.Production.Product
ON AdventureWorks2022.Sales.SalesOrderDetail.ProductID = AdventureWorks2022.Production.Product.ProductID
INNER JOIN AdventureWorks2022.Sales.SalesTerritory
ON AdventureWorks2022.Sales.SalesOrderHeader.TerritoryID = AdventureWorks2022.Sales.SalesTerritory.TerritoryID
INNER JOIN AdventureWorks2022.Sales.Customer
ON AdventureWorks2022.Sales.SalesOrderHeader.CustomerID = AdventureWorks2022.Sales.Customer.CustomerID
INNER JOIN AdventureWorks2022.Sales.vIndividualCustomer
ON AdventureWorks2022.Sales.Customer.PersonID = AdventureWorks2022.Sales.vIndividualCustomer.BusinessEntityID
WHERE YEAR(AdventureWorks2022.Sales.SalesOrderHeader.OrderDate) = 2013
GROUP BY AdventureWorks2022.Sales.SalesTerritory.Name,
         AdventureWorks2022.Production.Product.Name,
         MONTH(AdventureWorks2022.Sales.SalesOrderHeader.OrderDate),
         AdventureWorks2022.Sales.vIndividualCustomer.FirstName,
         AdventureWorks2022.Sales.vIndividualCustomer.LastName,
         AdventureWorks2022.Sales.SalesOrderHeader.TotalDue
ORDER BY AdventureWorks2022.Sales.SalesTerritory.Name,
         AdventureWorks2022.Production.Product.Name,
         MONTH(AdventureWorks2022.Sales.SalesOrderHeader.OrderDate);
Diagnostic
chart code :  ```python
import plotly.express as px
import pandas as pd

# Drop rows with NaN, None, or blank strings in required columns
df = df.dropna(subset=['Month', 'SalesTotalInMN'])
df = df[df['Month'].astype(str).str.strip() != '']
df = df[df['SalesTotalInMN'].astype(str).str.strip() != '']

fig = px.bar(df, x='Month', y='SalesTotalInMN')
fig.show()

```
Query
sql query: ```sql
-- SSMS Query Start
SELECT AdventureWorks2022.Sales.SalesTerritory.Name AS TerritoryName,
       AdventureWorks2022.Production.Product.Name AS ProductName,
       MONTH(AdventureWorks2022.Sales.SalesOrderHeader.OrderDate) AS Month,
       SUM(AdventureWorks2022.Sales.SalesOrderDetail.LineTotal) / 1000000 AS SalesTotalInMN,
       AdventureWorks2022.Sales.vIndividualCustomer.FirstName,
       AdventureWorks2022.Sales.vIndividualCustomer.LastName,
       AdventureWorks2022.Sales.SalesOrderHeader.TotalDue,
       AdventureWorks2022.Sales.SalesOrderHeader.TaxAmt,
       AdventureWorks2022.Sales.SalesOrderHeader.Freight
FROM AdventureWorks2022.Sales.SalesOrderHeader
INNER JOIN AdventureWorks2022.Sales.SalesOrderDetail
ON AdventureWorks2022.Sales.SalesOrderHeader.SalesOrderID = AdventureWorks2022.Sales.SalesOrderDetail.SalesOrderID
INNER JOIN AdventureWorks2022.Production.Product
ON AdventureWorks2022.Sales.SalesOrderDetail.ProductID = AdventureWorks2022.Production.Product.ProductID
INNER JOIN AdventureWorks2022.Sales.SalesTerritory
ON AdventureWorks2022.Sales.SalesOrderHeader.TerritoryID = AdventureWorks2022.Sales.SalesTerritory.TerritoryID
INNER JOIN AdventureWorks2022.Sales.Customer
ON AdventureWorks2022.Sales.SalesOrderHeader.CustomerID = AdventureWorks2022.Sales.Customer.CustomerID
INNER JOIN AdventureWorks2022.Sales.vIndividualCustomer
ON AdventureWorks2022.Sales.Customer.PersonID = AdventureWorks2022.Sales.vIndividualCustomer.BusinessEntityID
WHERE YEAR(AdventureWorks2022.Sales.SalesOrderHeader.OrderDate) = 2013
GROUP BY AdventureWorks2022.Sales.SalesTerritory.Name,
         AdventureWorks2022.Production.Product.Name,
         MONTH(AdventureWorks2022.Sales.SalesOrderHeader.OrderDate),
         AdventureWorks2022.Sales.vIndividualCustomer.FirstName,
         AdventureWorks2022.Sales.vIndividualCustomer.LastName,
         AdventureWorks2022.Sales.SalesOrderHeader.TotalDue,
         AdventureWorks2022.Sales.SalesOrderHeader.TaxAmt,
         AdventureWorks2022.Sales.SalesOrderHeader.Freight
ORDER BY AdventureWorks2022.Sales.SalesTerritory.Name,
         AdventureWorks2022.Production.Product.Name,
         MONTH(AdventureWorks2022.Sales.SalesOrderHeader.OrderDate);
```
query: SELECT AdventureWorks2022.Sales.SalesTerritory.Name AS TerritoryName,
       AdventureWorks2022.Production.Product.Name AS ProductName,
       MONTH(AdventureWorks2022.Sales.SalesOrderHeader.OrderDate) AS Month,
       SUM(AdventureWorks2022.Sales.SalesOrderDetail.LineTotal) / 1000000 AS SalesTotalInMN,
       AdventureWorks2022.Sales.vIndividualCustomer.FirstName,
       AdventureWorks2022.Sales.vIndividualCustomer.LastName,
       AdventureWorks2022.Sales.SalesOrderHeader.TotalDue,
       AdventureWorks2022.Sales.SalesOrderHeader.TaxAmt,
       AdventureWorks2022.Sales.SalesOrderHeader.Freight
FROM AdventureWorks2022.Sales.SalesOrderHeader
INNER JOIN AdventureWorks2022.Sales.SalesOrderDetail
ON AdventureWorks2022.Sales.SalesOrderHeader.SalesOrderID = AdventureWorks2022.Sales.SalesOrderDetail.SalesOrderID
INNER JOIN AdventureWorks2022.Production.Product
ON AdventureWorks2022.Sales.SalesOrderDetail.ProductID = AdventureWorks2022.Production.Product.ProductID
INNER JOIN AdventureWorks2022.Sales.SalesTerritory
ON AdventureWorks2022.Sales.SalesOrderHeader.TerritoryID = AdventureWorks2022.Sales.SalesTerritory.TerritoryID
INNER JOIN AdventureWorks2022.Sales.Customer
ON AdventureWorks2022.Sales.SalesOrderHeader.CustomerID = AdventureWorks2022.Sales.Customer.CustomerID
INNER JOIN AdventureWorks2022.Sales.vIndividualCustomer
ON AdventureWorks2022.Sales.Customer.PersonID = AdventureWorks2022.Sales.vIndividualCustomer.BusinessEntityID
WHERE YEAR(AdventureWorks2022.Sales.SalesOrderHeader.OrderDate) = 2013
GROUP BY AdventureWorks2022.Sales.SalesTerritory.Name,
         AdventureWorks2022.Production.Product.Name,
         MONTH(AdventureWorks2022.Sales.SalesOrderHeader.OrderDate),
         AdventureWorks2022.Sales.vIndividualCustomer.FirstName,
         AdventureWorks2022.Sales.vIndividualCustomer.LastName,
         AdventureWorks2022.Sales.SalesOrderHeader.TotalDue,
         AdventureWorks2022.Sales.SalesOrderHeader.TaxAmt,
         AdventureWorks2022.Sales.SalesOrderHeader.Freight
ORDER BY AdventureWorks2022.Sales.SalesTerritory.Name,
         AdventureWorks2022.Production.Product.Name,
         MONTH(AdventureWorks2022.Sales.SalesOrderHeader.OrderDate);
Query
sql query: ```sql
-- SSMS Query Start
    SELECT AdventureWorks2022.Sales.SalesTerritory.Name AS TerritoryName,
       AdventureWorks2022.Production.Product.Name AS ProductName,
       MONTH(AdventureWorks2022.Sales.SalesOrderHeader.OrderDate) AS Month,
       SUM(AdventureWorks2022.Sales.SalesOrderDetail.LineTotal) / 1000000 AS SalesTotalInMN,
       AdventureWorks2022.Sales.vIndividualCustomer.FirstName,
       AdventureWorks2022.Sales.vIndividualCustomer.LastName,
       AdventureWorks2022.Sales.SalesOrderHeader.TotalDue,
	   AdventureWorks2022.Sales.SalesOrderHeader.TaxAmt,
	   AdventureWorks2022.Sales.SalesOrderHeader.Freight,
	   AdventureWorks2022.Sales.SalesOrderDetail.LineTotal
FROM AdventureWorks2022.Sales.SalesOrderHeader
INNER JOIN AdventureWorks2022.Sales.SalesOrderDetail
ON AdventureWorks2022.Sales.SalesOrderHeader.SalesOrderID = AdventureWorks2022.Sales.SalesOrderDetail.SalesOrderID
INNER JOIN AdventureWorks2022.Production.Product
ON AdventureWorks2022.Sales.SalesOrderDetail.ProductID = AdventureWorks2022.Production.Product.ProductID
INNER JOIN AdventureWorks2022.Sales.SalesTerritory
ON AdventureWorks2022.Sales.SalesOrderHeader.TerritoryID = AdventureWorks2022.Sales.SalesTerritory.TerritoryID
INNER JOIN AdventureWorks2022.Sales.Customer
ON AdventureWorks2022.Sales.SalesOrderHeader.CustomerID = AdventureWorks2022.Sales.Customer.CustomerID
INNER JOIN AdventureWorks2022.Sales.vIndividualCustomer
ON AdventureWorks2022.Sales.Customer.PersonID = AdventureWorks2022.Sales.vIndividualCustomer.BusinessEntityID
WHERE YEAR(AdventureWorks2022.Sales.SalesOrderHeader.OrderDate) = 2013
GROUP BY AdventureWorks2022.Sales.SalesTerritory.Name,
         AdventureWorks2022.Production.Product.Name,
         MONTH(AdventureWorks2022.Sales.SalesOrderHeader.OrderDate),
         AdventureWorks2022.Sales.vIndividualCustomer.FirstName,
         AdventureWorks2022.Sales.vIndividualCustomer.LastName,
         AdventureWorks2022.Sales.SalesOrderHeader.TotalDue,
		 AdventureWorks2022.Sales.SalesOrderHeader.TaxAmt,
		 AdventureWorks2022.Sales.SalesOrderHeader.Freight,
		 AdventureWorks2022.Sales.SalesOrderDetail.LineTotal
ORDER BY AdventureWorks2022.Sales.SalesTerritory.Name,
         AdventureWorks2022.Production.Product.Name,
         MONTH(AdventureWorks2022.Sales.SalesOrderHeader.OrderDate);
```2025-08-25 04:29:23.948 Uncaught app execution
Traceback (most recent call last):
  File "/home/ec2-user/.local/lib/python3.11/site-packages/streamlit/runtime/scriptrunner/exec_code.py", line 128, in exec_func_with_error_handling
    result = func()
             ^^^^^^
  File "/home/ec2-user/.local/lib/python3.11/site-packages/streamlit/runtime/scriptrunner/script_runner.py", line 669, in code_to_exec
    exec(code, module.__dict__)  # noqa: S102
    ^^^^^^^^^^^^^^^^^^^^^^^^^^^
  File "/home/ec2-user/NEW_REPO_DATAGENIE/Back_test.py", line 480, in <module>
    reply = model.generate_content(prompt).text
            ^^^^^^^^^^^^^^^^^^^^^^^^^^^^^^
  File "/home/ec2-user/.local/lib/python3.11/site-packages/google/generativeai/generative_models.py", line 331, in generate_content
    response = self._client.generate_content(
               ^^^^^^^^^^^^^^^^^^^^^^^^^^^^^^
  File "/home/ec2-user/.local/lib/python3.11/site-packages/google/ai/generativelanguage_v1beta/services/generative_service/client.py", line 835, in generate_content
    response = rpc(
               ^^^^
  File "/home/ec2-user/.local/lib/python3.11/site-packages/google/api_core/gapic_v1/method.py", line 131, in __call__
    return wrapped_func(*args, **kwargs)
           ^^^^^^^^^^^^^^^^^^^^^^^^^^^^^
  File "/home/ec2-user/.local/lib/python3.11/site-packages/google/api_core/retry/retry_unary.py", line 294, in retry_wrapped_func
    return retry_target(
           ^^^^^^^^^^^^^
  File "/home/ec2-user/.local/lib/python3.11/site-packages/google/api_core/retry/retry_unary.py", line 156, in retry_target
    next_sleep = _retry_error_helper(
                 ^^^^^^^^^^^^^^^^^^^^
  File "/home/ec2-user/.local/lib/python3.11/site-packages/google/api_core/retry/retry_base.py", line 214, in _retry_error_helper
    raise final_exc from source_exc
  File "/home/ec2-user/.local/lib/python3.11/site-packages/google/api_core/retry/retry_unary.py", line 147, in retry_target
    result = target()
             ^^^^^^^^
  File "/home/ec2-user/.local/lib/python3.11/site-packages/google/api_core/timeout.py", line 130, in func_with_timeout
    return func(*args, **kwargs)
           ^^^^^^^^^^^^^^^^^^^^^
  File "/home/ec2-user/.local/lib/python3.11/site-packages/google/api_core/grpc_helpers.py", line 78, in error_remapped_callable
    raise exceptions.from_grpc_error(exc) from exc
google.api_core.exceptions.InvalidArgument: 400 The input token count (2101511) exceeds the maximum number of tokens allowed (2097151).
2025-08-25 04:30:09.064 Uncaught app execution
Traceback (most recent call last):
  File "/home/ec2-user/.local/lib/python3.11/site-packages/streamlit/runtime/scriptrunner/exec_code.py", line 128, in exec_func_with_error_handling
    result = func()
             ^^^^^^
  File "/home/ec2-user/.local/lib/python3.11/site-packages/streamlit/runtime/scriptrunner/script_runner.py", line 669, in code_to_exec
    exec(code, module.__dict__)  # noqa: S102
    ^^^^^^^^^^^^^^^^^^^^^^^^^^^
  File "/home/ec2-user/NEW_REPO_DATAGENIE/Back_test.py", line 480, in <module>
    reply = model.generate_content(prompt).text
            ^^^^^^^^^^^^^^^^^^^^^^^^^^^^^^
  File "/home/ec2-user/.local/lib/python3.11/site-packages/google/generativeai/generative_models.py", line 331, in generate_content
    response = self._client.generate_content(
               ^^^^^^^^^^^^^^^^^^^^^^^^^^^^^^
  File "/home/ec2-user/.local/lib/python3.11/site-packages/google/ai/generativelanguage_v1beta/services/generative_service/client.py", line 835, in generate_content
    response = rpc(
               ^^^^
  File "/home/ec2-user/.local/lib/python3.11/site-packages/google/api_core/gapic_v1/method.py", line 131, in __call__
    return wrapped_func(*args, **kwargs)
           ^^^^^^^^^^^^^^^^^^^^^^^^^^^^^
  File "/home/ec2-user/.local/lib/python3.11/site-packages/google/api_core/retry/retry_unary.py", line 294, in retry_wrapped_func
    return retry_target(
           ^^^^^^^^^^^^^
  File "/home/ec2-user/.local/lib/python3.11/site-packages/google/api_core/retry/retry_unary.py", line 156, in retry_target
    next_sleep = _retry_error_helper(
                 ^^^^^^^^^^^^^^^^^^^^
  File "/home/ec2-user/.local/lib/python3.11/site-packages/google/api_core/retry/retry_base.py", line 214, in _retry_error_helper
    raise final_exc from source_exc
  File "/home/ec2-user/.local/lib/python3.11/site-packages/google/api_core/retry/retry_unary.py", line 147, in retry_target
    result = target()
             ^^^^^^^^
  File "/home/ec2-user/.local/lib/python3.11/site-packages/google/api_core/timeout.py", line 130, in func_with_timeout
    return func(*args, **kwargs)
           ^^^^^^^^^^^^^^^^^^^^^
  File "/home/ec2-user/.local/lib/python3.11/site-packages/google/api_core/grpc_helpers.py", line 78, in error_remapped_callable
    raise exceptions.from_grpc_error(exc) from exc
google.api_core.exceptions.InvalidArgument: 400 The input token count (2101521) exceeds the maximum number of tokens allowed (2097151).
2025-08-25 04:31:29.027 Uncaught app execution
Traceback (most recent call last):
  File "/home/ec2-user/.local/lib/python3.11/site-packages/streamlit/runtime/scriptrunner/exec_code.py", line 128, in exec_func_with_error_handling
    result = func()
             ^^^^^^
  File "/home/ec2-user/.local/lib/python3.11/site-packages/streamlit/runtime/scriptrunner/script_runner.py", line 669, in code_to_exec
    exec(code, module.__dict__)  # noqa: S102
    ^^^^^^^^^^^^^^^^^^^^^^^^^^^
  File "/home/ec2-user/NEW_REPO_DATAGENIE/Back_test.py", line 480, in <module>
    reply = model.generate_content(prompt).text
            ^^^^^^^^^^^^^^^^^^^^^^^^^^^^^^
  File "/home/ec2-user/.local/lib/python3.11/site-packages/google/generativeai/generative_models.py", line 331, in generate_content
    response = self._client.generate_content(
               ^^^^^^^^^^^^^^^^^^^^^^^^^^^^^^
  File "/home/ec2-user/.local/lib/python3.11/site-packages/google/ai/generativelanguage_v1beta/services/generative_service/client.py", line 835, in generate_content
    response = rpc(
               ^^^^
  File "/home/ec2-user/.local/lib/python3.11/site-packages/google/api_core/gapic_v1/method.py", line 131, in __call__
    return wrapped_func(*args, **kwargs)
           ^^^^^^^^^^^^^^^^^^^^^^^^^^^^^
  File "/home/ec2-user/.local/lib/python3.11/site-packages/google/api_core/retry/retry_unary.py", line 294, in retry_wrapped_func
    return retry_target(
           ^^^^^^^^^^^^^
  File "/home/ec2-user/.local/lib/python3.11/site-packages/google/api_core/retry/retry_unary.py", line 156, in retry_target
    next_sleep = _retry_error_helper(
                 ^^^^^^^^^^^^^^^^^^^^
  File "/home/ec2-user/.local/lib/python3.11/site-packages/google/api_core/retry/retry_base.py", line 214, in _retry_error_helper
    raise final_exc from source_exc
  File "/home/ec2-user/.local/lib/python3.11/site-packages/google/api_core/retry/retry_unary.py", line 147, in retry_target
    result = target()
             ^^^^^^^^
  File "/home/ec2-user/.local/lib/python3.11/site-packages/google/api_core/timeout.py", line 130, in func_with_timeout
    return func(*args, **kwargs)
           ^^^^^^^^^^^^^^^^^^^^^
  File "/home/ec2-user/.local/lib/python3.11/site-packages/google/api_core/grpc_helpers.py", line 78, in error_remapped_callable
    raise exceptions.from_grpc_error(exc) from exc
google.api_core.exceptions.InvalidArgument: 400 The input token count (2101512) exceeds the maximum number of tokens allowed (2097151).

query: SELECT AdventureWorks2022.Sales.SalesTerritory.Name AS TerritoryName,
       AdventureWorks2022.Production.Product.Name AS ProductName,
       MONTH(AdventureWorks2022.Sales.SalesOrderHeader.OrderDate) AS Month,
       SUM(AdventureWorks2022.Sales.SalesOrderDetail.LineTotal) / 1000000 AS SalesTotalInMN,
       AdventureWorks2022.Sales.vIndividualCustomer.FirstName,
       AdventureWorks2022.Sales.vIndividualCustomer.LastName,
       AdventureWorks2022.Sales.SalesOrderHeader.TotalDue,
	   AdventureWorks2022.Sales.SalesOrderHeader.TaxAmt,
	   AdventureWorks2022.Sales.SalesOrderHeader.Freight,
	   AdventureWorks2022.Sales.SalesOrderDetail.LineTotal
FROM AdventureWorks2022.Sales.SalesOrderHeader
INNER JOIN AdventureWorks2022.Sales.SalesOrderDetail
ON AdventureWorks2022.Sales.SalesOrderHeader.SalesOrderID = AdventureWorks2022.Sales.SalesOrderDetail.SalesOrderID
INNER JOIN AdventureWorks2022.Production.Product
ON AdventureWorks2022.Sales.SalesOrderDetail.ProductID = AdventureWorks2022.Production.Product.ProductID
INNER JOIN AdventureWorks2022.Sales.SalesTerritory
ON AdventureWorks2022.Sales.SalesOrderHeader.TerritoryID = AdventureWorks2022.Sales.SalesTerritory.TerritoryID
INNER JOIN AdventureWorks2022.Sales.Customer
ON AdventureWorks2022.Sales.SalesOrderHeader.CustomerID = AdventureWorks2022.Sales.Customer.CustomerID
INNER JOIN AdventureWorks2022.Sales.vIndividualCustomer
ON AdventureWorks2022.Sales.Customer.PersonID = AdventureWorks2022.Sales.vIndividualCustomer.BusinessEntityID
WHERE YEAR(AdventureWorks2022.Sales.SalesOrderHeader.OrderDate) = 2013
GROUP BY AdventureWorks2022.Sales.SalesTerritory.Name,
         AdventureWorks2022.Production.Product.Name,
         MONTH(AdventureWorks2022.Sales.SalesOrderHeader.OrderDate),
         AdventureWorks2022.Sales.vIndividualCustomer.FirstName,
         AdventureWorks2022.Sales.vIndividualCustomer.LastName,
         AdventureWorks2022.Sales.SalesOrderHeader.TotalDue,
		 AdventureWorks2022.Sales.SalesOrderHeader.TaxAmt,
		 AdventureWorks2022.Sales.SalesOrderHeader.Freight,
		 AdventureWorks2022.Sales.SalesOrderDetail.LineTotal
ORDER BY AdventureWorks2022.Sales.SalesTerritory.Name,
         AdventureWorks2022.Production.Product.Name,
         MONTH(AdventureWorks2022.Sales.SalesOrderHeader.OrderDate);
Diagnostic
Diagnostic
Diagnostic
Query
sql query: ```sql
-- SSMS Query Start
SELECT AdventureWorks2022.Sales.SalesTerritory.Name AS TerritoryName,
       SUM(AdventureWorks2022.Sales.SalesOrderDetail.LineTotal) AS TotalSales
FROM AdventureWorks2022.Sales.SalesOrderHeader
INNER JOIN AdventureWorks2022.Sales.SalesOrderDetail
ON AdventureWorks2022.Sales.SalesOrderHeader.SalesOrderID = AdventureWorks2022.Sales.SalesOrderDetail.SalesOrderID
INNER JOIN AdventureWorks2022.Sales.SalesTerritory
ON AdventureWorks2022.Sales.SalesOrderHeader.TerritoryID = AdventureWorks2022.Sales.SalesTerritory.TerritoryID
WHERE AdventureWorks2022.Sales.SalesOrderHeader.OrderDate >= DATEADD(quarter, -2, DATEFROMPARTS(YEAR(AdventureWorks2022.Sales.SalesOrderHeader.OrderDate), 1, 1))
  AND AdventureWorks2022.Sales.SalesOrderHeader.OrderDate < DATEFROMPARTS(YEAR(AdventureWorks2022.Sales.SalesOrderHeader.OrderDate) + 1, 1, 1) and YEAR(AdventureWorks2022.Sales.SalesOrderHeader.OrderDate) = 2013
GROUP BY AdventureWorks2022.Sales.SalesTerritory.Name;
```
query: SELECT AdventureWorks2022.Sales.SalesTerritory.Name AS TerritoryName,
       SUM(AdventureWorks2022.Sales.SalesOrderDetail.LineTotal) AS TotalSales
FROM AdventureWorks2022.Sales.SalesOrderHeader
INNER JOIN AdventureWorks2022.Sales.SalesOrderDetail
ON AdventureWorks2022.Sales.SalesOrderHeader.SalesOrderID = AdventureWorks2022.Sales.SalesOrderDetail.SalesOrderID
INNER JOIN AdventureWorks2022.Sales.SalesTerritory
ON AdventureWorks2022.Sales.SalesOrderHeader.TerritoryID = AdventureWorks2022.Sales.SalesTerritory.TerritoryID
WHERE AdventureWorks2022.Sales.SalesOrderHeader.OrderDate >= DATEADD(quarter, -2, DATEFROMPARTS(YEAR(AdventureWorks2022.Sales.SalesOrderHeader.OrderDate), 1, 1))
  AND AdventureWorks2022.Sales.SalesOrderHeader.OrderDate < DATEFROMPARTS(YEAR(AdventureWorks2022.Sales.SalesOrderHeader.OrderDate) + 1, 1, 1) and YEAR(AdventureWorks2022.Sales.SalesOrderHeader.OrderDate) = 2013
GROUP BY AdventureWorks2022.Sales.SalesTerritory.Name;
Query
sql query: ```sql
-- SSMS Query Start
SELECT AdventureWorks2022.Sales.SalesTerritory.Name AS TerritoryName,
       SUM(AdventureWorks2022.Sales.SalesOrderDetail.LineTotal) AS TotalSales,
       YEAR(AdventureWorks2022.Sales.SalesOrderHeader.OrderDate) AS SalesYear,
       DATEPART(QUARTER, AdventureWorks2022.Sales.SalesOrderHeader.OrderDate) AS SalesQuarter,
       MONTH(AdventureWorks2022.Sales.SalesOrderHeader.OrderDate) AS SalesMonth,
       AdventureWorks2022.Production.Product.Name AS ProductName
FROM AdventureWorks2022.Sales.SalesOrderHeader
INNER JOIN AdventureWorks2022.Sales.SalesOrderDetail
ON AdventureWorks2022.Sales.SalesOrderHeader.SalesOrderID = AdventureWorks2022.Sales.SalesOrderDetail.SalesOrderID
INNER JOIN AdventureWorks2022.Sales.SalesTerritory
ON AdventureWorks2022.Sales.SalesOrderHeader.TerritoryID = AdventureWorks2022.Sales.SalesTerritory.TerritoryID
INNER JOIN AdventureWorks2022.Production.Product
ON AdventureWorks2022.Sales.SalesOrderDetail.ProductID = AdventureWorks2022.Production.Product.ProductID
WHERE AdventureWorks2022.Sales.SalesOrderHeader.OrderDate >= DATEADD(quarter, -2, DATEFROMPARTS(YEAR(AdventureWorks2022.Sales.SalesOrderHeader.OrderDate), 1, 1))
  AND AdventureWorks2022.Sales.SalesOrderHeader.OrderDate < DATEFROMPARTS(YEAR(AdventureWorks2022.Sales.SalesOrderHeader.OrderDate) + 1, 1, 1) and YEAR(AdventureWorks2022.Sales.SalesOrderHeader.OrderDate) = 2013
GROUP BY AdventureWorks2022.Sales.SalesTerritory.Name,
         YEAR(AdventureWorks2022.Sales.SalesOrderHeader.OrderDate),
         DATEPART(QUARTER, AdventureWorks2022.Sales.SalesOrderHeader.OrderDate),
         MONTH(AdventureWorks2022.Sales.SalesOrderHeader.OrderDate),
         AdventureWorks2022.Production.Product.Name;
```
query: SELECT AdventureWorks2022.Sales.SalesTerritory.Name AS TerritoryName,
       SUM(AdventureWorks2022.Sales.SalesOrderDetail.LineTotal) AS TotalSales,
       YEAR(AdventureWorks2022.Sales.SalesOrderHeader.OrderDate) AS SalesYear,
       DATEPART(QUARTER, AdventureWorks2022.Sales.SalesOrderHeader.OrderDate) AS SalesQuarter,
       MONTH(AdventureWorks2022.Sales.SalesOrderHeader.OrderDate) AS SalesMonth,
       AdventureWorks2022.Production.Product.Name AS ProductName
FROM AdventureWorks2022.Sales.SalesOrderHeader
INNER JOIN AdventureWorks2022.Sales.SalesOrderDetail
ON AdventureWorks2022.Sales.SalesOrderHeader.SalesOrderID = AdventureWorks2022.Sales.SalesOrderDetail.SalesOrderID
INNER JOIN AdventureWorks2022.Sales.SalesTerritory
ON AdventureWorks2022.Sales.SalesOrderHeader.TerritoryID = AdventureWorks2022.Sales.SalesTerritory.TerritoryID
INNER JOIN AdventureWorks2022.Production.Product
ON AdventureWorks2022.Sales.SalesOrderDetail.ProductID = AdventureWorks2022.Production.Product.ProductID
WHERE AdventureWorks2022.Sales.SalesOrderHeader.OrderDate >= DATEADD(quarter, -2, DATEFROMPARTS(YEAR(AdventureWorks2022.Sales.SalesOrderHeader.OrderDate), 1, 1))
  AND AdventureWorks2022.Sales.SalesOrderHeader.OrderDate < DATEFROMPARTS(YEAR(AdventureWorks2022.Sales.SalesOrderHeader.OrderDate) + 1, 1, 1) and YEAR(AdventureWorks2022.Sales.SalesOrderHeader.OrderDate) = 2013
GROUP BY AdventureWorks2022.Sales.SalesTerritory.Name,
         YEAR(AdventureWorks2022.Sales.SalesOrderHeader.OrderDate),
         DATEPART(QUARTER, AdventureWorks2022.Sales.SalesOrderHeader.OrderDate),
         MONTH(AdventureWorks2022.Sales.SalesOrderHeader.OrderDate),
         AdventureWorks2022.Production.Product.Name;
Query
sql query: ```sql
-- SSMS Query Start
SELECT AdventureWorks2022.Sales.SalesTerritory.Name AS TerritoryName,
       SUM(AdventureWorks2022.Sales.SalesOrderDetail.LineTotal) AS TotalSales,
       YEAR(AdventureWorks2022.Sales.SalesOrderHeader.OrderDate) AS SalesYear,
       DATEPART(QUARTER, AdventureWorks2022.Sales.SalesOrderHeader.OrderDate) AS SalesQuarter,
       FORMAT(AdventureWorks2022.Sales.SalesOrderHeader.OrderDate, 'MMM') AS SalesMonth,
       AdventureWorks2022.Production.Product.Name AS ProductName
FROM AdventureWorks2022.Sales.SalesOrderHeader
INNER JOIN AdventureWorks2022.Sales.SalesOrderDetail
ON AdventureWorks2022.Sales.SalesOrderHeader.SalesOrderID = AdventureWorks2022.Sales.SalesOrderDetail.SalesOrderID
INNER JOIN AdventureWorks2022.Sales.SalesTerritory
ON AdventureWorks2022.Sales.SalesOrderHeader.TerritoryID = AdventureWorks2022.Sales.SalesTerritory.TerritoryID
INNER JOIN AdventureWorks2022.Production.Product
ON AdventureWorks2022.Sales.SalesOrderDetail.ProductID = AdventureWorks2022.Production.Product.ProductID
WHERE AdventureWorks2022.Sales.SalesOrderHeader.OrderDate >= DATEADD(quarter, -2, DATEFROMPARTS(YEAR(AdventureWorks2022.Sales.SalesOrderHeader.OrderDate), 1, 1))
  AND AdventureWorks2022.Sales.SalesOrderHeader.OrderDate < DATEFROMPARTS(YEAR(AdventureWorks2022.Sales.SalesOrderHeader.OrderDate) + 1, 1, 1) and YEAR(AdventureWorks2022.Sales.SalesOrderHeader.OrderDate) = 2013
GROUP BY AdventureWorks2022.Sales.SalesTerritory.Name,
         YEAR(AdventureWorks2022.Sales.SalesOrderHeader.OrderDate),
         DATEPART(QUARTER, AdventureWorks2022.Sales.SalesOrderHeader.OrderDate),
         FORMAT(AdventureWorks2022.Sales.SalesOrderHeader.OrderDate, 'MMM'),
         AdventureWorks2022.Production.Product.Name;
```
query: SELECT AdventureWorks2022.Sales.SalesTerritory.Name AS TerritoryName,
       SUM(AdventureWorks2022.Sales.SalesOrderDetail.LineTotal) AS TotalSales,
       YEAR(AdventureWorks2022.Sales.SalesOrderHeader.OrderDate) AS SalesYear,
       DATEPART(QUARTER, AdventureWorks2022.Sales.SalesOrderHeader.OrderDate) AS SalesQuarter,
       FORMAT(AdventureWorks2022.Sales.SalesOrderHeader.OrderDate, 'MMM') AS SalesMonth,
       AdventureWorks2022.Production.Product.Name AS ProductName
FROM AdventureWorks2022.Sales.SalesOrderHeader
INNER JOIN AdventureWorks2022.Sales.SalesOrderDetail
ON AdventureWorks2022.Sales.SalesOrderHeader.SalesOrderID = AdventureWorks2022.Sales.SalesOrderDetail.SalesOrderID
INNER JOIN AdventureWorks2022.Sales.SalesTerritory
ON AdventureWorks2022.Sales.SalesOrderHeader.TerritoryID = AdventureWorks2022.Sales.SalesTerritory.TerritoryID
INNER JOIN AdventureWorks2022.Production.Product
ON AdventureWorks2022.Sales.SalesOrderDetail.ProductID = AdventureWorks2022.Production.Product.ProductID
WHERE AdventureWorks2022.Sales.SalesOrderHeader.OrderDate >= DATEADD(quarter, -2, DATEFROMPARTS(YEAR(AdventureWorks2022.Sales.SalesOrderHeader.OrderDate), 1, 1))
  AND AdventureWorks2022.Sales.SalesOrderHeader.OrderDate < DATEFROMPARTS(YEAR(AdventureWorks2022.Sales.SalesOrderHeader.OrderDate) + 1, 1, 1) and YEAR(AdventureWorks2022.Sales.SalesOrderHeader.OrderDate) = 2013
GROUP BY AdventureWorks2022.Sales.SalesTerritory.Name,
         YEAR(AdventureWorks2022.Sales.SalesOrderHeader.OrderDate),
         DATEPART(QUARTER, AdventureWorks2022.Sales.SalesOrderHeader.OrderDate),
         FORMAT(AdventureWorks2022.Sales.SalesOrderHeader.OrderDate, 'MMM'),
         AdventureWorks2022.Production.Product.Name;
Query
sql query: ```sql
-- SSMS Query Start
SELECT CAST(SUM(AdventureWorks2022.Sales.SalesOrderDetail.LineTotal) / 1000000 AS DECIMAL(10, 2))
FROM AdventureWorks2022.Sales.SalesOrderHeader
INNER JOIN AdventureWorks2022.Sales.SalesOrderDetail
ON AdventureWorks2022.Sales.SalesOrderHeader.SalesOrderID = AdventureWorks2022.Sales.SalesOrderDetail.SalesOrderID;
```
query: SELECT CAST(SUM(AdventureWorks2022.Sales.SalesOrderDetail.LineTotal) / 1000000 AS DECIMAL(10, 2))
FROM AdventureWorks2022.Sales.SalesOrderHeader
INNER JOIN AdventureWorks2022.Sales.SalesOrderDetail
ON AdventureWorks2022.Sales.SalesOrderHeader.SalesOrderID = AdventureWorks2022.Sales.SalesOrderDetail.SalesOrderID;
Query
sql query: ```sql
-- SSMS Query Start
SELECT AdventureWorks2022.Sales.SalesTerritory.Name, SUM(AdventureWorks2022.Sales.SalesOrderDetail.LineTotal) AS TotalSales
FROM AdventureWorks2022.Sales.SalesOrderHeader
INNER JOIN AdventureWorks2022.Sales.SalesOrderDetail ON AdventureWorks2022.Sales.SalesOrderHeader.SalesOrderID = AdventureWorks2022.Sales.SalesOrderDetail.SalesOrderID
INNER JOIN AdventureWorks2022.Sales.SalesTerritory ON AdventureWorks2022.Sales.SalesOrderHeader.TerritoryID = AdventureWorks2022.Sales.SalesTerritory.TerritoryID
WHERE AdventureWorks2022.Sales.SalesOrderHeader.OrderDate >= DATEFROMPARTS(2013, 7, 1) AND AdventureWorks2022.Sales.SalesOrderHeader.OrderDate <= DATEFROMPARTS(2013, 12, 31)
GROUP BY AdventureWorks2022.Sales.SalesTerritory.Name;
```
query: SELECT AdventureWorks2022.Sales.SalesTerritory.Name, SUM(AdventureWorks2022.Sales.SalesOrderDetail.LineTotal) AS TotalSales
FROM AdventureWorks2022.Sales.SalesOrderHeader
INNER JOIN AdventureWorks2022.Sales.SalesOrderDetail ON AdventureWorks2022.Sales.SalesOrderHeader.SalesOrderID = AdventureWorks2022.Sales.SalesOrderDetail.SalesOrderID
INNER JOIN AdventureWorks2022.Sales.SalesTerritory ON AdventureWorks2022.Sales.SalesOrderHeader.TerritoryID = AdventureWorks2022.Sales.SalesTerritory.TerritoryID
WHERE AdventureWorks2022.Sales.SalesOrderHeader.OrderDate >= DATEFROMPARTS(2013, 7, 1) AND AdventureWorks2022.Sales.SalesOrderHeader.OrderDate <= DATEFROMPARTS(2013, 12, 31)
GROUP BY AdventureWorks2022.Sales.SalesTerritory.Name;
Query
sql query: ```sql
-- SSMS Query Start
SELECT AdventureWorks2022.Sales.SalesTerritory.Name, 
       SUM(AdventureWorks2022.Sales.SalesOrderDetail.LineTotal) AS TotalSales,
       YEAR(AdventureWorks2022.Sales.SalesOrderHeader.OrderDate) AS SalesYear,
       DATEPART(QUARTER, AdventureWorks2022.Sales.SalesOrderHeader.OrderDate) AS SalesQuarter,
       MONTH(AdventureWorks2022.Sales.SalesOrderHeader.OrderDate) AS SalesMonth,
       AdventureWorks2022.Production.Product.Name AS ProductName
FROM AdventureWorks2022.Sales.SalesOrderHeader
INNER JOIN AdventureWorks2022.Sales.SalesOrderDetail ON AdventureWorks2022.Sales.SalesOrderHeader.SalesOrderID = AdventureWorks2022.Sales.SalesOrderDetail.SalesOrderID
INNER JOIN AdventureWorks2022.Sales.SalesTerritory ON AdventureWorks2022.Sales.SalesOrderHeader.TerritoryID = AdventureWorks2022.Sales.SalesTerritory.TerritoryID
INNER JOIN AdventureWorks2022.Production.Product ON AdventureWorks2022.Sales.SalesOrderDetail.ProductID = AdventureWorks2022.Production.Product.ProductID
WHERE AdventureWorks2022.Sales.SalesOrderHeader.OrderDate >= DATEFROMPARTS(2013, 7, 1) AND AdventureWorks2022.Sales.SalesOrderHeader.OrderDate <= DATEFROMPARTS(2013, 12, 31)
GROUP BY AdventureWorks2022.Sales.SalesTerritory.Name, YEAR(AdventureWorks2022.Sales.SalesOrderHeader.OrderDate), DATEPART(QUARTER, AdventureWorks2022.Sales.SalesOrderHeader.OrderDate), MONTH(AdventureWorks2022.Sales.SalesOrderHeader.OrderDate), AdventureWorks2022.Production.Product.Name;
```
query: SELECT AdventureWorks2022.Sales.SalesTerritory.Name, 
       SUM(AdventureWorks2022.Sales.SalesOrderDetail.LineTotal) AS TotalSales,
       YEAR(AdventureWorks2022.Sales.SalesOrderHeader.OrderDate) AS SalesYear,
       DATEPART(QUARTER, AdventureWorks2022.Sales.SalesOrderHeader.OrderDate) AS SalesQuarter,
       MONTH(AdventureWorks2022.Sales.SalesOrderHeader.OrderDate) AS SalesMonth,
       AdventureWorks2022.Production.Product.Name AS ProductName
FROM AdventureWorks2022.Sales.SalesOrderHeader
INNER JOIN AdventureWorks2022.Sales.SalesOrderDetail ON AdventureWorks2022.Sales.SalesOrderHeader.SalesOrderID = AdventureWorks2022.Sales.SalesOrderDetail.SalesOrderID
INNER JOIN AdventureWorks2022.Sales.SalesTerritory ON AdventureWorks2022.Sales.SalesOrderHeader.TerritoryID = AdventureWorks2022.Sales.SalesTerritory.TerritoryID
INNER JOIN AdventureWorks2022.Production.Product ON AdventureWorks2022.Sales.SalesOrderDetail.ProductID = AdventureWorks2022.Production.Product.ProductID
WHERE AdventureWorks2022.Sales.SalesOrderHeader.OrderDate >= DATEFROMPARTS(2013, 7, 1) AND AdventureWorks2022.Sales.SalesOrderHeader.OrderDate <= DATEFROMPARTS(2013, 12, 31)
GROUP BY AdventureWorks2022.Sales.SalesTerritory.Name, YEAR(AdventureWorks2022.Sales.SalesOrderHeader.OrderDate), DATEPART(QUARTER, AdventureWorks2022.Sales.SalesOrderHeader.OrderDate), MONTH(AdventureWorks2022.Sales.SalesOrderHeader.OrderDate), AdventureWorks2022.Production.Product.Name;
Query
sql query: ```sql
-- SSMS Query Start
SELECT AdventureWorks2022.Sales.SalesTerritory.Name, 
       SUM(AdventureWorks2022.Sales.SalesOrderDetail.LineTotal) / 1000000 AS TotalSalesInMn,
       YEAR(AdventureWorks2022.Sales.SalesOrderHeader.OrderDate) AS SalesYear,
       DATEPART(QUARTER, AdventureWorks2022.Sales.SalesOrderHeader.OrderDate) AS SalesQuarter,
       FORMAT(AdventureWorks2022.Sales.SalesOrderHeader.OrderDate, 'MMM') AS SalesMonth,
       AdventureWorks2022.Production.Product.Name AS ProductName
FROM AdventureWorks2022.Sales.SalesOrderHeader
INNER JOIN AdventureWorks2022.Sales.SalesOrderDetail ON AdventureWorks2022.Sales.SalesOrderHeader.SalesOrderID = AdventureWorks2022.Sales.SalesOrderDetail.SalesOrderID
INNER JOIN AdventureWorks2022.Sales.SalesTerritory ON AdventureWorks2022.Sales.SalesOrderHeader.TerritoryID = AdventureWorks2022.Sales.SalesTerritory.TerritoryID
INNER JOIN AdventureWorks2022.Production.Product ON AdventureWorks2022.Sales.SalesOrderDetail.ProductID = AdventureWorks2022.Production.Product.ProductID
WHERE AdventureWorks2022.Sales.SalesOrderHeader.OrderDate >= DATEFROMPARTS(2013, 7, 1) AND AdventureWorks2022.Sales.SalesOrderHeader.OrderDate <= DATEFROMPARTS(2013, 12, 31)
GROUP BY AdventureWorks2022.Sales.SalesTerritory.Name, YEAR(AdventureWorks2022.Sales.SalesOrderHeader.OrderDate), DATEPART(QUARTER, AdventureWorks2022.Sales.SalesOrderHeader.OrderDate), FORMAT(AdventureWorks2022.Sales.SalesOrderHeader.OrderDate, 'MMM'), AdventureWorks2022.Production.Product.Name;
```2025-08-25 04:43:15.652 Uncaught app execution
Traceback (most recent call last):
  File "/home/ec2-user/.local/lib/python3.11/site-packages/streamlit/runtime/scriptrunner/exec_code.py", line 128, in exec_func_with_error_handling
    result = func()
             ^^^^^^
  File "/home/ec2-user/.local/lib/python3.11/site-packages/streamlit/runtime/scriptrunner/script_runner.py", line 669, in code_to_exec
    exec(code, module.__dict__)  # noqa: S102
    ^^^^^^^^^^^^^^^^^^^^^^^^^^^
  File "/home/ec2-user/NEW_REPO_DATAGENIE/Back_test.py", line 480, in <module>
    reply = model.generate_content(prompt).text
            ^^^^^^^^^^^^^^^^^^^^^^^^^^^^^^
  File "/home/ec2-user/.local/lib/python3.11/site-packages/google/generativeai/generative_models.py", line 331, in generate_content
    response = self._client.generate_content(
               ^^^^^^^^^^^^^^^^^^^^^^^^^^^^^^
  File "/home/ec2-user/.local/lib/python3.11/site-packages/google/ai/generativelanguage_v1beta/services/generative_service/client.py", line 835, in generate_content
    response = rpc(
               ^^^^
  File "/home/ec2-user/.local/lib/python3.11/site-packages/google/api_core/gapic_v1/method.py", line 131, in __call__
    return wrapped_func(*args, **kwargs)
           ^^^^^^^^^^^^^^^^^^^^^^^^^^^^^
  File "/home/ec2-user/.local/lib/python3.11/site-packages/google/api_core/retry/retry_unary.py", line 294, in retry_wrapped_func
    return retry_target(
           ^^^^^^^^^^^^^
  File "/home/ec2-user/.local/lib/python3.11/site-packages/google/api_core/retry/retry_unary.py", line 156, in retry_target
    next_sleep = _retry_error_helper(
                 ^^^^^^^^^^^^^^^^^^^^
  File "/home/ec2-user/.local/lib/python3.11/site-packages/google/api_core/retry/retry_base.py", line 214, in _retry_error_helper
    raise final_exc from source_exc
  File "/home/ec2-user/.local/lib/python3.11/site-packages/google/api_core/retry/retry_unary.py", line 147, in retry_target
    result = target()
             ^^^^^^^^
  File "/home/ec2-user/.local/lib/python3.11/site-packages/google/api_core/timeout.py", line 130, in func_with_timeout
    return func(*args, **kwargs)
           ^^^^^^^^^^^^^^^^^^^^^
  File "/home/ec2-user/.local/lib/python3.11/site-packages/google/api_core/grpc_helpers.py", line 78, in error_remapped_callable
    raise exceptions.from_grpc_error(exc) from exc
google.api_core.exceptions.InvalidArgument: 400 The input token count (2370172) exceeds the maximum number of tokens allowed (2097151).
2025-08-25 04:44:35.776 Uncaught app execution
Traceback (most recent call last):
  File "/home/ec2-user/.local/lib/python3.11/site-packages/streamlit/runtime/scriptrunner/exec_code.py", line 128, in exec_func_with_error_handling
    result = func()
             ^^^^^^
  File "/home/ec2-user/.local/lib/python3.11/site-packages/streamlit/runtime/scriptrunner/script_runner.py", line 669, in code_to_exec
    exec(code, module.__dict__)  # noqa: S102
    ^^^^^^^^^^^^^^^^^^^^^^^^^^^
  File "/home/ec2-user/NEW_REPO_DATAGENIE/Back_test.py", line 480, in <module>
    reply = model.generate_content(prompt).text
            ^^^^^^^^^^^^^^^^^^^^^^^^^^^^^^
  File "/home/ec2-user/.local/lib/python3.11/site-packages/google/generativeai/generative_models.py", line 331, in generate_content
    response = self._client.generate_content(
               ^^^^^^^^^^^^^^^^^^^^^^^^^^^^^^
  File "/home/ec2-user/.local/lib/python3.11/site-packages/google/ai/generativelanguage_v1beta/services/generative_service/client.py", line 835, in generate_content
    response = rpc(
               ^^^^
  File "/home/ec2-user/.local/lib/python3.11/site-packages/google/api_core/gapic_v1/method.py", line 131, in __call__
    return wrapped_func(*args, **kwargs)
           ^^^^^^^^^^^^^^^^^^^^^^^^^^^^^
  File "/home/ec2-user/.local/lib/python3.11/site-packages/google/api_core/retry/retry_unary.py", line 294, in retry_wrapped_func
    return retry_target(
           ^^^^^^^^^^^^^
  File "/home/ec2-user/.local/lib/python3.11/site-packages/google/api_core/retry/retry_unary.py", line 156, in retry_target
    next_sleep = _retry_error_helper(
                 ^^^^^^^^^^^^^^^^^^^^
  File "/home/ec2-user/.local/lib/python3.11/site-packages/google/api_core/retry/retry_base.py", line 214, in _retry_error_helper
    raise final_exc from source_exc
  File "/home/ec2-user/.local/lib/python3.11/site-packages/google/api_core/retry/retry_unary.py", line 147, in retry_target
    result = target()
             ^^^^^^^^
  File "/home/ec2-user/.local/lib/python3.11/site-packages/google/api_core/timeout.py", line 130, in func_with_timeout
    return func(*args, **kwargs)
           ^^^^^^^^^^^^^^^^^^^^^
  File "/home/ec2-user/.local/lib/python3.11/site-packages/google/api_core/grpc_helpers.py", line 78, in error_remapped_callable
    raise exceptions.from_grpc_error(exc) from exc
google.api_core.exceptions.InvalidArgument: 400 The input token count (2370170) exceeds the maximum number of tokens allowed (2097151).
2025-08-25 04:55:07.446 Uncaught app execution
Traceback (most recent call last):
  File "/home/ec2-user/.local/lib/python3.11/site-packages/streamlit/runtime/scriptrunner/exec_code.py", line 128, in exec_func_with_error_handling
    result = func()
             ^^^^^^
  File "/home/ec2-user/.local/lib/python3.11/site-packages/streamlit/runtime/scriptrunner/script_runner.py", line 669, in code_to_exec
    exec(code, module.__dict__)  # noqa: S102
    ^^^^^^^^^^^^^^^^^^^^^^^^^^^
  File "/home/ec2-user/NEW_REPO_DATAGENIE/Back_test.py", line 480, in <module>
    reply = model.generate_content(prompt).text
            ^^^^^^^^^^^^^^^^^^^^^^^^^^^^^^
  File "/home/ec2-user/.local/lib/python3.11/site-packages/google/generativeai/generative_models.py", line 331, in generate_content
    response = self._client.generate_content(
               ^^^^^^^^^^^^^^^^^^^^^^^^^^^^^^
  File "/home/ec2-user/.local/lib/python3.11/site-packages/google/ai/generativelanguage_v1beta/services/generative_service/client.py", line 835, in generate_content
    response = rpc(
               ^^^^
  File "/home/ec2-user/.local/lib/python3.11/site-packages/google/api_core/gapic_v1/method.py", line 131, in __call__
    return wrapped_func(*args, **kwargs)
           ^^^^^^^^^^^^^^^^^^^^^^^^^^^^^
  File "/home/ec2-user/.local/lib/python3.11/site-packages/google/api_core/retry/retry_unary.py", line 294, in retry_wrapped_func
    return retry_target(
           ^^^^^^^^^^^^^
  File "/home/ec2-user/.local/lib/python3.11/site-packages/google/api_core/retry/retry_unary.py", line 156, in retry_target
    next_sleep = _retry_error_helper(
                 ^^^^^^^^^^^^^^^^^^^^
  File "/home/ec2-user/.local/lib/python3.11/site-packages/google/api_core/retry/retry_base.py", line 214, in _retry_error_helper
    raise final_exc from source_exc
  File "/home/ec2-user/.local/lib/python3.11/site-packages/google/api_core/retry/retry_unary.py", line 147, in retry_target
    result = target()
             ^^^^^^^^
  File "/home/ec2-user/.local/lib/python3.11/site-packages/google/api_core/timeout.py", line 130, in func_with_timeout
    return func(*args, **kwargs)
           ^^^^^^^^^^^^^^^^^^^^^
  File "/home/ec2-user/.local/lib/python3.11/site-packages/google/api_core/grpc_helpers.py", line 78, in error_remapped_callable
    raise exceptions.from_grpc_error(exc) from exc
google.api_core.exceptions.InvalidArgument: 400 The input token count (2370175) exceeds the maximum number of tokens allowed (2097151).
2025-08-25 04:56:34.361 Uncaught app execution
Traceback (most recent call last):
  File "/home/ec2-user/.local/lib/python3.11/site-packages/streamlit/runtime/scriptrunner/exec_code.py", line 128, in exec_func_with_error_handling
    result = func()
             ^^^^^^
  File "/home/ec2-user/.local/lib/python3.11/site-packages/streamlit/runtime/scriptrunner/script_runner.py", line 669, in code_to_exec
    exec(code, module.__dict__)  # noqa: S102
    ^^^^^^^^^^^^^^^^^^^^^^^^^^^
  File "/home/ec2-user/NEW_REPO_DATAGENIE/Back_test.py", line 480, in <module>
    reply = model.generate_content(prompt).text
            ^^^^^^^^^^^^^^^^^^^^^^^^^^^^^^
  File "/home/ec2-user/.local/lib/python3.11/site-packages/google/generativeai/generative_models.py", line 331, in generate_content
    response = self._client.generate_content(
               ^^^^^^^^^^^^^^^^^^^^^^^^^^^^^^
  File "/home/ec2-user/.local/lib/python3.11/site-packages/google/ai/generativelanguage_v1beta/services/generative_service/client.py", line 835, in generate_content
    response = rpc(
               ^^^^
  File "/home/ec2-user/.local/lib/python3.11/site-packages/google/api_core/gapic_v1/method.py", line 131, in __call__
    return wrapped_func(*args, **kwargs)
           ^^^^^^^^^^^^^^^^^^^^^^^^^^^^^
  File "/home/ec2-user/.local/lib/python3.11/site-packages/google/api_core/retry/retry_unary.py", line 294, in retry_wrapped_func
    return retry_target(
           ^^^^^^^^^^^^^
  File "/home/ec2-user/.local/lib/python3.11/site-packages/google/api_core/retry/retry_unary.py", line 156, in retry_target
    next_sleep = _retry_error_helper(
                 ^^^^^^^^^^^^^^^^^^^^
  File "/home/ec2-user/.local/lib/python3.11/site-packages/google/api_core/retry/retry_base.py", line 214, in _retry_error_helper
    raise final_exc from source_exc
  File "/home/ec2-user/.local/lib/python3.11/site-packages/google/api_core/retry/retry_unary.py", line 147, in retry_target
    result = target()
             ^^^^^^^^
  File "/home/ec2-user/.local/lib/python3.11/site-packages/google/api_core/timeout.py", line 130, in func_with_timeout
    return func(*args, **kwargs)
           ^^^^^^^^^^^^^^^^^^^^^
  File "/home/ec2-user/.local/lib/python3.11/site-packages/google/api_core/grpc_helpers.py", line 78, in error_remapped_callable
    raise exceptions.from_grpc_error(exc) from exc
google.api_core.exceptions.InvalidArgument: 400 The input token count (2370180) exceeds the maximum number of tokens allowed (2097151).

query: SELECT AdventureWorks2022.Sales.SalesTerritory.Name, 
       SUM(AdventureWorks2022.Sales.SalesOrderDetail.LineTotal) / 1000000 AS TotalSalesInMn,
       YEAR(AdventureWorks2022.Sales.SalesOrderHeader.OrderDate) AS SalesYear,
       DATEPART(QUARTER, AdventureWorks2022.Sales.SalesOrderHeader.OrderDate) AS SalesQuarter,
       FORMAT(AdventureWorks2022.Sales.SalesOrderHeader.OrderDate, 'MMM') AS SalesMonth,
       AdventureWorks2022.Production.Product.Name AS ProductName
FROM AdventureWorks2022.Sales.SalesOrderHeader
INNER JOIN AdventureWorks2022.Sales.SalesOrderDetail ON AdventureWorks2022.Sales.SalesOrderHeader.SalesOrderID = AdventureWorks2022.Sales.SalesOrderDetail.SalesOrderID
INNER JOIN AdventureWorks2022.Sales.SalesTerritory ON AdventureWorks2022.Sales.SalesOrderHeader.TerritoryID = AdventureWorks2022.Sales.SalesTerritory.TerritoryID
INNER JOIN AdventureWorks2022.Production.Product ON AdventureWorks2022.Sales.SalesOrderDetail.ProductID = AdventureWorks2022.Production.Product.ProductID
WHERE AdventureWorks2022.Sales.SalesOrderHeader.OrderDate >= DATEFROMPARTS(2013, 7, 1) AND AdventureWorks2022.Sales.SalesOrderHeader.OrderDate <= DATEFROMPARTS(2013, 12, 31)
GROUP BY AdventureWorks2022.Sales.SalesTerritory.Name, YEAR(AdventureWorks2022.Sales.SalesOrderHeader.OrderDate), DATEPART(QUARTER, AdventureWorks2022.Sales.SalesOrderHeader.OrderDate), FORMAT(AdventureWorks2022.Sales.SalesOrderHeader.OrderDate, 'MMM'), AdventureWorks2022.Production.Product.Name;
Descriptive
Diagnostic
Query
sql query: ```sql
-- SSMS Query Start
SELECT AdventureWorks2022.Sales.SalesTerritory.Name, 
       SUM(AdventureWorks2022.Sales.SalesOrderDetail.LineTotal) / 1000000 AS TotalSalesInMn,
       YEAR(AdventureWorks2022.Sales.SalesOrderHeader.OrderDate) AS SalesYear,
       DATEPART(QUARTER, AdventureWorks2022.Sales.SalesOrderHeader.OrderDate) AS SalesQuarter,
       FORMAT(AdventureWorks2022.Sales.SalesOrderHeader.OrderDate, 'MMM') AS SalesMonth,
       AdventureWorks2022.Production.Product.Name AS ProductName,
       AdventureWorks2022.Sales.SalesOrderHeader.Freight,
       AdventureWorks2022.Sales.Customer.CustomerID
FROM AdventureWorks2022.Sales.SalesOrderHeader
INNER JOIN AdventureWorks2022.Sales.SalesOrderDetail ON AdventureWorks2022.Sales.SalesOrderHeader.SalesOrderID = AdventureWorks2022.Sales.SalesOrderDetail.SalesOrderID
INNER JOIN AdventureWorks2022.Sales.SalesTerritory ON AdventureWorks2022.Sales.SalesOrderHeader.TerritoryID = AdventureWorks2022.Sales.SalesTerritory.TerritoryID
INNER JOIN AdventureWorks2022.Production.Product ON AdventureWorks2022.Sales.SalesOrderDetail.ProductID = AdventureWorks2022.Production.Product.ProductID
INNER JOIN AdventureWorks2022.Sales.Customer ON AdventureWorks2022.Sales.SalesOrderHeader.CustomerID = AdventureWorks2022.Sales.Customer.CustomerID
WHERE AdventureWorks2022.Sales.SalesOrderHeader.OrderDate >= DATEFROMPARTS(2013, 7, 1) AND AdventureWorks2022.Sales.SalesOrderHeader.OrderDate <= DATEFROMPARTS(2013, 12, 31)
GROUP BY AdventureWorks2022.Sales.SalesTerritory.Name, YEAR(AdventureWorks2022.Sales.SalesOrderHeader.OrderDate), DATEPART(QUARTER, AdventureWorks2022.Sales.SalesOrderHeader.OrderDate), FORMAT(AdventureWorks2022.Sales.SalesOrderHeader.OrderDate, 'MMM'), AdventureWorks2022.Production.Product.Name, AdventureWorks2022.Sales.SalesOrderHeader.Freight, AdventureWorks2022.Sales.Customer.CustomerID;
```
query: SELECT AdventureWorks2022.Sales.SalesTerritory.Name, 
       SUM(AdventureWorks2022.Sales.SalesOrderDetail.LineTotal) / 1000000 AS TotalSalesInMn,
       YEAR(AdventureWorks2022.Sales.SalesOrderHeader.OrderDate) AS SalesYear,
       DATEPART(QUARTER, AdventureWorks2022.Sales.SalesOrderHeader.OrderDate) AS SalesQuarter,
       FORMAT(AdventureWorks2022.Sales.SalesOrderHeader.OrderDate, 'MMM') AS SalesMonth,
       AdventureWorks2022.Production.Product.Name AS ProductName,
       AdventureWorks2022.Sales.SalesOrderHeader.Freight,
       AdventureWorks2022.Sales.Customer.CustomerID
FROM AdventureWorks2022.Sales.SalesOrderHeader
INNER JOIN AdventureWorks2022.Sales.SalesOrderDetail ON AdventureWorks2022.Sales.SalesOrderHeader.SalesOrderID = AdventureWorks2022.Sales.SalesOrderDetail.SalesOrderID
INNER JOIN AdventureWorks2022.Sales.SalesTerritory ON AdventureWorks2022.Sales.SalesOrderHeader.TerritoryID = AdventureWorks2022.Sales.SalesTerritory.TerritoryID
INNER JOIN AdventureWorks2022.Production.Product ON AdventureWorks2022.Sales.SalesOrderDetail.ProductID = AdventureWorks2022.Production.Product.ProductID
INNER JOIN AdventureWorks2022.Sales.Customer ON AdventureWorks2022.Sales.SalesOrderHeader.CustomerID = AdventureWorks2022.Sales.Customer.CustomerID
WHERE AdventureWorks2022.Sales.SalesOrderHeader.OrderDate >= DATEFROMPARTS(2013, 7, 1) AND AdventureWorks2022.Sales.SalesOrderHeader.OrderDate <= DATEFROMPARTS(2013, 12, 31)
GROUP BY AdventureWorks2022.Sales.SalesTerritory.Name, YEAR(AdventureWorks2022.Sales.SalesOrderHeader.OrderDate), DATEPART(QUARTER, AdventureWorks2022.Sales.SalesOrderHeader.OrderDate), FORMAT(AdventureWorks2022.Sales.SalesOrderHeader.OrderDate, 'MMM'), AdventureWorks2022.Production.Product.Name, AdventureWorks2022.Sales.SalesOrderHeader.Freight, AdventureWorks2022.Sales.Customer.CustomerID;
Prescriptive
Diagnostic
Prescriptive
Diagnostic
Query
sql query: ```sql
-- SSMS Query Start
SELECT AdventureWorks2022.Sales.SalesTerritory.TerritoryID, AdventureWorks2022.Sales.SalesTerritory.Name, SUM(AdventureWorks2022.Sales.SalesOrderHeader.TotalDue) AS TotalSales
FROM AdventureWorks2022.Sales.SalesOrderHeader
INNER JOIN AdventureWorks2022.Sales.SalesTerritory
ON AdventureWorks2022.Sales.SalesOrderHeader.TerritoryID = AdventureWorks2022.Sales.SalesTerritory.TerritoryID
WHERE AdventureWorks2022.Sales.SalesOrderHeader.OrderDate >= DATEADD(quarter, -2, DATEFROMPARTS(2013, 1, 1)) AND AdventureWorks2022.Sales.SalesOrderHeader.OrderDate < DATEFROMPARTS(2014, 1, 1)
GROUP BY AdventureWorks2022.Sales.SalesTerritory.TerritoryID, AdventureWorks2022.Sales.SalesTerritory.Name;
```
query: SELECT AdventureWorks2022.Sales.SalesTerritory.TerritoryID, AdventureWorks2022.Sales.SalesTerritory.Name, SUM(AdventureWorks2022.Sales.SalesOrderHeader.TotalDue) AS TotalSales
FROM AdventureWorks2022.Sales.SalesOrderHeader
INNER JOIN AdventureWorks2022.Sales.SalesTerritory
ON AdventureWorks2022.Sales.SalesOrderHeader.TerritoryID = AdventureWorks2022.Sales.SalesTerritory.TerritoryID
WHERE AdventureWorks2022.Sales.SalesOrderHeader.OrderDate >= DATEADD(quarter, -2, DATEFROMPARTS(2013, 1, 1)) AND AdventureWorks2022.Sales.SalesOrderHeader.OrderDate < DATEFROMPARTS(2014, 1, 1)
GROUP BY AdventureWorks2022.Sales.SalesTerritory.TerritoryID, AdventureWorks2022.Sales.SalesTerritory.Name;
Query
sql query: ```sql
-- SSMS Query Start
SELECT AdventureWorks2022.Sales.SalesTerritory.TerritoryID, AdventureWorks2022.Sales.SalesTerritory.Name, SUM(AdventureWorks2022.Sales.SalesOrderHeader.TotalDue) AS TotalSales, YEAR(AdventureWorks2022.Sales.SalesOrderHeader.OrderDate) AS SalesYear, MONTH(AdventureWorks2022.Sales.SalesOrderHeader.OrderDate) AS SalesMonth, DATEPART(QUARTER, AdventureWorks2022.Sales.SalesOrderHeader.OrderDate) AS SalesQuarter, AdventureWorks2022.Sales.SalesOrderDetail.ProductID
FROM AdventureWorks2022.Sales.SalesOrderHeader
INNER JOIN AdventureWorks2022.Sales.SalesTerritory
ON AdventureWorks2022.Sales.SalesOrderHeader.TerritoryID = AdventureWorks2022.Sales.SalesTerritory.TerritoryID
INNER JOIN AdventureWorks2022.Sales.SalesOrderDetail ON AdventureWorks2022.Sales.SalesOrderDetail.SalesOrderID = AdventureWorks2022.Sales.SalesOrderHeader.SalesOrderID
WHERE AdventureWorks2022.Sales.SalesOrderHeader.OrderDate >= DATEADD(quarter, -2, DATEFROMPARTS(2013, 1, 1)) AND AdventureWorks2022.Sales.SalesOrderHeader.OrderDate < DATEFROMPARTS(2014, 1, 1)
GROUP BY AdventureWorks2022.Sales.SalesTerritory.TerritoryID, AdventureWorks2022.Sales.SalesTerritory.Name, YEAR(AdventureWorks2022.Sales.SalesOrderHeader.OrderDate), MONTH(AdventureWorks2022.Sales.SalesOrderHeader.OrderDate), DATEPART(QUARTER, AdventureWorks2022.Sales.SalesOrderHeader.OrderDate), AdventureWorks2022.Sales.SalesOrderDetail.ProductID;
```
query: SELECT AdventureWorks2022.Sales.SalesTerritory.TerritoryID, AdventureWorks2022.Sales.SalesTerritory.Name, SUM(AdventureWorks2022.Sales.SalesOrderHeader.TotalDue) AS TotalSales, YEAR(AdventureWorks2022.Sales.SalesOrderHeader.OrderDate) AS SalesYear, MONTH(AdventureWorks2022.Sales.SalesOrderHeader.OrderDate) AS SalesMonth, DATEPART(QUARTER, AdventureWorks2022.Sales.SalesOrderHeader.OrderDate) AS SalesQuarter, AdventureWorks2022.Sales.SalesOrderDetail.ProductID
FROM AdventureWorks2022.Sales.SalesOrderHeader
INNER JOIN AdventureWorks2022.Sales.SalesTerritory
ON AdventureWorks2022.Sales.SalesOrderHeader.TerritoryID = AdventureWorks2022.Sales.SalesTerritory.TerritoryID
INNER JOIN AdventureWorks2022.Sales.SalesOrderDetail ON AdventureWorks2022.Sales.SalesOrderDetail.SalesOrderID = AdventureWorks2022.Sales.SalesOrderHeader.SalesOrderID
WHERE AdventureWorks2022.Sales.SalesOrderHeader.OrderDate >= DATEADD(quarter, -2, DATEFROMPARTS(2013, 1, 1)) AND AdventureWorks2022.Sales.SalesOrderHeader.OrderDate < DATEFROMPARTS(2014, 1, 1)
GROUP BY AdventureWorks2022.Sales.SalesTerritory.TerritoryID, AdventureWorks2022.Sales.SalesTerritory.Name, YEAR(AdventureWorks2022.Sales.SalesOrderHeader.OrderDate), MONTH(AdventureWorks2022.Sales.SalesOrderHeader.OrderDate), DATEPART(QUARTER, AdventureWorks2022.Sales.SalesOrderHeader.OrderDate), AdventureWorks2022.Sales.SalesOrderDetail.ProductID;
Query
sql query: ```sql
-- SSMS Query Start
SELECT AdventureWorks2022.Sales.SalesTerritory.TerritoryID, AdventureWorks2022.Sales.SalesTerritory.Name, SUM(AdventureWorks2022.Sales.SalesOrderHeader.TotalDue) AS TotalSales, YEAR(AdventureWorks2022.Sales.SalesOrderHeader.OrderDate) AS SalesYear, FORMAT(AdventureWorks2022.Sales.SalesOrderHeader.OrderDate, 'MMM') AS SalesMonth, DATEPART(QUARTER, AdventureWorks2022.Sales.SalesOrderHeader.OrderDate) AS SalesQuarter, AdventureWorks2022.Sales.SalesOrderDetail.ProductID
FROM AdventureWorks2022.Sales.SalesOrderHeader
INNER JOIN AdventureWorks2022.Sales.SalesTerritory
ON AdventureWorks2022.Sales.SalesOrderHeader.TerritoryID = AdventureWorks2022.Sales.SalesTerritory.TerritoryID
INNER JOIN AdventureWorks2022.Sales.SalesOrderDetail ON AdventureWorks2022.Sales.SalesOrderDetail.SalesOrderID = AdventureWorks2022.Sales.SalesOrderHeader.SalesOrderID
WHERE AdventureWorks2022.Sales.SalesOrderHeader.OrderDate >= DATEADD(quarter, -2, DATEFROMPARTS(2013, 1, 1)) AND AdventureWorks2022.Sales.SalesOrderHeader.OrderDate < DATEFROMPARTS(2014, 1, 1)
GROUP BY AdventureWorks2022.Sales.SalesTerritory.TerritoryID, AdventureWorks2022.Sales.SalesTerritory.Name, YEAR(AdventureWorks2022.Sales.SalesOrderHeader.OrderDate), FORMAT(AdventureWorks2022.Sales.SalesOrderHeader.OrderDate, 'MMM'), DATEPART(QUARTER, AdventureWorks2022.Sales.SalesOrderHeader.OrderDate), AdventureWorks2022.Sales.SalesOrderDetail.ProductID;
```
query: SELECT AdventureWorks2022.Sales.SalesTerritory.TerritoryID, AdventureWorks2022.Sales.SalesTerritory.Name, SUM(AdventureWorks2022.Sales.SalesOrderHeader.TotalDue) AS TotalSales, YEAR(AdventureWorks2022.Sales.SalesOrderHeader.OrderDate) AS SalesYear, FORMAT(AdventureWorks2022.Sales.SalesOrderHeader.OrderDate, 'MMM') AS SalesMonth, DATEPART(QUARTER, AdventureWorks2022.Sales.SalesOrderHeader.OrderDate) AS SalesQuarter, AdventureWorks2022.Sales.SalesOrderDetail.ProductID
FROM AdventureWorks2022.Sales.SalesOrderHeader
INNER JOIN AdventureWorks2022.Sales.SalesTerritory
ON AdventureWorks2022.Sales.SalesOrderHeader.TerritoryID = AdventureWorks2022.Sales.SalesTerritory.TerritoryID
INNER JOIN AdventureWorks2022.Sales.SalesOrderDetail ON AdventureWorks2022.Sales.SalesOrderDetail.SalesOrderID = AdventureWorks2022.Sales.SalesOrderHeader.SalesOrderID
WHERE AdventureWorks2022.Sales.SalesOrderHeader.OrderDate >= DATEADD(quarter, -2, DATEFROMPARTS(2013, 1, 1)) AND AdventureWorks2022.Sales.SalesOrderHeader.OrderDate < DATEFROMPARTS(2014, 1, 1)
GROUP BY AdventureWorks2022.Sales.SalesTerritory.TerritoryID, AdventureWorks2022.Sales.SalesTerritory.Name, YEAR(AdventureWorks2022.Sales.SalesOrderHeader.OrderDate), FORMAT(AdventureWorks2022.Sales.SalesOrderHeader.OrderDate, 'MMM'), DATEPART(QUARTER, AdventureWorks2022.Sales.SalesOrderHeader.OrderDate), AdventureWorks2022.Sales.SalesOrderDetail.ProductID;
Descriptive
Diagnostic
Query
sql query: ```sql
-- SSMS Query Start
SELECT AdventureWorks2022.Sales.SalesTerritory.TerritoryID, AdventureWorks2022.Sales.SalesTerritory.Name, SUM(AdventureWorks2022.Sales.SalesOrderHeader.TotalDue) AS TotalSales, YEAR(AdventureWorks2022.Sales.SalesOrderHeader.OrderDate) AS SalesYear, FORMAT(AdventureWorks2022.Sales.SalesOrderHeader.OrderDate, 'MMM') AS SalesMonth, DATEPART(QUARTER, AdventureWorks2022.Sales.SalesOrderHeader.OrderDate) AS SalesQuarter, AdventureWorks2022.Sales.SalesOrderDetail.ProductID, SUM(AdventureWorks2022.Sales.SalesOrderHeader.Freight) as TotalFreight, SUM(AdventureWorks2022.Sales.SalesOrderHeader.TaxAmt) AS TotalTax
FROM AdventureWorks2022.Sales.SalesOrderHeader
INNER JOIN AdventureWorks2022.Sales.SalesTerritory
ON AdventureWorks2022.Sales.SalesOrderHeader.TerritoryID = AdventureWorks2022.Sales.SalesTerritory.TerritoryID
INNER JOIN AdventureWorks2022.Sales.SalesOrderDetail ON AdventureWorks2022.Sales.SalesOrderDetail.SalesOrderID = AdventureWorks2022.Sales.SalesOrderHeader.SalesOrderID
WHERE AdventureWorks2022.Sales.SalesOrderHeader.OrderDate >= DATEADD(quarter, -2, DATEFROMPARTS(2013, 1, 1)) AND AdventureWorks2022.Sales.SalesOrderHeader.OrderDate < DATEFROMPARTS(2014, 1, 1)
GROUP BY AdventureWorks2022.Sales.SalesTerritory.TerritoryID, AdventureWorks2022.Sales.SalesTerritory.Name, YEAR(AdventureWorks2022.Sales.SalesOrderHeader.OrderDate), FORMAT(AdventureWorks2022.Sales.SalesOrderHeader.OrderDate, 'MMM'), DATEPART(QUARTER, AdventureWorks2022.Sales.SalesOrderHeader.OrderDate), AdventureWorks2022.Sales.SalesOrderDetail.ProductID;
```
query: SELECT AdventureWorks2022.Sales.SalesTerritory.TerritoryID, AdventureWorks2022.Sales.SalesTerritory.Name, SUM(AdventureWorks2022.Sales.SalesOrderHeader.TotalDue) AS TotalSales, YEAR(AdventureWorks2022.Sales.SalesOrderHeader.OrderDate) AS SalesYear, FORMAT(AdventureWorks2022.Sales.SalesOrderHeader.OrderDate, 'MMM') AS SalesMonth, DATEPART(QUARTER, AdventureWorks2022.Sales.SalesOrderHeader.OrderDate) AS SalesQuarter, AdventureWorks2022.Sales.SalesOrderDetail.ProductID, SUM(AdventureWorks2022.Sales.SalesOrderHeader.Freight) as TotalFreight, SUM(AdventureWorks2022.Sales.SalesOrderHeader.TaxAmt) AS TotalTax
FROM AdventureWorks2022.Sales.SalesOrderHeader
INNER JOIN AdventureWorks2022.Sales.SalesTerritory
ON AdventureWorks2022.Sales.SalesOrderHeader.TerritoryID = AdventureWorks2022.Sales.SalesTerritory.TerritoryID
INNER JOIN AdventureWorks2022.Sales.SalesOrderDetail ON AdventureWorks2022.Sales.SalesOrderDetail.SalesOrderID = AdventureWorks2022.Sales.SalesOrderHeader.SalesOrderID
WHERE AdventureWorks2022.Sales.SalesOrderHeader.OrderDate >= DATEADD(quarter, -2, DATEFROMPARTS(2013, 1, 1)) AND AdventureWorks2022.Sales.SalesOrderHeader.OrderDate < DATEFROMPARTS(2014, 1, 1)
GROUP BY AdventureWorks2022.Sales.SalesTerritory.TerritoryID, AdventureWorks2022.Sales.SalesTerritory.Name, YEAR(AdventureWorks2022.Sales.SalesOrderHeader.OrderDate), FORMAT(AdventureWorks2022.Sales.SalesOrderHeader.OrderDate, 'MMM'), DATEPART(QUARTER, AdventureWorks2022.Sales.SalesOrderHeader.OrderDate), AdventureWorks2022.Sales.SalesOrderDetail.ProductID;
Query
sql query: ```sql
-- SSMS Query Start
SELECT AdventureWorks2022.Sales.SalesTerritory.TerritoryID, AdventureWorks2022.Sales.SalesTerritory.Name, SUM(AdventureWorks2022.Sales.SalesOrderHeader.TotalDue) AS TotalSales, YEAR(AdventureWorks2022.Sales.SalesOrderHeader.OrderDate) AS SalesYear, FORMAT(AdventureWorks2022.Sales.SalesOrderHeader.OrderDate, 'MMM') AS SalesMonth, DATEPART(QUARTER, AdventureWorks2022.Sales.SalesOrderHeader.OrderDate) AS SalesQuarter, AdventureWorks2022.Sales.SalesOrderDetail.ProductID, SUM(AdventureWorks2022.Sales.SalesOrderHeader.Freight) AS TotalFreight, SUM(AdventureWorks2022.Sales.SalesOrderHeader.TaxAmt) AS TotalTax, p.Name AS ProductName
FROM AdventureWorks2022.Sales.SalesOrderHeader
INNER JOIN AdventureWorks2022.Sales.SalesTerritory
ON AdventureWorks2022.Sales.SalesOrderHeader.TerritoryID = AdventureWorks2022.Sales.SalesTerritory.TerritoryID
INNER JOIN AdventureWorks2022.Sales.SalesOrderDetail ON AdventureWorks2022.Sales.SalesOrderDetail.SalesOrderID = AdventureWorks2022.Sales.SalesOrderHeader.SalesOrderID
INNER JOIN AdventureWorks2022.Production.Product p ON AdventureWorks2022.Sales.SalesOrderDetail.ProductID = p.ProductID
WHERE AdventureWorks2022.Sales.SalesOrderHeader.OrderDate >= DATEADD(quarter, -2, DATEFROMPARTS(2013, 1, 1)) AND AdventureWorks2022.Sales.SalesOrderHeader.OrderDate < DATEFROMPARTS(2014, 1, 1)
GROUP BY AdventureWorks2022.Sales.SalesTerritory.TerritoryID, AdventureWorks2022.Sales.SalesTerritory.Name, YEAR(AdventureWorks2022.Sales.SalesOrderHeader.OrderDate), FORMAT(AdventureWorks2022.Sales.SalesOrderHeader.OrderDate, 'MMM'), DATEPART(QUARTER, AdventureWorks2022.Sales.SalesOrderHeader.OrderDate), AdventureWorks2022.Sales.SalesOrderDetail.ProductID, p.Name;
```
query: SELECT AdventureWorks2022.Sales.SalesTerritory.TerritoryID, AdventureWorks2022.Sales.SalesTerritory.Name, SUM(AdventureWorks2022.Sales.SalesOrderHeader.TotalDue) AS TotalSales, YEAR(AdventureWorks2022.Sales.SalesOrderHeader.OrderDate) AS SalesYear, FORMAT(AdventureWorks2022.Sales.SalesOrderHeader.OrderDate, 'MMM') AS SalesMonth, DATEPART(QUARTER, AdventureWorks2022.Sales.SalesOrderHeader.OrderDate) AS SalesQuarter, AdventureWorks2022.Sales.SalesOrderDetail.ProductID, SUM(AdventureWorks2022.Sales.SalesOrderHeader.Freight) AS TotalFreight, SUM(AdventureWorks2022.Sales.SalesOrderHeader.TaxAmt) AS TotalTax, p.Name AS ProductName
FROM AdventureWorks2022.Sales.SalesOrderHeader
INNER JOIN AdventureWorks2022.Sales.SalesTerritory
ON AdventureWorks2022.Sales.SalesOrderHeader.TerritoryID = AdventureWorks2022.Sales.SalesTerritory.TerritoryID
INNER JOIN AdventureWorks2022.Sales.SalesOrderDetail ON AdventureWorks2022.Sales.SalesOrderDetail.SalesOrderID = AdventureWorks2022.Sales.SalesOrderHeader.SalesOrderID
INNER JOIN AdventureWorks2022.Production.Product p ON AdventureWorks2022.Sales.SalesOrderDetail.ProductID = p.ProductID
WHERE AdventureWorks2022.Sales.SalesOrderHeader.OrderDate >= DATEADD(quarter, -2, DATEFROMPARTS(2013, 1, 1)) AND AdventureWorks2022.Sales.SalesOrderHeader.OrderDate < DATEFROMPARTS(2014, 1, 1)
GROUP BY AdventureWorks2022.Sales.SalesTerritory.TerritoryID, AdventureWorks2022.Sales.SalesTerritory.Name, YEAR(AdventureWorks2022.Sales.SalesOrderHeader.OrderDate), FORMAT(AdventureWorks2022.Sales.SalesOrderHeader.OrderDate, 'MMM'), DATEPART(QUARTER, AdventureWorks2022.Sales.SalesOrderHeader.OrderDate), AdventureWorks2022.Sales.SalesOrderDetail.ProductID, p.Name;2025-08-25 05:15:01.119 Uncaught app execution
Traceback (most recent call last):
  File "/home/ec2-user/.local/lib/python3.11/site-packages/streamlit/runtime/scriptrunner/exec_code.py", line 128, in exec_func_with_error_handling
    result = func()
             ^^^^^^
  File "/home/ec2-user/.local/lib/python3.11/site-packages/streamlit/runtime/scriptrunner/script_runner.py", line 669, in code_to_exec
    exec(code, module.__dict__)  # noqa: S102
    ^^^^^^^^^^^^^^^^^^^^^^^^^^^
  File "/home/ec2-user/NEW_REPO_DATAGENIE/Back_test.py", line 480, in <module>
    reply = model.generate_content(prompt).text
            ^^^^^^^^^^^^^^^^^^^^^^^^^^^^^^
  File "/home/ec2-user/.local/lib/python3.11/site-packages/google/generativeai/generative_models.py", line 331, in generate_content
    response = self._client.generate_content(
               ^^^^^^^^^^^^^^^^^^^^^^^^^^^^^^
  File "/home/ec2-user/.local/lib/python3.11/site-packages/google/ai/generativelanguage_v1beta/services/generative_service/client.py", line 835, in generate_content
    response = rpc(
               ^^^^
  File "/home/ec2-user/.local/lib/python3.11/site-packages/google/api_core/gapic_v1/method.py", line 131, in __call__
    return wrapped_func(*args, **kwargs)
           ^^^^^^^^^^^^^^^^^^^^^^^^^^^^^
  File "/home/ec2-user/.local/lib/python3.11/site-packages/google/api_core/retry/retry_unary.py", line 294, in retry_wrapped_func
    return retry_target(
           ^^^^^^^^^^^^^
  File "/home/ec2-user/.local/lib/python3.11/site-packages/google/api_core/retry/retry_unary.py", line 156, in retry_target
    next_sleep = _retry_error_helper(
                 ^^^^^^^^^^^^^^^^^^^^
  File "/home/ec2-user/.local/lib/python3.11/site-packages/google/api_core/retry/retry_base.py", line 214, in _retry_error_helper
    raise final_exc from source_exc
  File "/home/ec2-user/.local/lib/python3.11/site-packages/google/api_core/retry/retry_unary.py", line 147, in retry_target
    result = target()
             ^^^^^^^^
  File "/home/ec2-user/.local/lib/python3.11/site-packages/google/api_core/timeout.py", line 130, in func_with_timeout
    return func(*args, **kwargs)
           ^^^^^^^^^^^^^^^^^^^^^
  File "/home/ec2-user/.local/lib/python3.11/site-packages/google/api_core/grpc_helpers.py", line 78, in error_remapped_callable
    raise exceptions.from_grpc_error(exc) from exc
google.api_core.exceptions.ResourceExhausted: 429 You exceeded your current quota, please check your plan and billing details. For more information on this error, head to: https://ai.google.dev/gemini-api/docs/rate-limits. [violations {
  quota_metric: "generativelanguage.googleapis.com/generate_content_paid_tier_input_token_count"
  quota_id: "GenerateContentPaidTierInputTokensPerModelPerMinute"
  quota_dimensions {
    key: "model"
    value: "gemini-1.5-pro"
  }
  quota_dimensions {
    key: "location"
    value: "global"
  }
  quota_value: 4000000
}
, links {
  description: "Learn more about Gemini API quotas"
  url: "https://ai.google.dev/gemini-api/docs/rate-limits"
}
, retry_delay {
  seconds: 59
}
]

Diagnostic
Query
sql query: ```sql
-- SSMS Query Start
SELECT AdventureWorks2022.Sales.SalesTerritory.TerritoryID, 
       AdventureWorks2022.Sales.SalesTerritory.Name, 
       SUM(AdventureWorks2022.Sales.SalesOrderHeader.TotalDue) AS TotalSales, 
       YEAR(AdventureWorks2022.Sales.SalesOrderHeader.OrderDate) AS SalesYear, 
       FORMAT(AdventureWorks2022.Sales.SalesOrderHeader.OrderDate, 'MMM') AS SalesMonth, 
       DATEPART(QUARTER, AdventureWorks2022.Sales.SalesOrderHeader.OrderDate) AS SalesQuarter, 
       AdventureWorks2022.Sales.SalesOrderDetail.ProductID, 
       SUM(AdventureWorks2022.Sales.SalesOrderHeader.Freight) AS TotalFreight, 
       SUM(AdventureWorks2022.Sales.SalesOrderHeader.TaxAmt) AS TotalTax, 
       p.Name AS ProductName,
       c.PersonID,
       p1.FirstName AS CustomerFirstName,
       p1.LastName AS CustomerLastName,
       AdventureWorks2022.Sales.SalesOrderDetail.OrderQty,
       AdventureWorks2022.Sales.SalesOrderDetail.UnitPrice
FROM AdventureWorks2022.Sales.SalesOrderHeader
INNER JOIN AdventureWorks2022.Sales.SalesTerritory
ON AdventureWorks2022.Sales.SalesOrderHeader.TerritoryID = AdventureWorks2022.Sales.SalesTerritory.TerritoryID
INNER JOIN AdventureWorks2022.Sales.SalesOrderDetail ON AdventureWorks2022.Sales.SalesOrderDetail.SalesOrderID = AdventureWorks2022.Sales.SalesOrderHeader.SalesOrderID
INNER JOIN AdventureWorks2022.Production.Product p ON AdventureWorks2022.Sales.SalesOrderDetail.ProductID = p.ProductID
INNER JOIN AdventureWorks2022.Sales.Customer c ON AdventureWorks2022.Sales.SalesOrderHeader.CustomerID = c.CustomerID
INNER JOIN AdventureWorks2022.Person.Person p1 ON c.PersonID = p1.BusinessEntityID
WHERE AdventureWorks2022.Sales.SalesOrderHeader.OrderDate >= DATEADD(quarter, -2, DATEFROMPARTS(2013, 1, 1)) AND AdventureWorks2022.Sales.SalesOrderHeader.OrderDate < DATEFROMPARTS(2014, 1, 1)
GROUP BY AdventureWorks2022.Sales.SalesTerritory.TerritoryID, AdventureWorks2022.Sales.SalesTerritory.Name, YEAR(AdventureWorks2022.Sales.SalesOrderHeader.OrderDate), FORMAT(AdventureWorks2022.Sales.SalesOrderHeader.OrderDate, 'MMM'), DATEPART(QUARTER, AdventureWorks2022.Sales.SalesOrderHeader.OrderDate), AdventureWorks2022.Sales.SalesOrderDetail.ProductID, p.Name, c.PersonID, p1.FirstName, p1.LastName, AdventureWorks2022.Sales.SalesOrderDetail.OrderQty, AdventureWorks2022.Sales.SalesOrderDetail.UnitPrice;
```
query: SELECT AdventureWorks2022.Sales.SalesTerritory.TerritoryID, 
       AdventureWorks2022.Sales.SalesTerritory.Name, 
       SUM(AdventureWorks2022.Sales.SalesOrderHeader.TotalDue) AS TotalSales, 
       YEAR(AdventureWorks2022.Sales.SalesOrderHeader.OrderDate) AS SalesYear, 
       FORMAT(AdventureWorks2022.Sales.SalesOrderHeader.OrderDate, 'MMM') AS SalesMonth, 
       DATEPART(QUARTER, AdventureWorks2022.Sales.SalesOrderHeader.OrderDate) AS SalesQuarter, 
       AdventureWorks2022.Sales.SalesOrderDetail.ProductID, 
       SUM(AdventureWorks2022.Sales.SalesOrderHeader.Freight) AS TotalFreight, 
       SUM(AdventureWorks2022.Sales.SalesOrderHeader.TaxAmt) AS TotalTax, 
       p.Name AS ProductName,
       c.PersonID,
       p1.FirstName AS CustomerFirstName,
       p1.LastName AS CustomerLastName,
       AdventureWorks2022.Sales.SalesOrderDetail.OrderQty,
       AdventureWorks2022.Sales.SalesOrderDetail.UnitPrice
FROM AdventureWorks2022.Sales.SalesOrderHeader
INNER JOIN AdventureWorks2022.Sales.SalesTerritory
ON AdventureWorks2022.Sales.SalesOrderHeader.TerritoryID = AdventureWorks2022.Sales.SalesTerritory.TerritoryID
INNER JOIN AdventureWorks2022.Sales.SalesOrderDetail ON AdventureWorks2022.Sales.SalesOrderDetail.SalesOrderID = AdventureWorks2022.Sales.SalesOrderHeader.SalesOrderID
INNER JOIN AdventureWorks2022.Production.Product p ON AdventureWorks2022.Sales.SalesOrderDetail.ProductID = p.ProductID
INNER JOIN AdventureWorks2022.Sales.Customer c ON AdventureWorks2022.Sales.SalesOrderHeader.CustomerID = c.CustomerID
INNER JOIN AdventureWorks2022.Person.Person p1 ON c.PersonID = p1.BusinessEntityID
WHERE AdventureWorks2022.Sales.SalesOrderHeader.OrderDate >= DATEADD(quarter, -2, DATEFROMPARTS(2013, 1, 1)) AND AdventureWorks2022.Sales.SalesOrderHeader.OrderDate < DATEFROMPARTS(2014, 1, 1)
GROUP BY AdventureWorks2022.Sales.SalesTerritory.TerritoryID, AdventureWorks2022.Sales.SalesTerritory.Name, YEAR(AdventureWorks2022.Sales.SalesOrderHeader.OrderDate), FORMAT(AdventureWorks2022.Sales.SalesOrderHeader.OrderDate, 'MMM'), DATEPART(QUARTER, AdventureWorks2022.Sales.SalesOrderHeader.OrderDate), AdventureWorks2022.Sales.SalesOrderDetail.ProductID, p.Name, c.PersonID, p1.FirstName, p1.LastName, AdventureWorks2022.Sales.SalesOrderDetail.OrderQty, AdventureWorks2022.Sales.SalesOrderDetail.UnitPrice;
Predictive
Query
sql query: ```sql
-- SSMS Query Start
WITH YearlySales AS (
    SELECT
        AdventureWorks2022.Sales.SalesOrderHeader.CustomerID,
        YEAR(AdventureWorks2022.Sales.SalesOrderHeader.OrderDate) AS SalesYear,
        SUM(AdventureWorks2022.Sales.SalesOrderHeader.TotalDue) AS TotalSales
    FROM AdventureWorks2022.Sales.SalesOrderHeader
    GROUP BY AdventureWorks2022.Sales.SalesOrderHeader.CustomerID, YEAR(AdventureWorks2022.Sales.SalesOrderHeader.OrderDate)
),
RankedSales AS (
    SELECT 
        CustomerID,
        SalesYear,
        TotalSales,
        RANK() OVER (PARTITION BY SalesYear ORDER BY TotalSales DESC) AS SalesRank
    FROM YearlySales
)
SELECT 
    c.CustomerID,
    p.FirstName AS CustomerFirstName,
    p.LastName AS CustomerLastName,
    rs.SalesYear,
    rs.TotalSales
FROM RankedSales rs
JOIN AdventureWorks2022.Sales.Customer c ON rs.CustomerID = c.CustomerID
JOIN AdventureWorks2022.Person.Person p ON c.PersonID = p.BusinessEntityID
WHERE rs.SalesRank <= 30
ORDER BY rs.SalesYear, rs.SalesRank;
```
query: WITH YearlySales AS (
    SELECT
        AdventureWorks2022.Sales.SalesOrderHeader.CustomerID,
        YEAR(AdventureWorks2022.Sales.SalesOrderHeader.OrderDate) AS SalesYear,
        SUM(AdventureWorks2022.Sales.SalesOrderHeader.TotalDue) AS TotalSales
    FROM AdventureWorks2022.Sales.SalesOrderHeader
    GROUP BY AdventureWorks2022.Sales.SalesOrderHeader.CustomerID, YEAR(AdventureWorks2022.Sales.SalesOrderHeader.OrderDate)
),
RankedSales AS (
    SELECT 
        CustomerID,
        SalesYear,
        TotalSales,
        RANK() OVER (PARTITION BY SalesYear ORDER BY TotalSales DESC) AS SalesRank
    FROM YearlySales
)
SELECT 
    c.CustomerID,
    p.FirstName AS CustomerFirstName,
    p.LastName AS CustomerLastName,
    rs.SalesYear,
    rs.TotalSales
FROM RankedSales rs
JOIN AdventureWorks2022.Sales.Customer c ON rs.CustomerID = c.CustomerID
JOIN AdventureWorks2022.Person.Person p ON c.PersonID = p.BusinessEntityID
WHERE rs.SalesRank <= 30
ORDER BY rs.SalesYear, rs.SalesRank;
Diagnostic
Query
sql query: ```sql
-- SSMS Query Start
WITH YearlySales AS (
    SELECT
        AdventureWorks2022.Sales.SalesOrderHeader.CustomerID,
        YEAR(AdventureWorks2022.Sales.SalesOrderHeader.OrderDate) AS SalesYear,
        SUM(AdventureWorks2022.Sales.SalesOrderHeader.TotalDue) AS TotalSales,
        SUM(AdventureWorks2022.Sales.SalesOrderHeader.TaxAmt) AS TotalTaxAmt,
        SUM(AdventureWorks2022.Sales.SalesOrderDetail.OrderQty) AS TotalOrderQty
    FROM AdventureWorks2022.Sales.SalesOrderHeader
    JOIN AdventureWorks2022.Sales.SalesOrderDetail ON AdventureWorks2022.Sales.SalesOrderHeader.SalesOrderID = AdventureWorks2022.Sales.SalesOrderDetail.SalesOrderID
    GROUP BY AdventureWorks2022.Sales.SalesOrderHeader.CustomerID, YEAR(AdventureWorks2022.Sales.SalesOrderHeader.OrderDate)
),
RankedSales AS (
    SELECT 
        CustomerID,
        SalesYear,
        TotalSales,
        TotalTaxAmt,
        TotalOrderQty,
        RANK() OVER (PARTITION BY SalesYear ORDER BY TotalSales ASC) AS SalesRank
    FROM YearlySales
)
SELECT 
    rs.CustomerID,
    p.FirstName AS CustomerFirstName,
    p.LastName AS CustomerLastName,
    rs.SalesYear,
    rs.TotalSales,
    rs.TotalTaxAmt,
    rs.TotalOrderQty,
    st.Name as TerritoryName
FROM RankedSales rs
JOIN AdventureWorks2022.Sales.Customer c ON rs.CustomerID = c.CustomerID
JOIN AdventureWorks2022.Person.Person p ON c.PersonID = p.BusinessEntityID
LEFT JOIN AdventureWorks2022.Sales.SalesTerritory st ON c.TerritoryID = st.TerritoryID
WHERE rs.SalesRank <= 30
ORDER BY rs.SalesYear, rs.SalesRank;
```152.59.33.208 - - [25/Aug/2025 05:25:59] "[32mPOST /login HTTP/1.1[0m" 302 -
152.59.33.208 - - [25/Aug/2025 05:26:00] "GET / HTTP/1.1" 200 -
152.59.33.208 - - [25/Aug/2025 05:26:00] "[36mGET /static/style2.css HTTP/1.1[0m" 304 -
152.59.33.208 - - [25/Aug/2025 05:26:10] "[32mPOST /login HTTP/1.1[0m" 302 -

Collecting usage statistics. To deactivate, set browser.gatherUsageStats to false.

2025-08-25 05:26:11.155 Port 8501 is already in use

query: WITH YearlySales AS (
    SELECT
        AdventureWorks2022.Sales.SalesOrderHeader.CustomerID,
        YEAR(AdventureWorks2022.Sales.SalesOrderHeader.OrderDate) AS SalesYear,
        SUM(AdventureWorks2022.Sales.SalesOrderHeader.TotalDue) AS TotalSales,
        SUM(AdventureWorks2022.Sales.SalesOrderHeader.TaxAmt) AS TotalTaxAmt,
        SUM(AdventureWorks2022.Sales.SalesOrderDetail.OrderQty) AS TotalOrderQty
    FROM AdventureWorks2022.Sales.SalesOrderHeader
    JOIN AdventureWorks2022.Sales.SalesOrderDetail ON AdventureWorks2022.Sales.SalesOrderHeader.SalesOrderID = AdventureWorks2022.Sales.SalesOrderDetail.SalesOrderID
    GROUP BY AdventureWorks2022.Sales.SalesOrderHeader.CustomerID, YEAR(AdventureWorks2022.Sales.SalesOrderHeader.OrderDate)
),
RankedSales AS (
    SELECT 
        CustomerID,
        SalesYear,
        TotalSales,
        TotalTaxAmt,
        TotalOrderQty,
        RANK() OVER (PARTITION BY SalesYear ORDER BY TotalSales ASC) AS SalesRank
    FROM YearlySales
)
SELECT 
    rs.CustomerID,
    p.FirstName AS CustomerFirstName,
    p.LastName AS CustomerLastName,
    rs.SalesYear,
    rs.TotalSales,
    rs.TotalTaxAmt,
    rs.TotalOrderQty,
    st.Name as TerritoryName
FROM RankedSales rs
JOIN AdventureWorks2022.Sales.Customer c ON rs.CustomerID = c.CustomerID
JOIN AdventureWorks2022.Person.Person p ON c.PersonID = p.BusinessEntityID
LEFT JOIN AdventureWorks2022.Sales.SalesTerritory st ON c.TerritoryID = st.TerritoryID
WHERE rs.SalesRank <= 30
ORDER BY rs.SalesYear, rs.SalesRank;
Query
sql query: ```sql
-- SSMS Query Start
SELECT TOP 30
    AdventureWorks2022.Sales.Customer.CustomerID,
    AdventureWorks2022.Sales.SalesOrderDetail.OrderQty,
    AdventureWorks2022.Sales.SalesOrderHeader.SubTotal,
    AdventureWorks2022.Sales.SalesOrderHeader.TaxAmt,
    AdventureWorks2022.Sales.SalesTerritory.Name as TerritoryName
FROM AdventureWorks2022.Sales.Customer
INNER JOIN AdventureWorks2022.Sales.SalesOrderHeader 
ON AdventureWorks2022.Sales.SalesOrderHeader.CustomerID = AdventureWorks2022.Sales.Customer.CustomerID
INNER JOIN AdventureWorks2022.Sales.SalesOrderDetail
ON AdventureWorks2022.Sales.SalesOrderDetail.SalesOrderID = AdventureWorks2022.Sales.SalesOrderHeader.SalesOrderID
INNER JOIN AdventureWorks2022.Sales.SalesTerritory
ON AdventureWorks2022.Sales.SalesTerritory.TerritoryID = AdventureWorks2022.Sales.SalesOrderHeader.TerritoryID
ORDER BY AdventureWorks2022.Sales.SalesOrderHeader.SubTotal ASC;
```
query: SELECT TOP 30
    AdventureWorks2022.Sales.Customer.CustomerID,
    AdventureWorks2022.Sales.SalesOrderDetail.OrderQty,
    AdventureWorks2022.Sales.SalesOrderHeader.SubTotal,
    AdventureWorks2022.Sales.SalesOrderHeader.TaxAmt,
    AdventureWorks2022.Sales.SalesTerritory.Name as TerritoryName
FROM AdventureWorks2022.Sales.Customer
INNER JOIN AdventureWorks2022.Sales.SalesOrderHeader 
ON AdventureWorks2022.Sales.SalesOrderHeader.CustomerID = AdventureWorks2022.Sales.Customer.CustomerID
INNER JOIN AdventureWorks2022.Sales.SalesOrderDetail
ON AdventureWorks2022.Sales.SalesOrderDetail.SalesOrderID = AdventureWorks2022.Sales.SalesOrderHeader.SalesOrderID
INNER JOIN AdventureWorks2022.Sales.SalesTerritory
ON AdventureWorks2022.Sales.SalesTerritory.TerritoryID = AdventureWorks2022.Sales.SalesOrderHeader.TerritoryID
ORDER BY AdventureWorks2022.Sales.SalesOrderHeader.SubTotal ASC;
Query
sql query: ```sql
-- SSMS Query Start
SELECT TOP 30
    AdventureWorks2022.Sales.Customer.CustomerID,
    AdventureWorks2022.Sales.SalesOrderDetail.OrderQty,
    AdventureWorks2022.Sales.SalesOrderHeader.SubTotal,
    AdventureWorks2022.Sales.SalesOrderHeader.TaxAmt,
    AdventureWorks2022.Sales.SalesTerritory.Name as TerritoryName
FROM AdventureWorks2022.Sales.Customer
INNER JOIN AdventureWorks2022.Sales.SalesOrderHeader 
ON AdventureWorks2022.Sales.SalesOrderHeader.CustomerID = AdventureWorks2022.Sales.Customer.CustomerID
INNER JOIN AdventureWorks2022.Sales.SalesOrderDetail
ON AdventureWorks2022.Sales.SalesOrderDetail.SalesOrderID = AdventureWorks2022.Sales.SalesOrderHeader.SalesOrderID
INNER JOIN AdventureWorks2022.Sales.SalesTerritory
ON AdventureWorks2022.Sales.SalesTerritory.TerritoryID = AdventureWorks2022.Sales.SalesOrderHeader.TerritoryID
ORDER BY AdventureWorks2022.Sales.SalesOrderHeader.SubTotal DESC;
```

query: SELECT TOP 30
    AdventureWorks2022.Sales.Customer.CustomerID,
    AdventureWorks2022.Sales.SalesOrderDetail.OrderQty,
    AdventureWorks2022.Sales.SalesOrderHeader.SubTotal,
    AdventureWorks2022.Sales.SalesOrderHeader.TaxAmt,
    AdventureWorks2022.Sales.SalesTerritory.Name as TerritoryName
FROM AdventureWorks2022.Sales.Customer
INNER JOIN AdventureWorks2022.Sales.SalesOrderHeader 
ON AdventureWorks2022.Sales.SalesOrderHeader.CustomerID = AdventureWorks2022.Sales.Customer.CustomerID
INNER JOIN AdventureWorks2022.Sales.SalesOrderDetail
ON AdventureWorks2022.Sales.SalesOrderDetail.SalesOrderID = AdventureWorks2022.Sales.SalesOrderHeader.SalesOrderID
INNER JOIN AdventureWorks2022.Sales.SalesTerritory
ON AdventureWorks2022.Sales.SalesTerritory.TerritoryID = AdventureWorks2022.Sales.SalesOrderHeader.TerritoryID
ORDER BY AdventureWorks2022.Sales.SalesOrderHeader.SubTotal DESC;
Query
sql query: ```sql
-- SSMS Query Start
SELECT TOP 30
    AdventureWorks2022.Sales.Customer.CustomerID,
    AdventureWorks2022.Sales.SalesOrderDetail.OrderQty,
    AdventureWorks2022.Sales.SalesOrderHeader.SubTotal,
    AdventureWorks2022.Sales.SalesOrderHeader.TaxAmt,
    AdventureWorks2022.Sales.SalesTerritory.Name AS TerritoryName,
    YEAR(AdventureWorks2022.Sales.SalesOrderHeader.OrderDate) AS OrderYear
FROM AdventureWorks2022.Sales.Customer
INNER JOIN AdventureWorks2022.Sales.SalesOrderHeader 
ON AdventureWorks2022.Sales.SalesOrderHeader.CustomerID = AdventureWorks2022.Sales.Customer.CustomerID
INNER JOIN AdventureWorks2022.Sales.SalesOrderDetail
ON AdventureWorks2022.Sales.SalesOrderDetail.SalesOrderID = AdventureWorks2022.Sales.SalesOrderHeader.SalesOrderID
INNER JOIN AdventureWorks2022.Sales.SalesTerritory
ON AdventureWorks2022.Sales.SalesTerritory.TerritoryID = AdventureWorks2022.Sales.SalesOrderHeader.TerritoryID
ORDER BY AdventureWorks2022.Sales.SalesOrderHeader.SubTotal ASC;
```
query: SELECT TOP 30
    AdventureWorks2022.Sales.Customer.CustomerID,
    AdventureWorks2022.Sales.SalesOrderDetail.OrderQty,
    AdventureWorks2022.Sales.SalesOrderHeader.SubTotal,
    AdventureWorks2022.Sales.SalesOrderHeader.TaxAmt,
    AdventureWorks2022.Sales.SalesTerritory.Name AS TerritoryName,
    YEAR(AdventureWorks2022.Sales.SalesOrderHeader.OrderDate) AS OrderYear
FROM AdventureWorks2022.Sales.Customer
INNER JOIN AdventureWorks2022.Sales.SalesOrderHeader 
ON AdventureWorks2022.Sales.SalesOrderHeader.CustomerID = AdventureWorks2022.Sales.Customer.CustomerID
INNER JOIN AdventureWorks2022.Sales.SalesOrderDetail
ON AdventureWorks2022.Sales.SalesOrderDetail.SalesOrderID = AdventureWorks2022.Sales.SalesOrderHeader.SalesOrderID
INNER JOIN AdventureWorks2022.Sales.SalesTerritory
ON AdventureWorks2022.Sales.SalesTerritory.TerritoryID = AdventureWorks2022.Sales.SalesOrderHeader.TerritoryID
ORDER BY AdventureWorks2022.Sales.SalesOrderHeader.SubTotal ASC;
Query
sql query: ```sql
-- SSMS Query Start
SELECT
    OrderYear,
    CustomerID
FROM (
    SELECT
        AdventureWorks2022.Sales.Customer.CustomerID,
        YEAR(AdventureWorks2022.Sales.SalesOrderHeader.OrderDate) AS OrderYear,
        ROW_NUMBER() OVER (PARTITION BY YEAR(AdventureWorks2022.Sales.SalesOrderHeader.OrderDate) ORDER BY AdventureWorks2022.Sales.SalesOrderHeader.SubTotal ASC) as rn
    FROM AdventureWorks2022.Sales.Customer
    INNER JOIN AdventureWorks2022.Sales.SalesOrderHeader 
    ON AdventureWorks2022.Sales.SalesOrderHeader.CustomerID = AdventureWorks2022.Sales.Customer.CustomerID
) t
WHERE rn <= 30;
```
query: SELECT
    OrderYear,
    CustomerID
FROM (
    SELECT
        AdventureWorks2022.Sales.Customer.CustomerID,
        YEAR(AdventureWorks2022.Sales.SalesOrderHeader.OrderDate) AS OrderYear,
        ROW_NUMBER() OVER (PARTITION BY YEAR(AdventureWorks2022.Sales.SalesOrderHeader.OrderDate) ORDER BY AdventureWorks2022.Sales.SalesOrderHeader.SubTotal ASC) as rn
    FROM AdventureWorks2022.Sales.Customer
    INNER JOIN AdventureWorks2022.Sales.SalesOrderHeader 
    ON AdventureWorks2022.Sales.SalesOrderHeader.CustomerID = AdventureWorks2022.Sales.Customer.CustomerID
) t
WHERE rn <= 30;
Query
sql query: ```sql
-- SSMS Query Start
SELECT
    YEAR(AdventureWorks2022.Sales.SalesOrderHeader.OrderDate) AS OrderYear,
    AdventureWorks2022.Sales.Customer.CustomerID,
    AdventureWorks2022.Production.Product.Name AS ProductName,
    AdventureWorks2022.Sales.SalesOrderDetail.LineTotal,
    AdventureWorks2022.Sales.SalesOrderHeader.TaxAmt,
    AdventureWorks2022.Sales.SalesOrderDetail.OrderQty,
    AdventureWorks2022.Sales.SalesTerritory.Name AS TerritoryName
FROM AdventureWorks2022.Sales.Customer
INNER JOIN AdventureWorks2022.Sales.SalesOrderHeader 
    ON AdventureWorks2022.Sales.SalesOrderHeader.CustomerID = AdventureWorks2022.Sales.Customer.CustomerID
INNER JOIN AdventureWorks2022.Sales.SalesOrderDetail
    ON AdventureWorks2022.Sales.SalesOrderDetail.SalesOrderID = AdventureWorks2022.Sales.SalesOrderHeader.SalesOrderID
INNER JOIN AdventureWorks2022.Production.Product
    ON AdventureWorks2022.Production.Product.ProductID = AdventureWorks2022.Sales.SalesOrderDetail.ProductID
INNER JOIN AdventureWorks2022.Sales.SalesTerritory
    ON AdventureWorks2022.Sales.SalesTerritory.TerritoryID = AdventureWorks2022.Sales.SalesOrderHeader.TerritoryID
WHERE YEAR(AdventureWorks2022.Sales.SalesOrderHeader.OrderDate) IN (SELECT TOP 30 YEAR(OrderDate) FROM AdventureWorks2022.Sales.SalesOrderHeader ORDER BY SubTotal ASC);
```
query: SELECT
    YEAR(AdventureWorks2022.Sales.SalesOrderHeader.OrderDate) AS OrderYear,
    AdventureWorks2022.Sales.Customer.CustomerID,
    AdventureWorks2022.Production.Product.Name AS ProductName,
    AdventureWorks2022.Sales.SalesOrderDetail.LineTotal,
    AdventureWorks2022.Sales.SalesOrderHeader.TaxAmt,
    AdventureWorks2022.Sales.SalesOrderDetail.OrderQty,
    AdventureWorks2022.Sales.SalesTerritory.Name AS TerritoryName
FROM AdventureWorks2022.Sales.Customer
INNER JOIN AdventureWorks2022.Sales.SalesOrderHeader 
    ON AdventureWorks2022.Sales.SalesOrderHeader.CustomerID = AdventureWorks2022.Sales.Customer.CustomerID
INNER JOIN AdventureWorks2022.Sales.SalesOrderDetail
    ON AdventureWorks2022.Sales.SalesOrderDetail.SalesOrderID = AdventureWorks2022.Sales.SalesOrderHeader.SalesOrderID
INNER JOIN AdventureWorks2022.Production.Product
    ON AdventureWorks2022.Production.Product.ProductID = AdventureWorks2022.Sales.SalesOrderDetail.ProductID
INNER JOIN AdventureWorks2022.Sales.SalesTerritory
    ON AdventureWorks2022.Sales.SalesTerritory.TerritoryID = AdventureWorks2022.Sales.SalesOrderHeader.TerritoryID
WHERE YEAR(AdventureWorks2022.Sales.SalesOrderHeader.OrderDate) IN (SELECT TOP 30 YEAR(OrderDate) FROM AdventureWorks2022.Sales.SalesOrderHeader ORDER BY SubTotal ASC);
Query
sql query: ```sql
-- SSMS Query Start
WITH YearlySales AS (
    SELECT
        YEAR(AdventureWorks2022.Sales.SalesOrderHeader.OrderDate) AS OrderYear,
        AdventureWorks2022.Sales.SalesOrderHeader.CustomerID,
        SUM(AdventureWorks2022.Sales.SalesOrderDetail.LineTotal) AS TotalSales
    FROM AdventureWorks2022.Sales.SalesOrderHeader
    INNER JOIN AdventureWorks2022.Sales.SalesOrderDetail
        ON AdventureWorks2022.Sales.SalesOrderDetail.SalesOrderID = AdventureWorks2022.Sales.SalesOrderHeader.SalesOrderID
    GROUP BY
        YEAR(AdventureWorks2022.Sales.SalesOrderHeader.OrderDate),
        AdventureWorks2022.Sales.SalesOrderHeader.CustomerID
),
RankedSales AS (
    SELECT 
        OrderYear,
        CustomerID,
        TotalSales,
        ROW_NUMBER() OVER (PARTITION BY OrderYear ORDER BY TotalSales ASC) AS RowNum
    FROM YearlySales        
)
SELECT
    OrderYear,
    CustomerID,
    TotalSales
FROM RankedSales
WHERE RowNum <= 30;
```
query: WITH YearlySales AS (
    SELECT
        YEAR(AdventureWorks2022.Sales.SalesOrderHeader.OrderDate) AS OrderYear,
        AdventureWorks2022.Sales.SalesOrderHeader.CustomerID,
        SUM(AdventureWorks2022.Sales.SalesOrderDetail.LineTotal) AS TotalSales
    FROM AdventureWorks2022.Sales.SalesOrderHeader
    INNER JOIN AdventureWorks2022.Sales.SalesOrderDetail
        ON AdventureWorks2022.Sales.SalesOrderDetail.SalesOrderID = AdventureWorks2022.Sales.SalesOrderHeader.SalesOrderID
    GROUP BY
        YEAR(AdventureWorks2022.Sales.SalesOrderHeader.OrderDate),
        AdventureWorks2022.Sales.SalesOrderHeader.CustomerID
),
RankedSales AS (
    SELECT 
        OrderYear,
        CustomerID,
        TotalSales,
        ROW_NUMBER() OVER (PARTITION BY OrderYear ORDER BY TotalSales ASC) AS RowNum
    FROM YearlySales        
)
SELECT
    OrderYear,
    CustomerID,
    TotalSales
FROM RankedSales
WHERE RowNum <= 30;
Query
sql query: ```sql
-- SSMS Query Start
WITH YearlySales AS (
    SELECT
        YEAR(AdventureWorks2022.Sales.SalesOrderHeader.OrderDate) AS OrderYear,
        AdventureWorks2022.Sales.SalesOrderHeader.CustomerID,
        SUM(AdventureWorks2022.Sales.SalesOrderDetail.LineTotal) AS TotalSales
    FROM AdventureWorks2022.Sales.SalesOrderHeader
    INNER JOIN AdventureWorks2022.Sales.SalesOrderDetail
        ON AdventureWorks2022.Sales.SalesOrderDetail.SalesOrderID = AdventureWorks2022.Sales.SalesOrderHeader.SalesOrderID
    GROUP BY
        YEAR(AdventureWorks2022.Sales.SalesOrderHeader.OrderDate),
        AdventureWorks2022.Sales.SalesOrderHeader.CustomerID
),
RankedSales AS (
    SELECT 
        OrderYear,
        CustomerID,
        TotalSales,
        ROW_NUMBER() OVER (PARTITION BY OrderYear ORDER BY TotalSales ASC) AS RowNum
    FROM YearlySales        
)
SELECT
    rs.OrderYear,
    rs.CustomerID,
    rs.TotalSales,
    sod.LineTotal,
    soh.TaxAmt,
    YEAR(soh.OrderDate) AS OrderYearAlias,
    sod.OrderQty,
    st.Name AS TerritoryName
FROM RankedSales rs
JOIN AdventureWorks2022.Sales.SalesOrderHeader soh ON rs.CustomerID = soh.CustomerID AND rs.OrderYear = YEAR(soh.OrderDate)
JOIN AdventureWorks2022.Sales.SalesOrderDetail sod ON soh.SalesOrderID = sod.SalesOrderID
LEFT JOIN AdventureWorks2022.Sales.SalesTerritory st ON soh.TerritoryID = st.TerritoryID
WHERE rs.RowNum <= 30;
```

query: WITH YearlySales AS (
    SELECT
        YEAR(AdventureWorks2022.Sales.SalesOrderHeader.OrderDate) AS OrderYear,
        AdventureWorks2022.Sales.SalesOrderHeader.CustomerID,
        SUM(AdventureWorks2022.Sales.SalesOrderDetail.LineTotal) AS TotalSales
    FROM AdventureWorks2022.Sales.SalesOrderHeader
    INNER JOIN AdventureWorks2022.Sales.SalesOrderDetail
        ON AdventureWorks2022.Sales.SalesOrderDetail.SalesOrderID = AdventureWorks2022.Sales.SalesOrderHeader.SalesOrderID
    GROUP BY
        YEAR(AdventureWorks2022.Sales.SalesOrderHeader.OrderDate),
        AdventureWorks2022.Sales.SalesOrderHeader.CustomerID
),
RankedSales AS (
    SELECT 
        OrderYear,
        CustomerID,
        TotalSales,
        ROW_NUMBER() OVER (PARTITION BY OrderYear ORDER BY TotalSales ASC) AS RowNum
    FROM YearlySales        
)
SELECT
    rs.OrderYear,
    rs.CustomerID,
    rs.TotalSales,
    sod.LineTotal,
    soh.TaxAmt,
    YEAR(soh.OrderDate) AS OrderYearAlias,
    sod.OrderQty,
    st.Name AS TerritoryName
FROM RankedSales rs
JOIN AdventureWorks2022.Sales.SalesOrderHeader soh ON rs.CustomerID = soh.CustomerID AND rs.OrderYear = YEAR(soh.OrderDate)
JOIN AdventureWorks2022.Sales.SalesOrderDetail sod ON soh.SalesOrderID = sod.SalesOrderID
LEFT JOIN AdventureWorks2022.Sales.SalesTerritory st ON soh.TerritoryID = st.TerritoryID
WHERE rs.RowNum <= 30;
Diagnostic
Diagnostic
Query
sql query: ```sql
-- SSMS Query Start
WITH YearlySales AS (
    SELECT
        YEAR(AdventureWorks2022.Sales.SalesOrderHeader.OrderDate) AS OrderYear,
        AdventureWorks2022.Sales.SalesOrderHeader.CustomerID,
        SUM(AdventureWorks2022.Sales.SalesOrderDetail.LineTotal) AS TotalSales
    FROM AdventureWorks2022.Sales.SalesOrderHeader
    INNER JOIN AdventureWorks2022.Sales.SalesOrderDetail
        ON AdventureWorks2022.Sales.SalesOrderDetail.SalesOrderID = AdventureWorks2022.Sales.SalesOrderHeader.SalesOrderID
    GROUP BY
        YEAR(AdventureWorks2022.Sales.SalesOrderHeader.OrderDate),
        AdventureWorks2022.Sales.SalesOrderHeader.CustomerID
),
RankedSales AS (
    SELECT 
        OrderYear,
        CustomerID,
        TotalSales,
        ROW_NUMBER() OVER (PARTITION BY OrderYear ORDER BY TotalSales ASC) AS RowNum
    FROM YearlySales        
)
SELECT
    rs.OrderYear,
    rs.CustomerID,
    rs.TotalSales
FROM RankedSales rs
WHERE rs.RowNum <= 30;
```152.59.33.208 - - [25/Aug/2025 06:14:08] "GET / HTTP/1.1" 200 -
152.59.33.208 - - [25/Aug/2025 06:14:08] "[36mGET /static/style2.css HTTP/1.1[0m" 304 -
152.59.33.208 - - [25/Aug/2025 06:14:08] "[33mGET /favicon.ico HTTP/1.1[0m" 404 -
152.59.33.208 - - [25/Aug/2025 06:14:27] "[32mPOST /login HTTP/1.1[0m" 302 -

Collecting usage statistics. To deactivate, set browser.gatherUsageStats to false.

2025-08-25 06:14:27.867 Port 8501 is already in use
152.59.33.208 - - [25/Aug/2025 06:32:17] "GET / HTTP/1.1" 200 -
152.59.33.208 - - [25/Aug/2025 06:32:17] "[36mGET /static/style2.css HTTP/1.1[0m" 304 -
152.59.33.208 - - [25/Aug/2025 06:32:18] "[33mGET /favicon.ico HTTP/1.1[0m" 404 -
152.59.33.208 - - [25/Aug/2025 06:32:29] "[32mPOST /login HTTP/1.1[0m" 302 -

Collecting usage statistics. To deactivate, set browser.gatherUsageStats to false.

2025-08-25 06:32:30.002 Port 8501 is already in use

query: WITH YearlySales AS (
    SELECT
        YEAR(AdventureWorks2022.Sales.SalesOrderHeader.OrderDate) AS OrderYear,
        AdventureWorks2022.Sales.SalesOrderHeader.CustomerID,
        SUM(AdventureWorks2022.Sales.SalesOrderDetail.LineTotal) AS TotalSales
    FROM AdventureWorks2022.Sales.SalesOrderHeader
    INNER JOIN AdventureWorks2022.Sales.SalesOrderDetail
        ON AdventureWorks2022.Sales.SalesOrderDetail.SalesOrderID = AdventureWorks2022.Sales.SalesOrderHeader.SalesOrderID
    GROUP BY
        YEAR(AdventureWorks2022.Sales.SalesOrderHeader.OrderDate),
        AdventureWorks2022.Sales.SalesOrderHeader.CustomerID
),
RankedSales AS (
    SELECT 
        OrderYear,
        CustomerID,
        TotalSales,
        ROW_NUMBER() OVER (PARTITION BY OrderYear ORDER BY TotalSales ASC) AS RowNum
    FROM YearlySales        
)
SELECT
    rs.OrderYear,
    rs.CustomerID,
    rs.TotalSales
FROM RankedSales rs
WHERE rs.RowNum <= 30;
Query
sql query: ```sql
-- SSMS Query Start
WITH YearlySales AS (
    SELECT
        YEAR(AdventureWorks2022.Sales.SalesOrderHeader.OrderDate) AS OrderYear,
        AdventureWorks2022.Sales.SalesOrderHeader.CustomerID,
        SUM(AdventureWorks2022.Sales.SalesOrderDetail.LineTotal) AS TotalSales
    FROM AdventureWorks2022.Sales.SalesOrderHeader
    INNER JOIN AdventureWorks2022.Sales.SalesOrderDetail
        ON AdventureWorks2022.Sales.SalesOrderDetail.SalesOrderID = AdventureWorks2022.Sales.SalesOrderHeader.SalesOrderID
    GROUP BY
        YEAR(AdventureWorks2022.Sales.SalesOrderHeader.OrderDate),
        AdventureWorks2022.Sales.SalesOrderHeader.CustomerID
),
RankedSales AS (
    SELECT 
        OrderYear,
        CustomerID,
        TotalSales,
        ROW_NUMBER() OVER (PARTITION BY OrderYear ORDER BY TotalSales ASC) AS RowNum
    FROM YearlySales        
)
SELECT
    rs.OrderYear,
    rs.CustomerID,
    rs.TotalSales,
    AdventureWorks2022.Sales.SalesOrderDetail.LineTotal,
    AdventureWorks2022.Sales.SalesOrderHeader.TaxAmt,
    YEAR(AdventureWorks2022.Sales.SalesOrderHeader.OrderDate) AS OrderYear1,
    AdventureWorks2022.Sales.SalesOrderDetail.OrderQty,
    AdventureWorks2022.Sales.SalesOrderHeader.TerritoryID
FROM RankedSales rs
INNER JOIN AdventureWorks2022.Sales.SalesOrderHeader 
    ON rs.CustomerID = AdventureWorks2022.Sales.SalesOrderHeader.CustomerID
INNER JOIN AdventureWorks2022.Sales.SalesOrderDetail
    ON AdventureWorks2022.Sales.SalesOrderDetail.SalesOrderID = AdventureWorks2022.Sales.SalesOrderHeader.SalesOrderID
WHERE rs.RowNum <= 30;
```
query: WITH YearlySales AS (
    SELECT
        YEAR(AdventureWorks2022.Sales.SalesOrderHeader.OrderDate) AS OrderYear,
        AdventureWorks2022.Sales.SalesOrderHeader.CustomerID,
        SUM(AdventureWorks2022.Sales.SalesOrderDetail.LineTotal) AS TotalSales
    FROM AdventureWorks2022.Sales.SalesOrderHeader
    INNER JOIN AdventureWorks2022.Sales.SalesOrderDetail
        ON AdventureWorks2022.Sales.SalesOrderDetail.SalesOrderID = AdventureWorks2022.Sales.SalesOrderHeader.SalesOrderID
    GROUP BY
        YEAR(AdventureWorks2022.Sales.SalesOrderHeader.OrderDate),
        AdventureWorks2022.Sales.SalesOrderHeader.CustomerID
),
RankedSales AS (
    SELECT 
        OrderYear,
        CustomerID,
        TotalSales,
        ROW_NUMBER() OVER (PARTITION BY OrderYear ORDER BY TotalSales ASC) AS RowNum
    FROM YearlySales        
)
SELECT
    rs.OrderYear,
    rs.CustomerID,
    rs.TotalSales,
    AdventureWorks2022.Sales.SalesOrderDetail.LineTotal,
    AdventureWorks2022.Sales.SalesOrderHeader.TaxAmt,
    YEAR(AdventureWorks2022.Sales.SalesOrderHeader.OrderDate) AS OrderYear1,
    AdventureWorks2022.Sales.SalesOrderDetail.OrderQty,
    AdventureWorks2022.Sales.SalesOrderHeader.TerritoryID
FROM RankedSales rs
INNER JOIN AdventureWorks2022.Sales.SalesOrderHeader 
    ON rs.CustomerID = AdventureWorks2022.Sales.SalesOrderHeader.CustomerID
INNER JOIN AdventureWorks2022.Sales.SalesOrderDetail
    ON AdventureWorks2022.Sales.SalesOrderDetail.SalesOrderID = AdventureWorks2022.Sales.SalesOrderHeader.SalesOrderID
WHERE rs.RowNum <= 30;
Diagnostic
Diagnostic
Diagnostic
Diagnostic
Query
sql query: ```sql
-- SSMS Query Start
SELECT AdventureWorks2022.Sales.Customer.CustomerID
FROM AdventureWorks2022.Sales.Customer
INNER JOIN AdventureWorks2022.Sales.SalesOrderHeader
ON AdventureWorks2022.Sales.SalesOrderHeader.CustomerID = AdventureWorks2022.Sales.Customer.CustomerID
WHERE YEAR(AdventureWorks2022.Sales.SalesOrderHeader.OrderDate) = 2013
GROUP BY AdventureWorks2022.Sales.Customer.CustomerID
HAVING COUNT(AdventureWorks2022.Sales.SalesOrderHeader.SalesOrderID) < 5;
```
query: SELECT AdventureWorks2022.Sales.Customer.CustomerID
FROM AdventureWorks2022.Sales.Customer
INNER JOIN AdventureWorks2022.Sales.SalesOrderHeader
ON AdventureWorks2022.Sales.SalesOrderHeader.CustomerID = AdventureWorks2022.Sales.Customer.CustomerID
WHERE YEAR(AdventureWorks2022.Sales.SalesOrderHeader.OrderDate) = 2013
GROUP BY AdventureWorks2022.Sales.Customer.CustomerID
HAVING COUNT(AdventureWorks2022.Sales.SalesOrderHeader.SalesOrderID) < 5;
Query
sql query: ```sql
-- SSMS Query Start
SELECT AdventureWorks2022.Sales.Customer.CustomerID,
       AdventureWorks2022.Sales.SalesOrderHeader.TaxAmt,
       AdventureWorks2022.Sales.SalesOrderHeader.TotalDue AS SalesTotal,
       AdventureWorks2022.Sales.SalesOrderHeader.TerritoryID,
       AdventureWorks2022.Sales.SalesOrderDetail.OrderQty
FROM AdventureWorks2022.Sales.Customer
INNER JOIN AdventureWorks2022.Sales.SalesOrderHeader
ON AdventureWorks2022.Sales.SalesOrderHeader.CustomerID = AdventureWorks2022.Sales.Customer.CustomerID
INNER JOIN AdventureWorks2022.Sales.SalesOrderDetail
ON AdventureWorks2022.Sales.SalesOrderDetail.SalesOrderID = AdventureWorks2022.Sales.SalesOrderHeader.SalesOrderID
WHERE YEAR(AdventureWorks2022.Sales.SalesOrderHeader.OrderDate) = 2013
GROUP BY AdventureWorks2022.Sales.Customer.CustomerID, AdventureWorks2022.Sales.SalesOrderHeader.TaxAmt, AdventureWorks2022.Sales.SalesOrderHeader.TotalDue, AdventureWorks2022.Sales.SalesOrderHeader.TerritoryID, AdventureWorks2022.Sales.SalesOrderDetail.OrderQty
HAVING COUNT(AdventureWorks2022.Sales.SalesOrderHeader.SalesOrderID) < 5;
```
query: SELECT AdventureWorks2022.Sales.Customer.CustomerID,
       AdventureWorks2022.Sales.SalesOrderHeader.TaxAmt,
       AdventureWorks2022.Sales.SalesOrderHeader.TotalDue AS SalesTotal,
       AdventureWorks2022.Sales.SalesOrderHeader.TerritoryID,
       AdventureWorks2022.Sales.SalesOrderDetail.OrderQty
FROM AdventureWorks2022.Sales.Customer
INNER JOIN AdventureWorks2022.Sales.SalesOrderHeader
ON AdventureWorks2022.Sales.SalesOrderHeader.CustomerID = AdventureWorks2022.Sales.Customer.CustomerID
INNER JOIN AdventureWorks2022.Sales.SalesOrderDetail
ON AdventureWorks2022.Sales.SalesOrderDetail.SalesOrderID = AdventureWorks2022.Sales.SalesOrderHeader.SalesOrderID
WHERE YEAR(AdventureWorks2022.Sales.SalesOrderHeader.OrderDate) = 2013
GROUP BY AdventureWorks2022.Sales.Customer.CustomerID, AdventureWorks2022.Sales.SalesOrderHeader.TaxAmt, AdventureWorks2022.Sales.SalesOrderHeader.TotalDue, AdventureWorks2022.Sales.SalesOrderHeader.TerritoryID, AdventureWorks2022.Sales.SalesOrderDetail.OrderQty
HAVING COUNT(AdventureWorks2022.Sales.SalesOrderHeader.SalesOrderID) < 5;
Diagnostic
Prescriptive
Query
sql query: ```sql
-- SSMS Query Start
SELECT Sales.SalesTerritory.Name AS TerritoryName,
       SUM(CASE WHEN DATEPART(QUARTER, Sales.SalesOrderHeader.OrderDate) = 2 THEN Sales.SalesOrderDetail.LineTotal ELSE 0 END) AS Q2Sales,
       SUM(CASE WHEN DATEPART(QUARTER, Sales.SalesOrderHeader.OrderDate) = 3 THEN Sales.SalesOrderDetail.LineTotal ELSE 0 END) AS Q3Sales
FROM AdventureWorks2022.Sales.SalesOrderHeader
INNER JOIN AdventureWorks2022.Sales.SalesOrderDetail ON Sales.SalesOrderHeader.SalesOrderID = Sales.SalesOrderDetail.SalesOrderID
INNER JOIN AdventureWorks2022.Sales.SalesTerritory ON Sales.SalesOrderHeader.TerritoryID = Sales.SalesTerritory.TerritoryID
WHERE YEAR(Sales.SalesOrderHeader.OrderDate) = 2013
GROUP BY Sales.SalesTerritory.Name;
```
query: SELECT Sales.SalesTerritory.Name AS TerritoryName,
       SUM(CASE WHEN DATEPART(QUARTER, Sales.SalesOrderHeader.OrderDate) = 2 THEN Sales.SalesOrderDetail.LineTotal ELSE 0 END) AS Q2Sales,
       SUM(CASE WHEN DATEPART(QUARTER, Sales.SalesOrderHeader.OrderDate) = 3 THEN Sales.SalesOrderDetail.LineTotal ELSE 0 END) AS Q3Sales
FROM AdventureWorks2022.Sales.SalesOrderHeader
INNER JOIN AdventureWorks2022.Sales.SalesOrderDetail ON Sales.SalesOrderHeader.SalesOrderID = Sales.SalesOrderDetail.SalesOrderID
INNER JOIN AdventureWorks2022.Sales.SalesTerritory ON Sales.SalesOrderHeader.TerritoryID = Sales.SalesTerritory.TerritoryID
WHERE YEAR(Sales.SalesOrderHeader.OrderDate) = 2013
GROUP BY Sales.SalesTerritory.Name;2025-08-25 06:46:08.832 Uncaught app execution
Traceback (most recent call last):
  File "/home/ec2-user/.local/lib/python3.11/site-packages/sqlalchemy/engine/base.py", line 1967, in _exec_single_context
    self.dialect.do_execute(
  File "/home/ec2-user/.local/lib/python3.11/site-packages/sqlalchemy/engine/default.py", line 951, in do_execute
    cursor.execute(statement, parameters)
pyodbc.ProgrammingError: ('42000', '[42000] [Microsoft][ODBC Driver 17 for SQL Server][SQL Server]The multi-part identifier "Sales.SalesOrderHeader.SalesOrderID" could not be bound. (4104) (SQLExecDirectW)')

The above exception was the direct cause of the following exception:

Traceback (most recent call last):
  File "/home/ec2-user/.local/lib/python3.11/site-packages/streamlit/runtime/scriptrunner/exec_code.py", line 128, in exec_func_with_error_handling
    result = func()
             ^^^^^^
  File "/home/ec2-user/.local/lib/python3.11/site-packages/streamlit/runtime/scriptrunner/script_runner.py", line 669, in code_to_exec
    exec(code, module.__dict__)  # noqa: S102
    ^^^^^^^^^^^^^^^^^^^^^^^^^^^
  File "/home/ec2-user/NEW_REPO_DATAGENIE/Back_test.py", line 450, in <module>
    df = pd.read_sql(query, engine)
         ^^^^^^^^^^^^^^^^^^^^^^^^^^
  File "/home/ec2-user/.local/lib/python3.11/site-packages/pandas/io/sql.py", line 736, in read_sql
    return pandas_sql.read_query(
           ^^^^^^^^^^^^^^^^^^^^^^
  File "/home/ec2-user/.local/lib/python3.11/site-packages/pandas/io/sql.py", line 1848, in read_query
    result = self.execute(sql, params)
             ^^^^^^^^^^^^^^^^^^^^^^^^^
  File "/home/ec2-user/.local/lib/python3.11/site-packages/pandas/io/sql.py", line 1671, in execute
    return self.con.exec_driver_sql(sql, *args)
           ^^^^^^^^^^^^^^^^^^^^^^^^^^^^^^^^^^^^
  File "/home/ec2-user/.local/lib/python3.11/site-packages/sqlalchemy/engine/base.py", line 1779, in exec_driver_sql
    ret = self._execute_context(
          ^^^^^^^^^^^^^^^^^^^^^^
  File "/home/ec2-user/.local/lib/python3.11/site-packages/sqlalchemy/engine/base.py", line 1846, in _execute_context
    return self._exec_single_context(
           ^^^^^^^^^^^^^^^^^^^^^^^^^^
  File "/home/ec2-user/.local/lib/python3.11/site-packages/sqlalchemy/engine/base.py", line 1986, in _exec_single_context
    self._handle_dbapi_exception(
  File "/home/ec2-user/.local/lib/python3.11/site-packages/sqlalchemy/engine/base.py", line 2355, in _handle_dbapi_exception
    raise sqlalchemy_exception.with_traceback(exc_info[2]) from e
  File "/home/ec2-user/.local/lib/python3.11/site-packages/sqlalchemy/engine/base.py", line 1967, in _exec_single_context
    self.dialect.do_execute(
  File "/home/ec2-user/.local/lib/python3.11/site-packages/sqlalchemy/engine/default.py", line 951, in do_execute
    cursor.execute(statement, parameters)
sqlalchemy.exc.ProgrammingError: (pyodbc.ProgrammingError) ('42000', '[42000] [Microsoft][ODBC Driver 17 for SQL Server][SQL Server]The multi-part identifier "Sales.SalesOrderHeader.SalesOrderID" could not be bound. (4104) (SQLExecDirectW)')
[SQL: SELECT Sales.SalesTerritory.Name AS TerritoryName,
       SUM(CASE WHEN DATEPART(QUARTER, Sales.SalesOrderHeader.OrderDate) = 2 THEN Sales.SalesOrderDetail.LineTotal ELSE 0 END) AS Q2Sales,
       SUM(CASE WHEN DATEPART(QUARTER, Sales.SalesOrderHeader.OrderDate) = 3 THEN Sales.SalesOrderDetail.LineTotal ELSE 0 END) AS Q3Sales
FROM AdventureWorks2022.Sales.SalesOrderHeader
INNER JOIN AdventureWorks2022.Sales.SalesOrderDetail ON Sales.SalesOrderHeader.SalesOrderID = Sales.SalesOrderDetail.SalesOrderID
INNER JOIN AdventureWorks2022.Sales.SalesTerritory ON Sales.SalesOrderHeader.TerritoryID = Sales.SalesTerritory.TerritoryID
WHERE YEAR(Sales.SalesOrderHeader.OrderDate) = 2013
GROUP BY Sales.SalesTerritory.Name;]
(Background on this error at: https://sqlalche.me/e/20/f405)

Query
sql query: ```sql
-- SSMS Query Start
SELECT AdventureWorks2022.Sales.SalesTerritory.Name AS TerritoryName,
       SUM(CASE WHEN DATEPART(QUARTER, AdventureWorks2022.Sales.SalesOrderHeader.OrderDate) = 3 THEN AdventureWorks2022.Sales.SalesOrderDetail.LineTotal ELSE 0 END) AS Q3Sales,
       SUM(CASE WHEN DATEPART(QUARTER, AdventureWorks2022.Sales.SalesOrderHeader.OrderDate) = 4 THEN AdventureWorks2022.Sales.SalesOrderDetail.LineTotal ELSE 0 END) AS Q4Sales
FROM AdventureWorks2022.Sales.SalesOrderHeader
INNER JOIN AdventureWorks2022.Sales.SalesOrderDetail ON AdventureWorks2022.Sales.SalesOrderHeader.SalesOrderID = AdventureWorks2022.Sales.SalesOrderDetail.SalesOrderID
INNER JOIN AdventureWorks2022.Sales.SalesTerritory ON AdventureWorks2022.Sales.SalesOrderHeader.TerritoryID = AdventureWorks2022.Sales.SalesTerritory.TerritoryID
WHERE YEAR(AdventureWorks2022.Sales.SalesOrderHeader.OrderDate) = 2013
GROUP BY AdventureWorks2022.Sales.SalesTerritory.Name;
```
query: SELECT AdventureWorks2022.Sales.SalesTerritory.Name AS TerritoryName,
       SUM(CASE WHEN DATEPART(QUARTER, AdventureWorks2022.Sales.SalesOrderHeader.OrderDate) = 3 THEN AdventureWorks2022.Sales.SalesOrderDetail.LineTotal ELSE 0 END) AS Q3Sales,
       SUM(CASE WHEN DATEPART(QUARTER, AdventureWorks2022.Sales.SalesOrderHeader.OrderDate) = 4 THEN AdventureWorks2022.Sales.SalesOrderDetail.LineTotal ELSE 0 END) AS Q4Sales
FROM AdventureWorks2022.Sales.SalesOrderHeader
INNER JOIN AdventureWorks2022.Sales.SalesOrderDetail ON AdventureWorks2022.Sales.SalesOrderHeader.SalesOrderID = AdventureWorks2022.Sales.SalesOrderDetail.SalesOrderID
INNER JOIN AdventureWorks2022.Sales.SalesTerritory ON AdventureWorks2022.Sales.SalesOrderHeader.TerritoryID = AdventureWorks2022.Sales.SalesTerritory.TerritoryID
WHERE YEAR(AdventureWorks2022.Sales.SalesOrderHeader.OrderDate) = 2013
GROUP BY AdventureWorks2022.Sales.SalesTerritory.Name;
Query
sql query: ```sql
-- SSMS Query Start
SELECT AdventureWorks2022.Sales.SalesTerritory.Name AS TerritoryName,
       SUM(CASE WHEN DATEPART(QUARTER, AdventureWorks2022.Sales.SalesOrderHeader.OrderDate) = 3 THEN AdventureWorks2022.Sales.SalesOrderDetail.LineTotal ELSE 0 END) AS Q3Sales,
       SUM(CASE WHEN DATEPART(QUARTER, AdventureWorks2022.Sales.SalesOrderHeader.OrderDate) = 4 THEN AdventureWorks2022.Sales.SalesOrderDetail.LineTotal ELSE 0 END) AS Q4Sales,
       YEAR(AdventureWorks2022.Sales.SalesOrderHeader.OrderDate) AS SalesYear,
       DATEPART(QUARTER, AdventureWorks2022.Sales.SalesOrderHeader.OrderDate) AS SalesQuarter,
       MONTH(AdventureWorks2022.Sales.SalesOrderHeader.OrderDate) AS SalesMonth,
       AdventureWorks2022.Production.Product.Name AS ProductName
FROM AdventureWorks2022.Sales.SalesOrderHeader
INNER JOIN AdventureWorks2022.Sales.SalesOrderDetail ON AdventureWorks2022.Sales.SalesOrderHeader.SalesOrderID = AdventureWorks2022.Sales.SalesOrderDetail.SalesOrderID
INNER JOIN AdventureWorks2022.Sales.SalesTerritory ON AdventureWorks2022.Sales.SalesOrderHeader.TerritoryID = AdventureWorks2022.Sales.SalesTerritory.TerritoryID
INNER JOIN AdventureWorks2022.Production.Product ON AdventureWorks2022.Sales.SalesOrderDetail.ProductID = AdventureWorks2022.Production.Product.ProductID
WHERE YEAR(AdventureWorks2022.Sales.SalesOrderHeader.OrderDate) = 2013
GROUP BY AdventureWorks2022.Sales.SalesTerritory.Name, YEAR(AdventureWorks2022.Sales.SalesOrderHeader.OrderDate), DATEPART(QUARTER, AdventureWorks2022.Sales.SalesOrderHeader.OrderDate), MONTH(AdventureWorks2022.Sales.SalesOrderHeader.OrderDate), AdventureWorks2022.Production.Product.Name;
```
query: SELECT AdventureWorks2022.Sales.SalesTerritory.Name AS TerritoryName,
       SUM(CASE WHEN DATEPART(QUARTER, AdventureWorks2022.Sales.SalesOrderHeader.OrderDate) = 3 THEN AdventureWorks2022.Sales.SalesOrderDetail.LineTotal ELSE 0 END) AS Q3Sales,
       SUM(CASE WHEN DATEPART(QUARTER, AdventureWorks2022.Sales.SalesOrderHeader.OrderDate) = 4 THEN AdventureWorks2022.Sales.SalesOrderDetail.LineTotal ELSE 0 END) AS Q4Sales,
       YEAR(AdventureWorks2022.Sales.SalesOrderHeader.OrderDate) AS SalesYear,
       DATEPART(QUARTER, AdventureWorks2022.Sales.SalesOrderHeader.OrderDate) AS SalesQuarter,
       MONTH(AdventureWorks2022.Sales.SalesOrderHeader.OrderDate) AS SalesMonth,
       AdventureWorks2022.Production.Product.Name AS ProductName
FROM AdventureWorks2022.Sales.SalesOrderHeader
INNER JOIN AdventureWorks2022.Sales.SalesOrderDetail ON AdventureWorks2022.Sales.SalesOrderHeader.SalesOrderID = AdventureWorks2022.Sales.SalesOrderDetail.SalesOrderID
INNER JOIN AdventureWorks2022.Sales.SalesTerritory ON AdventureWorks2022.Sales.SalesOrderHeader.TerritoryID = AdventureWorks2022.Sales.SalesTerritory.TerritoryID
INNER JOIN AdventureWorks2022.Production.Product ON AdventureWorks2022.Sales.SalesOrderDetail.ProductID = AdventureWorks2022.Production.Product.ProductID
WHERE YEAR(AdventureWorks2022.Sales.SalesOrderHeader.OrderDate) = 2013
GROUP BY AdventureWorks2022.Sales.SalesTerritory.Name, YEAR(AdventureWorks2022.Sales.SalesOrderHeader.OrderDate), DATEPART(QUARTER, AdventureWorks2022.Sales.SalesOrderHeader.OrderDate), MONTH(AdventureWorks2022.Sales.SalesOrderHeader.OrderDate), AdventureWorks2022.Production.Product.Name;
Query
sql query: ```sql
-- SSMS Query Start
SELECT AdventureWorks2022.Sales.SalesTerritory.Name AS TerritoryName,
       SUM(CASE WHEN DATEPART(QUARTER, AdventureWorks2022.Sales.SalesOrderHeader.OrderDate) = 3 THEN AdventureWorks2022.Sales.SalesOrderDetail.LineTotal ELSE 0 END) AS Q3Sales,
       SUM(CASE WHEN DATEPART(QUARTER, AdventureWorks2022.Sales.SalesOrderHeader.OrderDate) = 4 THEN AdventureWorks2022.Sales.SalesOrderDetail.LineTotal ELSE 0 END) AS Q4Sales,
       YEAR(AdventureWorks2022.Sales.SalesOrderHeader.OrderDate) AS SalesYear,
       DATEPART(QUARTER, AdventureWorks2022.Sales.SalesOrderHeader.OrderDate) AS SalesQuarter,
       FORMAT(AdventureWorks2022.Sales.SalesOrderHeader.OrderDate, 'MMM') AS SalesMonth,
       AdventureWorks2022.Production.Product.Name AS ProductName
FROM AdventureWorks2022.Sales.SalesOrderHeader
INNER JOIN AdventureWorks2022.Sales.SalesOrderDetail ON AdventureWorks2022.Sales.SalesOrderHeader.SalesOrderID = AdventureWorks2022.Sales.SalesOrderDetail.SalesOrderID
INNER JOIN AdventureWorks2022.Sales.SalesTerritory ON AdventureWorks2022.Sales.SalesOrderHeader.TerritoryID = AdventureWorks2022.Sales.SalesTerritory.TerritoryID
INNER JOIN AdventureWorks2022.Production.Product ON AdventureWorks2022.Sales.SalesOrderDetail.ProductID = AdventureWorks2022.Production.Product.ProductID
WHERE YEAR(AdventureWorks2022.Sales.SalesOrderHeader.OrderDate) = 2013
GROUP BY AdventureWorks2022.Sales.SalesTerritory.Name, YEAR(AdventureWorks2022.Sales.SalesOrderHeader.OrderDate), DATEPART(QUARTER, AdventureWorks2022.Sales.SalesOrderHeader.OrderDate), FORMAT(AdventureWorks2022.Sales.SalesOrderHeader.OrderDate, 'MMM'), AdventureWorks2022.Production.Product.Name;
```
query: SELECT AdventureWorks2022.Sales.SalesTerritory.Name AS TerritoryName,
       SUM(CASE WHEN DATEPART(QUARTER, AdventureWorks2022.Sales.SalesOrderHeader.OrderDate) = 3 THEN AdventureWorks2022.Sales.SalesOrderDetail.LineTotal ELSE 0 END) AS Q3Sales,
       SUM(CASE WHEN DATEPART(QUARTER, AdventureWorks2022.Sales.SalesOrderHeader.OrderDate) = 4 THEN AdventureWorks2022.Sales.SalesOrderDetail.LineTotal ELSE 0 END) AS Q4Sales,
       YEAR(AdventureWorks2022.Sales.SalesOrderHeader.OrderDate) AS SalesYear,
       DATEPART(QUARTER, AdventureWorks2022.Sales.SalesOrderHeader.OrderDate) AS SalesQuarter,
       FORMAT(AdventureWorks2022.Sales.SalesOrderHeader.OrderDate, 'MMM') AS SalesMonth,
       AdventureWorks2022.Production.Product.Name AS ProductName
FROM AdventureWorks2022.Sales.SalesOrderHeader
INNER JOIN AdventureWorks2022.Sales.SalesOrderDetail ON AdventureWorks2022.Sales.SalesOrderHeader.SalesOrderID = AdventureWorks2022.Sales.SalesOrderDetail.SalesOrderID
INNER JOIN AdventureWorks2022.Sales.SalesTerritory ON AdventureWorks2022.Sales.SalesOrderHeader.TerritoryID = AdventureWorks2022.Sales.SalesTerritory.TerritoryID
INNER JOIN AdventureWorks2022.Production.Product ON AdventureWorks2022.Sales.SalesOrderDetail.ProductID = AdventureWorks2022.Production.Product.ProductID
WHERE YEAR(AdventureWorks2022.Sales.SalesOrderHeader.OrderDate) = 2013
GROUP BY AdventureWorks2022.Sales.SalesTerritory.Name, YEAR(AdventureWorks2022.Sales.SalesOrderHeader.OrderDate), DATEPART(QUARTER, AdventureWorks2022.Sales.SalesOrderHeader.OrderDate), FORMAT(AdventureWorks2022.Sales.SalesOrderHeader.OrderDate, 'MMM'), AdventureWorks2022.Production.Product.Name;152.59.33.208 - - [25/Aug/2025 07:05:12] "[32mPOST /login HTTP/1.1[0m" 302 -

Collecting usage statistics. To deactivate, set browser.gatherUsageStats to false.

2025-08-25 07:05:12.712 Port 8501 is already in use

Descriptive
Diagnostic
Query
sql query: ```sql
-- SSMS Query Start
SELECT AdventureWorks2022.Sales.Customer.CustomerID
FROM AdventureWorks2022.Sales.SalesOrderHeader
INNER JOIN AdventureWorks2022.Sales.Customer ON AdventureWorks2022.Sales.SalesOrderHeader.CustomerID = AdventureWorks2022.Sales.Customer.CustomerID
WHERE YEAR(AdventureWorks2022.Sales.SalesOrderHeader.OrderDate) = 2013
GROUP BY AdventureWorks2022.Sales.Customer.CustomerID
HAVING COUNT(AdventureWorks2022.Sales.SalesOrderHeader.SalesOrderID) < 5;
```
query: SELECT AdventureWorks2022.Sales.Customer.CustomerID
FROM AdventureWorks2022.Sales.SalesOrderHeader
INNER JOIN AdventureWorks2022.Sales.Customer ON AdventureWorks2022.Sales.SalesOrderHeader.CustomerID = AdventureWorks2022.Sales.Customer.CustomerID
WHERE YEAR(AdventureWorks2022.Sales.SalesOrderHeader.OrderDate) = 2013
GROUP BY AdventureWorks2022.Sales.Customer.CustomerID
HAVING COUNT(AdventureWorks2022.Sales.SalesOrderHeader.SalesOrderID) < 5;
Query
sql query: ```sql
-- SSMS Query Start
SELECT AdventureWorks2022.Sales.Customer.CustomerID,
       AdventureWorks2022.Sales.SalesOrderHeader.TaxAmt,
       AdventureWorks2022.Sales.SalesOrderHeader.TotalDue,
       AdventureWorks2022.Sales.SalesOrderDetail.OrderQty
FROM AdventureWorks2022.Sales.SalesOrderHeader
INNER JOIN AdventureWorks2022.Sales.Customer ON AdventureWorks2022.Sales.SalesOrderHeader.CustomerID = AdventureWorks2022.Sales.Customer.CustomerID
INNER JOIN AdventureWorks2022.Sales.SalesOrderDetail ON AdventureWorks2022.Sales.SalesOrderHeader.SalesOrderID = AdventureWorks2022.Sales.SalesOrderDetail.SalesOrderID
WHERE YEAR(AdventureWorks2022.Sales.SalesOrderHeader.OrderDate) = 2013
GROUP BY AdventureWorks2022.Sales.Customer.CustomerID, AdventureWorks2022.Sales.SalesOrderHeader.TaxAmt, AdventureWorks2022.Sales.SalesOrderHeader.TotalDue, AdventureWorks2022.Sales.SalesOrderDetail.OrderQty
HAVING COUNT(AdventureWorks2022.Sales.SalesOrderHeader.SalesOrderID) < 5;
```
query: SELECT AdventureWorks2022.Sales.Customer.CustomerID,
       AdventureWorks2022.Sales.SalesOrderHeader.TaxAmt,
       AdventureWorks2022.Sales.SalesOrderHeader.TotalDue,
       AdventureWorks2022.Sales.SalesOrderDetail.OrderQty
FROM AdventureWorks2022.Sales.SalesOrderHeader
INNER JOIN AdventureWorks2022.Sales.Customer ON AdventureWorks2022.Sales.SalesOrderHeader.CustomerID = AdventureWorks2022.Sales.Customer.CustomerID
INNER JOIN AdventureWorks2022.Sales.SalesOrderDetail ON AdventureWorks2022.Sales.SalesOrderHeader.SalesOrderID = AdventureWorks2022.Sales.SalesOrderDetail.SalesOrderID
WHERE YEAR(AdventureWorks2022.Sales.SalesOrderHeader.OrderDate) = 2013
GROUP BY AdventureWorks2022.Sales.Customer.CustomerID, AdventureWorks2022.Sales.SalesOrderHeader.TaxAmt, AdventureWorks2022.Sales.SalesOrderHeader.TotalDue, AdventureWorks2022.Sales.SalesOrderDetail.OrderQty
HAVING COUNT(AdventureWorks2022.Sales.SalesOrderHeader.SalesOrderID) < 5;
Diagnostic
Query
sql query: ```sql
-- SSMS Query Start
SELECT AdventureWorks2022.Sales.Customer.CustomerID,
       AdventureWorks2022.Sales.SalesOrderHeader.TaxAmt,
       AdventureWorks2022.Sales.SalesOrderHeader.TotalDue,
       AdventureWorks2022.Sales.SalesOrderDetail.OrderQty,
       AdventureWorks2022.Sales.SalesOrderHeader.TerritoryID
FROM AdventureWorks2022.Sales.SalesOrderHeader
INNER JOIN AdventureWorks2022.Sales.Customer ON AdventureWorks2022.Sales.SalesOrderHeader.CustomerID = AdventureWorks2022.Sales.Customer.CustomerID
INNER JOIN AdventureWorks2022.Sales.SalesOrderDetail ON AdventureWorks2022.Sales.SalesOrderHeader.SalesOrderID = AdventureWorks2022.Sales.SalesOrderDetail.SalesOrderID
WHERE YEAR(AdventureWorks2022.Sales.SalesOrderHeader.OrderDate) = 2013
GROUP BY AdventureWorks2022.Sales.Customer.CustomerID, AdventureWorks2022.Sales.SalesOrderHeader.TaxAmt, AdventureWorks2022.Sales.SalesOrderHeader.TotalDue, AdventureWorks2022.Sales.SalesOrderDetail.OrderQty, AdventureWorks2022.Sales.SalesOrderHeader.TerritoryID
HAVING COUNT(AdventureWorks2022.Sales.SalesOrderHeader.SalesOrderID) < 5;
```
query: SELECT AdventureWorks2022.Sales.Customer.CustomerID,
       AdventureWorks2022.Sales.SalesOrderHeader.TaxAmt,
       AdventureWorks2022.Sales.SalesOrderHeader.TotalDue,
       AdventureWorks2022.Sales.SalesOrderDetail.OrderQty,
       AdventureWorks2022.Sales.SalesOrderHeader.TerritoryID
FROM AdventureWorks2022.Sales.SalesOrderHeader
INNER JOIN AdventureWorks2022.Sales.Customer ON AdventureWorks2022.Sales.SalesOrderHeader.CustomerID = AdventureWorks2022.Sales.Customer.CustomerID
INNER JOIN AdventureWorks2022.Sales.SalesOrderDetail ON AdventureWorks2022.Sales.SalesOrderHeader.SalesOrderID = AdventureWorks2022.Sales.SalesOrderDetail.SalesOrderID
WHERE YEAR(AdventureWorks2022.Sales.SalesOrderHeader.OrderDate) = 2013
GROUP BY AdventureWorks2022.Sales.Customer.CustomerID, AdventureWorks2022.Sales.SalesOrderHeader.TaxAmt, AdventureWorks2022.Sales.SalesOrderHeader.TotalDue, AdventureWorks2022.Sales.SalesOrderDetail.OrderQty, AdventureWorks2022.Sales.SalesOrderHeader.TerritoryID
HAVING COUNT(AdventureWorks2022.Sales.SalesOrderHeader.SalesOrderID) < 5;
Query
sql query: ```sql
-- SSMS Query Start
SELECT AdventureWorks2022.Sales.SalesTerritory.TerritoryID, AdventureWorks2022.Sales.SalesTerritory.Name, AdventureWorks2022.Sales.SalesTerritory.SalesYTD, AdventureWorks2022.Sales.SalesTerritory.SalesLastYear
FROM AdventureWorks2022.Sales.SalesTerritory;
```
query: SELECT AdventureWorks2022.Sales.SalesTerritory.TerritoryID, AdventureWorks2022.Sales.SalesTerritory.Name, AdventureWorks2022.Sales.SalesTerritory.SalesYTD, AdventureWorks2022.Sales.SalesTerritory.SalesLastYear
FROM AdventureWorks2022.Sales.SalesTerritory;
Query
sql query: ```sql
-- SSMS Query Start
SELECT AdventureWorks2022.Sales.SalesTerritory.TerritoryID, AdventureWorks2022.Sales.SalesTerritory.Name, AdventureWorks2022.Sales.SalesTerritory.SalesYTD, AdventureWorks2022.Sales.SalesTerritory.SalesLastYear, AdventureWorks2022.Sales.vStoreWithDemographics.YearOpened
FROM AdventureWorks2022.Sales.SalesTerritory
INNER JOIN AdventureWorks2022.Sales.Store ON AdventureWorks2022.Sales.SalesTerritory.TerritoryID = AdventureWorks2022.Sales.Store.BusinessEntityID
INNER JOIN AdventureWorks2022.Sales.vStoreWithDemographics ON AdventureWorks2022.Sales.Store.BusinessEntityID = AdventureWorks2022.Sales.vStoreWithDemographics.BusinessEntityID;
```
query: SELECT AdventureWorks2022.Sales.SalesTerritory.TerritoryID, AdventureWorks2022.Sales.SalesTerritory.Name, AdventureWorks2022.Sales.SalesTerritory.SalesYTD, AdventureWorks2022.Sales.SalesTerritory.SalesLastYear, AdventureWorks2022.Sales.vStoreWithDemographics.YearOpened
FROM AdventureWorks2022.Sales.SalesTerritory
INNER JOIN AdventureWorks2022.Sales.Store ON AdventureWorks2022.Sales.SalesTerritory.TerritoryID = AdventureWorks2022.Sales.Store.BusinessEntityID
INNER JOIN AdventureWorks2022.Sales.vStoreWithDemographics ON AdventureWorks2022.Sales.Store.BusinessEntityID = AdventureWorks2022.Sales.vStoreWithDemographics.BusinessEntityID;
Query
sql query: ```sql
-- SSMS Query Start
SELECT AdventureWorks2022.Sales.SalesTerritory.TerritoryID, AdventureWorks2022.Sales.SalesTerritory.Name, AdventureWorks2022.Sales.SalesTerritory.SalesYTD, AdventureWorks2022.Sales.SalesTerritory.SalesLastYear
FROM AdventureWorks2022.Sales.SalesTerritory;
```
query: SELECT AdventureWorks2022.Sales.SalesTerritory.TerritoryID, AdventureWorks2022.Sales.SalesTerritory.Name, AdventureWorks2022.Sales.SalesTerritory.SalesYTD, AdventureWorks2022.Sales.SalesTerritory.SalesLastYear
FROM AdventureWorks2022.Sales.SalesTerritory;
Query
sql query: ```sql
-- SSMS Query Start
SELECT
    AdventureWorks2022.Sales.SalesTerritory.TerritoryID,
    AdventureWorks2022.Sales.SalesTerritory.Name,
    AdventureWorks2022.Sales.SalesTerritory.SalesYTD,
    AdventureWorks2022.Sales.SalesTerritory.SalesLastYear,
    AdventureWorks2022.Sales.vStoreWithDemographics.YearOpened
FROM
    AdventureWorks2022.Sales.SalesTerritory
INNER JOIN AdventureWorks2022.Sales.Store ON AdventureWorks2022.Sales.SalesTerritory.TerritoryID = AdventureWorks2022.Sales.Store.BusinessEntityID
INNER JOIN AdventureWorks2022.Sales.vStoreWithDemographics ON AdventureWorks2022.Sales.Store.BusinessEntityID = AdventureWorks2022.Sales.vStoreWithDemographics.BusinessEntityID;
```
query: SELECT
    AdventureWorks2022.Sales.SalesTerritory.TerritoryID,
    AdventureWorks2022.Sales.SalesTerritory.Name,
    AdventureWorks2022.Sales.SalesTerritory.SalesYTD,
    AdventureWorks2022.Sales.SalesTerritory.SalesLastYear,
    AdventureWorks2022.Sales.vStoreWithDemographics.YearOpened
FROM
    AdventureWorks2022.Sales.SalesTerritory
INNER JOIN AdventureWorks2022.Sales.Store ON AdventureWorks2022.Sales.SalesTerritory.TerritoryID = AdventureWorks2022.Sales.Store.BusinessEntityID
INNER JOIN AdventureWorks2022.Sales.vStoreWithDemographics ON AdventureWorks2022.Sales.Store.BusinessEntityID = AdventureWorks2022.Sales.vStoreWithDemographics.BusinessEntityID;
Query
sql query: ```sql
-- SSMS Query Start
SELECT
    AdventureWorks2022.Sales.SalesTerritory.TerritoryID,
    AdventureWorks2022.Sales.SalesTerritory.Name,
    AdventureWorks2022.Sales.SalesTerritory.SalesYTD,
    AdventureWorks2022.Sales.SalesTerritory.SalesLastYear
FROM
    AdventureWorks2022.Sales.SalesTerritory;
```
query: SELECT
    AdventureWorks2022.Sales.SalesTerritory.TerritoryID,
    AdventureWorks2022.Sales.SalesTerritory.Name,
    AdventureWorks2022.Sales.SalesTerritory.SalesYTD,
    AdventureWorks2022.Sales.SalesTerritory.SalesLastYear
FROM
    AdventureWorks2022.Sales.SalesTerritory;
chart code :  ```python
import plotly.express as px
import pandas as pd

# Assuming df is already loaded and contains the required data

# Drop rows with null, NaN, or blank strings in 'Name' and 'SalesLastYear'
df = df.dropna(subset=['Name', 'SalesLastYear'])
df = df[df['Name'].astype(str).str.strip() != '']
df = df[df['SalesLastYear'].astype(str).str.strip() != '']


fig = px.pie(df, names='Name', values='SalesLastYear')
fig.show()

```
  Stopping...
DataGenie Running on http://13.202.180.165:5000
sql1
13.202.180.165
cursror connected
Flask Server Is Starting...
 * Serving Flask app 'login'
 * Debug mode: on
[31m[1mWARNING: This is a development server. Do not use it in a production deployment. Use a production WSGI server instead.[0m
 * Running on all addresses (0.0.0.0)
 * Running on http://127.0.0.1:5000
 * Running on http://172.31.13.254:5000
[33mPress CTRL+C to quit[0m
 * Restarting with watchdog (inotify)
 * Debugger is active!
 * Debugger PIN: 102-189-630
13.202.180.165
cursror connected
Flask Server Is Starting...
DataGenie Running on http://13.202.180.165:5000
DataGenie Running on http://13.202.180.165:5000
sql1
sql1
sql1
13.202.180.165
cursror connected
Flask Server Is Starting...
 * Serving Flask app 'login'
 * Debug mode: on
[31m[1mWARNING: This is a development server. Do not use it in a production deployment. Use a production WSGI server instead.[0m
 * Running on all addresses (0.0.0.0)
 * Running on http://127.0.0.1:5000
 * Running on http://172.31.13.254:5000
[33mPress CTRL+C to quit[0m
 * Restarting with watchdog (inotify)
 * Debugger is active!
 * Debugger PIN: 832-245-029
114.143.146.190 - - [04/Sep/2025 09:29:33] "GET / HTTP/1.1" 200 -
114.143.146.190 - - [04/Sep/2025 09:29:33] "[36mGET /static/style2.css HTTP/1.1[0m" 304 -
114.143.146.190 - - [04/Sep/2025 09:29:44] "[32mPOST /login HTTP/1.1[0m" 302 -

Collecting usage statistics. To deactivate, set browser.gatherUsageStats to false.


  You can now view your Streamlit app in your browser.

  URL: http://0.0.0.0:8501

2025-09-04 09:34:42.482 Uncaught app execution
Traceback (most recent call last):
  File "/home/ec2-user/.local/lib/python3.11/site-packages/streamlit/runtime/scriptrunner/exec_code.py", line 128, in exec_func_with_error_handling
    result = func()
             ^^^^^^
  File "/home/ec2-user/.local/lib/python3.11/site-packages/streamlit/runtime/scriptrunner/script_runner.py", line 669, in code_to_exec
    exec(code, module.__dict__)  # noqa: S102
    ^^^^^^^^^^^^^^^^^^^^^^^^^^^
  File "/home/ec2-user/NEW_REPO_DATAGENIE/Back_test.py", line 244, in <module>
    x_axis_cols = st.multiselect(
                  ^^^^^^^^^^^^^^^
  File "/home/ec2-user/.local/lib/python3.11/site-packages/streamlit/runtime/metrics_util.py", line 443, in wrapped_func
    result = non_optional_func(*args, **kwargs)
             ^^^^^^^^^^^^^^^^^^^^^^^^^^^^^^^^^^
  File "/home/ec2-user/.local/lib/python3.11/site-packages/streamlit/elements/widgets/multiselect.py", line 427, in multiselect
    return self._multiselect(
           ^^^^^^^^^^^^^^^^^^
  File "/home/ec2-user/.local/lib/python3.11/site-packages/streamlit/elements/widgets/multiselect.py", line 482, in _multiselect
    default_values = get_default_indices(indexable_options, default)
                     ^^^^^^^^^^^^^^^^^^^^^^^^^^^^^^^^^^^^^^^^^^^^^^^
  File "/home/ec2-user/.local/lib/python3.11/site-packages/streamlit/elements/lib/options_selector_utils.py", line 94, in get_default_indices
    default_indices = check_and_convert_to_indices(indexable_options, default)
                      ^^^^^^^^^^^^^^^^^^^^^^^^^^^^^^^^^^^^^^^^^^^^^^^^^^^^^^^^
  File "/home/ec2-user/.local/lib/python3.11/site-packages/streamlit/elements/lib/options_selector_utils.py", line 77, in check_and_convert_to_indices
    raise StreamlitAPIException(
streamlit.errors.StreamlitAPIException: The default value 'NoOfYears' is not part of the options. Please make sure that every default values also exists in the options.
2025-09-04 09:35:29.640 Uncaught app execution
Traceback (most recent call last):
  File "/home/ec2-user/.local/lib/python3.11/site-packages/streamlit/runtime/scriptrunner/exec_code.py", line 128, in exec_func_with_error_handling
    result = func()
             ^^^^^^
  File "/home/ec2-user/.local/lib/python3.11/site-packages/streamlit/runtime/scriptrunner/script_runner.py", line 669, in code_to_exec
    exec(code, module.__dict__)  # noqa: S102
    ^^^^^^^^^^^^^^^^^^^^^^^^^^^
  File "/home/ec2-user/NEW_REPO_DATAGENIE/Back_test.py", line 244, in <module>
    x_axis_cols = st.multiselect(
                  ^^^^^^^^^^^^^^^
  File "/home/ec2-user/.local/lib/python3.11/site-packages/streamlit/runtime/metrics_util.py", line 443, in wrapped_func
    result = non_optional_func(*args, **kwargs)
             ^^^^^^^^^^^^^^^^^^^^^^^^^^^^^^^^^^
  File "/home/ec2-user/.local/lib/python3.11/site-packages/streamlit/elements/widgets/multiselect.py", line 427, in multiselect
    return self._multiselect(
           ^^^^^^^^^^^^^^^^^^
  File "/home/ec2-user/.local/lib/python3.11/site-packages/streamlit/elements/widgets/multiselect.py", line 482, in _multiselect
    default_values = get_default_indices(indexable_options, default)
                     ^^^^^^^^^^^^^^^^^^^^^^^^^^^^^^^^^^^^^^^^^^^^^^^
  File "/home/ec2-user/.local/lib/python3.11/site-packages/streamlit/elements/lib/options_selector_utils.py", line 94, in get_default_indices
    default_indices = check_and_convert_to_indices(indexable_options, default)
                      ^^^^^^^^^^^^^^^^^^^^^^^^^^^^^^^^^^^^^^^^^^^^^^^^^^^^^^^^
  File "/home/ec2-user/.local/lib/python3.11/site-packages/streamlit/elements/lib/options_selector_utils.py", line 77, in check_and_convert_to_indices
    raise StreamlitAPIException(
streamlit.errors.StreamlitAPIException: The default value 'NoOfYears' is not part of the options. Please make sure that every default values also exists in the options.
2025-09-04 09:35:38.136 Uncaught app execution
Traceback (most recent call last):
  File "/home/ec2-user/.local/lib/python3.11/site-packages/streamlit/runtime/scriptrunner/exec_code.py", line 128, in exec_func_with_error_handling
    result = func()
             ^^^^^^
  File "/home/ec2-user/.local/lib/python3.11/site-packages/streamlit/runtime/scriptrunner/script_runner.py", line 669, in code_to_exec
    exec(code, module.__dict__)  # noqa: S102
    ^^^^^^^^^^^^^^^^^^^^^^^^^^^
  File "/home/ec2-user/NEW_REPO_DATAGENIE/Back_test.py", line 244, in <module>
    x_axis_cols = st.multiselect(
                  ^^^^^^^^^^^^^^^
  File "/home/ec2-user/.local/lib/python3.11/site-packages/streamlit/runtime/metrics_util.py", line 443, in wrapped_func
    result = non_optional_func(*args, **kwargs)
             ^^^^^^^^^^^^^^^^^^^^^^^^^^^^^^^^^^
  File "/home/ec2-user/.local/lib/python3.11/site-packages/streamlit/elements/widgets/multiselect.py", line 427, in multiselect
    return self._multiselect(
           ^^^^^^^^^^^^^^^^^^
  File "/home/ec2-user/.local/lib/python3.11/site-packages/streamlit/elements/widgets/multiselect.py", line 482, in _multiselect
    default_values = get_default_indices(indexable_options, default)
                     ^^^^^^^^^^^^^^^^^^^^^^^^^^^^^^^^^^^^^^^^^^^^^^^
  File "/home/ec2-user/.local/lib/python3.11/site-packages/streamlit/elements/lib/options_selector_utils.py", line 94, in get_default_indices
    default_indices = check_and_convert_to_indices(indexable_options, default)
                      ^^^^^^^^^^^^^^^^^^^^^^^^^^^^^^^^^^^^^^^^^^^^^^^^^^^^^^^^
  File "/home/ec2-user/.local/lib/python3.11/site-packages/streamlit/elements/lib/options_selector_utils.py", line 77, in check_and_convert_to_indices
    raise StreamlitAPIException(
streamlit.errors.StreamlitAPIException: The default value 'NoOfYears' is not part of the options. Please make sure that every default values also exists in the options.
2025-09-04 09:35:43.776 Uncaught app execution
Traceback (most recent call last):
  File "/home/ec2-user/.local/lib/python3.11/site-packages/streamlit/runtime/scriptrunner/exec_code.py", line 128, in exec_func_with_error_handling
    result = func()
             ^^^^^^
  File "/home/ec2-user/.local/lib/python3.11/site-packages/streamlit/runtime/scriptrunner/script_runner.py", line 669, in code_to_exec
    exec(code, module.__dict__)  # noqa: S102
    ^^^^^^^^^^^^^^^^^^^^^^^^^^^
  File "/home/ec2-user/NEW_REPO_DATAGENIE/Back_test.py", line 244, in <module>
    x_axis_cols = st.multiselect(
                  ^^^^^^^^^^^^^^^
  File "/home/ec2-user/.local/lib/python3.11/site-packages/streamlit/runtime/metrics_util.py", line 443, in wrapped_func
    result = non_optional_func(*args, **kwargs)
             ^^^^^^^^^^^^^^^^^^^^^^^^^^^^^^^^^^
  File "/home/ec2-user/.local/lib/python3.11/site-packages/streamlit/elements/widgets/multiselect.py", line 427, in multiselect
    return self._multiselect(
           ^^^^^^^^^^^^^^^^^^
  File "/home/ec2-user/.local/lib/python3.11/site-packages/streamlit/elements/widgets/multiselect.py", line 482, in _multiselect
    default_values = get_default_indices(indexable_options, default)
                     ^^^^^^^^^^^^^^^^^^^^^^^^^^^^^^^^^^^^^^^^^^^^^^^
  File "/home/ec2-user/.local/lib/python3.11/site-packages/streamlit/elements/lib/options_selector_utils.py", line 94, in get_default_indices
    default_indices = check_and_convert_to_indices(indexable_options, default)
                      ^^^^^^^^^^^^^^^^^^^^^^^^^^^^^^^^^^^^^^^^^^^^^^^^^^^^^^^^
  File "/home/ec2-user/.local/lib/python3.11/site-packages/streamlit/elements/lib/options_selector_utils.py", line 77, in check_and_convert_to_indices
    raise StreamlitAPIException(
streamlit.errors.StreamlitAPIException: The default value 'NoOfYears' is not part of the options. Please make sure that every default values also exists in the options.
2025-09-04 09:36:22.627 Uncaught app execution
Traceback (most recent call last):
  File "/home/ec2-user/.local/lib/python3.11/site-packages/sqlalchemy/engine/base.py", line 1967, in _exec_single_context
    self.dialect.do_execute(
  File "/home/ec2-user/.local/lib/python3.11/site-packages/sqlalchemy/engine/default.py", line 951, in do_execute
    cursor.execute(statement, parameters)
pyodbc.ProgrammingError: ('42S02', "[42S02] [Microsoft][ODBC Driver 17 for SQL Server][SQL Server]Invalid object name 'Production.Production.Product'. (208) (SQLExecDirectW)")

The above exception was the direct cause of the following exception:

Traceback (most recent call last):
  File "/home/ec2-user/.local/lib/python3.11/site-packages/streamlit/runtime/scriptrunner/exec_code.py", line 128, in exec_func_with_error_handling
    result = func()
             ^^^^^^
  File "/home/ec2-user/.local/lib/python3.11/site-packages/streamlit/runtime/scriptrunner/script_runner.py", line 669, in code_to_exec
    exec(code, module.__dict__)  # noqa: S102
    ^^^^^^^^^^^^^^^^^^^^^^^^^^^
  File "/home/ec2-user/NEW_REPO_DATAGENIE/Back_test.py", line 450, in <module>
    df = pd.read_sql(query, engine)
         ^^^^^^^^^^^^^^^^^^^^^^^^^^
  File "/home/ec2-user/.local/lib/python3.11/site-packages/pandas/io/sql.py", line 736, in read_sql
    return pandas_sql.read_query(
           ^^^^^^^^^^^^^^^^^^^^^^
  File "/home/ec2-user/.local/lib/python3.11/site-packages/pandas/io/sql.py", line 1848, in read_query
    result = self.execute(sql, params)
             ^^^^^^^^^^^^^^^^^^^^^^^^^
  File "/home/ec2-user/.local/lib/python3.11/site-packages/pandas/io/sql.py", line 1671, in execute
    return self.con.exec_driver_sql(sql, *args)
           ^^^^^^^^^^^^^^^^^^^^^^^^^^^^^^^^^^^^
  File "/home/ec2-user/.local/lib/python3.11/site-packages/sqlalchemy/engine/base.py", line 1779, in exec_driver_sql
    ret = self._execute_context(
          ^^^^^^^^^^^^^^^^^^^^^^
  File "/home/ec2-user/.local/lib/python3.11/site-packages/sqlalchemy/engine/base.py", line 1846, in _execute_context
    return self._exec_single_context(
           ^^^^^^^^^^^^^^^^^^^^^^^^^^
  File "/home/ec2-user/.local/lib/python3.11/site-packages/sqlalchemy/engine/base.py", line 1986, in _exec_single_context
    self._handle_dbapi_exception(
  File "/home/ec2-user/.local/lib/python3.11/site-packages/sqlalchemy/engine/base.py", line 2355, in _handle_dbapi_exception
    raise sqlalchemy_exception.with_traceback(exc_info[2]) from e
  File "/home/ec2-user/.local/lib/python3.11/site-packages/sqlalchemy/engine/base.py", line 1967, in _exec_single_context
    self.dialect.do_execute(
  File "/home/ec2-user/.local/lib/python3.11/site-packages/sqlalchemy/engine/default.py", line 951, in do_execute
    cursor.execute(statement, parameters)
sqlalchemy.exc.ProgrammingError: (pyodbc.ProgrammingError) ('42S02', "[42S02] [Microsoft][ODBC Driver 17 for SQL Server][SQL Server]Invalid object name 'Production.Production.Product'. (208) (SQLExecDirectW)")
[SQL: SELECT TOP 50
    Production.Production.Product.Name AS ProductName,
    Production.Production.Product.ListPrice
FROM Production.Production.Product
ORDER BY Production.Production.Product.ListPrice DESC;]
(Background on this error at: https://sqlalche.me/e/20/f405)
Query
sql query: ```sql
-- SSMS Query Start
SELECT
    AdventureWorks2022.Production.vProductModelCatalogDescription.ProductModelID,
    AdventureWorks2022.Production.vProductModelCatalogDescription.Name AS Name_0,
    AdventureWorks2022.Production.vProductModelCatalogDescription.Summary,
    AdventureWorks2022.Production.vProductModelCatalogDescription.Manufacturer,
    AdventureWorks2022.Production.vProductModelCatalogDescription.Copyright,
    AdventureWorks2022.Production.vProductModelCatalogDescription.ProductURL,
    AdventureWorks2022.Production.vProductModelCatalogDescription.WarrantyPeriod,
    AdventureWorks2022.Production.vProductModelCatalogDescription.WarrantyDescription,
    AdventureWorks2022.Production.vProductModelCatalogDescription.NoOfYears,
    AdventureWorks2022.Production.vProductModelCatalogDescription.MaintenanceDescription,
    AdventureWorks2022.Production.vProductModelCatalogDescription.Wheel,
    AdventureWorks2022.Production.vProductModelCatalogDescription.Saddle,
    AdventureWorks2022.Production.vProductModelCatalogDescription.Pedal,
    AdventureWorks2022.Production.vProductModelCatalogDescription.BikeFrame,
    AdventureWorks2022.Production.vProductModelCatalogDescription.Crankset,
    AdventureWorks2022.Production.vProductModelCatalogDescription.PictureAngle,
    AdventureWorks2022.Production.vProductModelCatalogDescription.PictureSize,
    AdventureWorks2022.Production.vProductModelCatalogDescription.ProductPhotoID,
    AdventureWorks2022.Production.vProductModelCatalogDescription.Material,
    AdventureWorks2022.Production.vProductModelCatalogDescription.Color AS Color_0,
    AdventureWorks2022.Production.vProductModelCatalogDescription.ProductLine AS ProductLine_0,
    AdventureWorks2022.Production.vProductModelCatalogDescription.Style AS Style_0,
    AdventureWorks2022.Production.vProductModelCatalogDescription.RiderExperience,
    AdventureWorks2022.Production.vProductModelCatalogDescription.rowguid,
    AdventureWorks2022.Production.vProductModelCatalogDescription.ModifiedDate
FROM
    AdventureWorks2022.Production.vProductModelCatalogDescription;
```
query: SELECT
    AdventureWorks2022.Production.vProductModelCatalogDescription.ProductModelID,
    AdventureWorks2022.Production.vProductModelCatalogDescription.Name AS Name_0,
    AdventureWorks2022.Production.vProductModelCatalogDescription.Summary,
    AdventureWorks2022.Production.vProductModelCatalogDescription.Manufacturer,
    AdventureWorks2022.Production.vProductModelCatalogDescription.Copyright,
    AdventureWorks2022.Production.vProductModelCatalogDescription.ProductURL,
    AdventureWorks2022.Production.vProductModelCatalogDescription.WarrantyPeriod,
    AdventureWorks2022.Production.vProductModelCatalogDescription.WarrantyDescription,
    AdventureWorks2022.Production.vProductModelCatalogDescription.NoOfYears,
    AdventureWorks2022.Production.vProductModelCatalogDescription.MaintenanceDescription,
    AdventureWorks2022.Production.vProductModelCatalogDescription.Wheel,
    AdventureWorks2022.Production.vProductModelCatalogDescription.Saddle,
    AdventureWorks2022.Production.vProductModelCatalogDescription.Pedal,
    AdventureWorks2022.Production.vProductModelCatalogDescription.BikeFrame,
    AdventureWorks2022.Production.vProductModelCatalogDescription.Crankset,
    AdventureWorks2022.Production.vProductModelCatalogDescription.PictureAngle,
    AdventureWorks2022.Production.vProductModelCatalogDescription.PictureSize,
    AdventureWorks2022.Production.vProductModelCatalogDescription.ProductPhotoID,
    AdventureWorks2022.Production.vProductModelCatalogDescription.Material,
    AdventureWorks2022.Production.vProductModelCatalogDescription.Color AS Color_0,
    AdventureWorks2022.Production.vProductModelCatalogDescription.ProductLine AS ProductLine_0,
    AdventureWorks2022.Production.vProductModelCatalogDescription.Style AS Style_0,
    AdventureWorks2022.Production.vProductModelCatalogDescription.RiderExperience,
    AdventureWorks2022.Production.vProductModelCatalogDescription.rowguid,
    AdventureWorks2022.Production.vProductModelCatalogDescription.ModifiedDate
FROM
    AdventureWorks2022.Production.vProductModelCatalogDescription;
chart code :  ```python
import plotly.express as px
import pandas as pd

# Drop rows with NaN, None, or blank strings in 'NoOfYears' and 'Name_0'
df = df.dropna(subset=['NoOfYears', 'Name_0'])
df = df[df['NoOfYears'].astype(str).str.strip() != '']
df = df[df['Name_0'].astype(str).str.strip() != '']


fig = px.pie(df, values='NoOfYears', names='Name_0', title='Names for each year')
fig.show()

```
Query
sql query: ```sql
-- SSMS Query Start
SELECT TOP 10
    AdventureWorks2022.Production.Product.Name
FROM
    AdventureWorks2022.Sales.SalesOrderDetail
INNER JOIN
    AdventureWorks2022.Production.Product
ON
    AdventureWorks2022.Sales.SalesOrderDetail.ProductID = AdventureWorks2022.Production.Product.ProductID
GROUP BY
    AdventureWorks2022.Production.Product.Name
ORDER BY
    SUM(AdventureWorks2022.Sales.SalesOrderDetail.OrderQty) DESC;
```
query: SELECT TOP 10
    AdventureWorks2022.Production.Product.Name
FROM
    AdventureWorks2022.Sales.SalesOrderDetail
INNER JOIN
    AdventureWorks2022.Production.Product
ON
    AdventureWorks2022.Sales.SalesOrderDetail.ProductID = AdventureWorks2022.Production.Product.ProductID
GROUP BY
    AdventureWorks2022.Production.Product.Name
ORDER BY
    SUM(AdventureWorks2022.Sales.SalesOrderDetail.OrderQty) DESC;
Query
sql query: ```sql
-- SSMS Query Start
SELECT TOP 10
    AdventureWorks2022.Production.Product.Name,
    SUM(AdventureWorks2022.Sales.SalesOrderDetail.OrderQty) AS TotalSalesOrder
FROM
    AdventureWorks2022.Sales.SalesOrderDetail
INNER JOIN
    AdventureWorks2022.Production.Product
ON
    AdventureWorks2022.Sales.SalesOrderDetail.ProductID = AdventureWorks2022.Production.Product.ProductID
GROUP BY
    AdventureWorks2022.Production.Product.Name
ORDER BY
    TotalSalesOrder DESC;
```
query: SELECT TOP 10
    AdventureWorks2022.Production.Product.Name,
    SUM(AdventureWorks2022.Sales.SalesOrderDetail.OrderQty) AS TotalSalesOrder
FROM
    AdventureWorks2022.Sales.SalesOrderDetail
INNER JOIN
    AdventureWorks2022.Production.Product
ON
    AdventureWorks2022.Sales.SalesOrderDetail.ProductID = AdventureWorks2022.Production.Product.ProductID
GROUP BY
    AdventureWorks2022.Production.Product.Name
ORDER BY
    TotalSalesOrder DESC;
Query
sql query: ```sql
-- SSMS Query Start
SELECT TOP 50
    Production.Production.Product.Name AS ProductName,
    Production.Production.Product.ListPrice
FROM Production.Production.Product
ORDER BY Production.Production.Product.ListPrice DESC;
```
query: SELECT TOP 50
    Production.Production.Product.Name AS ProductName,
    Production.Production.Product.ListPrice
FROM Production.Production.Product
ORDER BY Production.Production.Product.ListPrice DESC;
  Stopping...
13.202.180.165
cursror connected
Flask Server Is Starting...
DataGenie Running on http://13.202.180.165:5000
cred connected
INSERT INTO dbo.login_tracker (username, loginTime) VALUES (?, GETDATE()) ('admin',)
Session token saved for admin
DataGenie Running on http://13.202.180.165:5000
sql1
13.202.180.165
cursror connected
Flask Server Is Starting...
 * Serving Flask app 'login'
 * Debug mode: on
[31m[1mWARNING: This is a development server. Do not use it in a production deployment. Use a production WSGI server instead.[0m
 * Running on all addresses (0.0.0.0)
 * Running on http://127.0.0.1:5000
 * Running on http://172.31.13.254:5000
[33mPress CTRL+C to quit[0m
 * Restarting with watchdog (inotify)
 * Debugger is active!
 * Debugger PIN: 102-189-630
13.202.180.165
cursror connected
Flask Server Is Starting...
DataGenie Running on http://13.202.180.165:5000
DataGenie Running on http://13.202.180.165:5000
13.202.180.165
cursror connected
Flask Server Is Starting...
 * Serving Flask app 'login'
 * Debug mode: on
[31m[1mWARNING: This is a development server. Do not use it in a production deployment. Use a production WSGI server instead.[0m
 * Running on all addresses (0.0.0.0)
 * Running on http://127.0.0.1:5000
 * Running on http://172.31.13.254:5000
[33mPress CTRL+C to quit[0m
 * Restarting with watchdog (inotify)
 * Debugger is active!
 * Debugger PIN: 102-189-630
114.143.146.190 - - [04/Sep/2025 09:55:27] "GET / HTTP/1.1" 200 -
114.143.146.190 - - [04/Sep/2025 09:55:27] "[36mGET /static/style2.css HTTP/1.1[0m" 304 -
114.143.146.190 - - [04/Sep/2025 09:55:28] "GET / HTTP/1.1" 200 -
114.143.146.190 - - [04/Sep/2025 09:55:29] "[36mGET /static/style2.css HTTP/1.1[0m" 304 -
114.143.146.190 - - [04/Sep/2025 09:55:37] "[32mPOST /login HTTP/1.1[0m" 302 -

Collecting usage statistics. To deactivate, set browser.gatherUsageStats to false.


  You can now view your Streamlit app in your browser.

  URL: http://0.0.0.0:8501

114.143.146.190 - - [04/Sep/2025 09:55:37] "[32mPOST /login HTTP/1.1[0m" 302 -

Collecting usage statistics. To deactivate, set browser.gatherUsageStats to false.

2025-09-04 09:55:37.954 Port 8501 is already in use
2025-09-04 09:58:25.545 Uncaught app execution
Traceback (most recent call last):
  File "/home/ec2-user/.local/lib/python3.11/site-packages/sqlalchemy/engine/base.py", line 1967, in _exec_single_context
    self.dialect.do_execute(
  File "/home/ec2-user/.local/lib/python3.11/site-packages/sqlalchemy/engine/default.py", line 951, in do_execute
    cursor.execute(statement, parameters)
pyodbc.ProgrammingError: ('42S02', "[42S02] [Microsoft][ODBC Driver 17 for SQL Server][SQL Server]Invalid object name 'Production.Production.Product'. (208) (SQLExecDirectW)")

The above exception was the direct cause of the following exception:

Traceback (most recent call last):
  File "/home/ec2-user/.local/lib/python3.11/site-packages/streamlit/runtime/scriptrunner/exec_code.py", line 128, in exec_func_with_error_handling
    result = func()
             ^^^^^^
  File "/home/ec2-user/.local/lib/python3.11/site-packages/streamlit/runtime/scriptrunner/script_runner.py", line 669, in code_to_exec
    exec(code, module.__dict__)  # noqa: S102
    ^^^^^^^^^^^^^^^^^^^^^^^^^^^
  File "/home/ec2-user/NEW_REPO_DATAGENIE/Back_test.py", line 450, in <module>
    df = pd.read_sql(query, engine)
         ^^^^^^^^^^^^^^^^^^^^^^^^^^
  File "/home/ec2-user/.local/lib/python3.11/site-packages/pandas/io/sql.py", line 736, in read_sql
    return pandas_sql.read_query(
           ^^^^^^^^^^^^^^^^^^^^^^
  File "/home/ec2-user/.local/lib/python3.11/site-packages/pandas/io/sql.py", line 1848, in read_query
    result = self.execute(sql, params)
             ^^^^^^^^^^^^^^^^^^^^^^^^^
  File "/home/ec2-user/.local/lib/python3.11/site-packages/pandas/io/sql.py", line 1671, in execute
    return self.con.exec_driver_sql(sql, *args)
           ^^^^^^^^^^^^^^^^^^^^^^^^^^^^^^^^^^^^
  File "/home/ec2-user/.local/lib/python3.11/site-packages/sqlalchemy/engine/base.py", line 1779, in exec_driver_sql
    ret = self._execute_context(
          ^^^^^^^^^^^^^^^^^^^^^^
  File "/home/ec2-user/.local/lib/python3.11/site-packages/sqlalchemy/engine/base.py", line 1846, in _execute_context
    return self._exec_single_context(
           ^^^^^^^^^^^^^^^^^^^^^^^^^^
  File "/home/ec2-user/.local/lib/python3.11/site-packages/sqlalchemy/engine/base.py", line 1986, in _exec_single_context
    self._handle_dbapi_exception(
  File "/home/ec2-user/.local/lib/python3.11/site-packages/sqlalchemy/engine/base.py", line 2355, in _handle_dbapi_exception
    raise sqlalchemy_exception.with_traceback(exc_info[2]) from e
  File "/home/ec2-user/.local/lib/python3.11/site-packages/sqlalchemy/engine/base.py", line 1967, in _exec_single_context
    self.dialect.do_execute(
  File "/home/ec2-user/.local/lib/python3.11/site-packages/sqlalchemy/engine/default.py", line 951, in do_execute
    cursor.execute(statement, parameters)
sqlalchemy.exc.ProgrammingError: (pyodbc.ProgrammingError) ('42S02', "[42S02] [Microsoft][ODBC Driver 17 for SQL Server][SQL Server]Invalid object name 'Production.Production.Product'. (208) (SQLExecDirectW)")
[SQL: SELECT 
        Production.Production.Product.Name AS ProductName,
        Production.Production.Product.ListPrice
    FROM Production.Production.Product;]
(Background on this error at: https://sqlalche.me/e/20/f405)
Query
sql query: ```sql
-- SSMS Query Start
SELECT
    AdventureWorks2022.Production.Product.ProductID,
    AdventureWorks2022.Production.Product.Name AS ProductName,
    AdventureWorks2022.Production.Product.ProductNumber,
    AdventureWorks2022.Production.Product.MakeFlag,
    AdventureWorks2022.Production.Product.FinishedGoodsFlag,
    AdventureWorks2022.Production.Product.Color AS ProductColor,
    AdventureWorks2022.Production.Product.SafetyStockLevel,
    AdventureWorks2022.Production.Product.ReorderPoint,
    AdventureWorks2022.Production.Product.StandardCost,
    AdventureWorks2022.Production.Product.ListPrice,
    AdventureWorks2022.Production.Product.Size AS ProductSize,
    AdventureWorks2022.Production.Product.SizeUnitMeasureCode,
    AdventureWorks2022.Production.Product.WeightUnitMeasureCode,
    AdventureWorks2022.Production.Product.Weight AS ProductWeight,
    AdventureWorks2022.Production.Product.DaysToManufacture,
    AdventureWorks2022.Production.Product.ProductLine,
    AdventureWorks2022.Production.Product.Class AS ProductClass,
    AdventureWorks2022.Production.Product.Style AS ProductStyle,
    AdventureWorks2022.Production.Product.ProductSubcategoryID,
    AdventureWorks2022.Production.Product.ProductModelID,
    AdventureWorks2022.Production.Product.SellStartDate,
    AdventureWorks2022.Production.Product.SellEndDate,
    AdventureWorks2022.Production.Product.DiscontinuedDate,
    AdventureWorks2022.Production.Product.rowguid,
    AdventureWorks2022.Production.Product.ModifiedDate
FROM
    AdventureWorks2022.Production.Product;
```
query: SELECT
    AdventureWorks2022.Production.Product.ProductID,
    AdventureWorks2022.Production.Product.Name AS ProductName,
    AdventureWorks2022.Production.Product.ProductNumber,
    AdventureWorks2022.Production.Product.MakeFlag,
    AdventureWorks2022.Production.Product.FinishedGoodsFlag,
    AdventureWorks2022.Production.Product.Color AS ProductColor,
    AdventureWorks2022.Production.Product.SafetyStockLevel,
    AdventureWorks2022.Production.Product.ReorderPoint,
    AdventureWorks2022.Production.Product.StandardCost,
    AdventureWorks2022.Production.Product.ListPrice,
    AdventureWorks2022.Production.Product.Size AS ProductSize,
    AdventureWorks2022.Production.Product.SizeUnitMeasureCode,
    AdventureWorks2022.Production.Product.WeightUnitMeasureCode,
    AdventureWorks2022.Production.Product.Weight AS ProductWeight,
    AdventureWorks2022.Production.Product.DaysToManufacture,
    AdventureWorks2022.Production.Product.ProductLine,
    AdventureWorks2022.Production.Product.Class AS ProductClass,
    AdventureWorks2022.Production.Product.Style AS ProductStyle,
    AdventureWorks2022.Production.Product.ProductSubcategoryID,
    AdventureWorks2022.Production.Product.ProductModelID,
    AdventureWorks2022.Production.Product.SellStartDate,
    AdventureWorks2022.Production.Product.SellEndDate,
    AdventureWorks2022.Production.Product.DiscontinuedDate,
    AdventureWorks2022.Production.Product.rowguid,
    AdventureWorks2022.Production.Product.ModifiedDate
FROM
    AdventureWorks2022.Production.Product;
chart code :  ```python
import plotly.express as px
import pandas as pd

# Drop rows with null, NaN, or blank strings in 'ProductNumber' and 'ProductColor'
df = df.dropna(subset=['ProductNumber', 'ProductColor'])
df = df[df['ProductNumber'].astype(str).str.strip() != '']
df = df[df['ProductColor'].astype(str).str.strip() != '']


fig = px.line(df, 
             x='ProductNumber', 
             y='ProductColor',
             color='ProductColor',
             title='Line Chart per Color')
fig.show()

```
Query
sql query: ```sql
-- SSMS Query Start
    SELECT 
        Production.Production.Product.Name AS ProductName,
        Production.Production.Product.ListPrice
    FROM Production.Production.Product;
```
query: SELECT 
        Production.Production.Product.Name AS ProductName,
        Production.Production.Product.ListPrice
    FROM Production.Production.Product;
Query
sql query: ```sql
-- SSMS Query Start
    SELECT
        AdventureWorks2022.Production.Product.ProductID,
        AdventureWorks2022.Production.Product.Name AS ProductName,
        AdventureWorks2022.Production.Product.ProductNumber,
        AdventureWorks2022.Production.Product.MakeFlag,
        AdventureWorks2022.Production.Product.FinishedGoodsFlag,
        AdventureWorks2022.Production.Product.Color,
        AdventureWorks2022.Production.Product.SafetyStockLevel,
        AdventureWorks2022.Production.Product.ReorderPoint,
        AdventureWorks2022.Production.Product.StandardCost,
        AdventureWorks2022.Production.Product.ListPrice,
        AdventureWorks2022.Production.Product.Size,
        AdventureWorks2022.Production.Product.SizeUnitMeasureCode,
        AdventureWorks2022.Production.Product.WeightUnitMeasureCode,
        AdventureWorks2022.Production.Product.Weight,
        AdventureWorks2022.Production.Product.DaysToManufacture,
        AdventureWorks2022.Production.Product.ProductLine,
        AdventureWorks2022.Production.Product.Class,
        AdventureWorks2022.Production.Product.Style,
        AdventureWorks2022.Production.Product.ProductSubcategoryID,
        AdventureWorks2022.Production.Product.ProductModelID,
        AdventureWorks2022.Production.Product.SellStartDate,
        AdventureWorks2022.Production.Product.SellEndDate,
        AdventureWorks2022.Production.Product.DiscontinuedDate,
        AdventureWorks2022.Production.Product.rowguid,
        AdventureWorks2022.Production.Product.ModifiedDate
    FROM
        AdventureWorks2022.Production.Product;
```

query: SELECT
        AdventureWorks2022.Production.Product.ProductID,
        AdventureWorks2022.Production.Product.Name AS ProductName,
        AdventureWorks2022.Production.Product.ProductNumber,
        AdventureWorks2022.Production.Product.MakeFlag,
        AdventureWorks2022.Production.Product.FinishedGoodsFlag,
        AdventureWorks2022.Production.Product.Color,
        AdventureWorks2022.Production.Product.SafetyStockLevel,
        AdventureWorks2022.Production.Product.ReorderPoint,
        AdventureWorks2022.Production.Product.StandardCost,
        AdventureWorks2022.Production.Product.ListPrice,
        AdventureWorks2022.Production.Product.Size,
        AdventureWorks2022.Production.Product.SizeUnitMeasureCode,
        AdventureWorks2022.Production.Product.WeightUnitMeasureCode,
        AdventureWorks2022.Production.Product.Weight,
        AdventureWorks2022.Production.Product.DaysToManufacture,
        AdventureWorks2022.Production.Product.ProductLine,
        AdventureWorks2022.Production.Product.Class,
        AdventureWorks2022.Production.Product.Style,
        AdventureWorks2022.Production.Product.ProductSubcategoryID,
        AdventureWorks2022.Production.Product.ProductModelID,
        AdventureWorks2022.Production.Product.SellStartDate,
        AdventureWorks2022.Production.Product.SellEndDate,
        AdventureWorks2022.Production.Product.DiscontinuedDate,
        AdventureWorks2022.Production.Product.rowguid,
        AdventureWorks2022.Production.Product.ModifiedDate
    FROM
        AdventureWorks2022.Production.Product;
chart code :  ```python
import plotly.express as px
import pandas as pd

# Drop rows with NaN, None, or blank strings in 'ProductName' and 'ListPrice'
df = df.dropna(subset=['ProductName', 'ListPrice'])
df = df[df['ProductName'].astype(str).str.strip() != '']
df = df[df['ListPrice'].astype(str).str.strip() != '']


top_5_products = df.groupby('ProductName')['ListPrice'].sum().nlargest(5).reset_index()

fig = px.pie(top_5_products, values='ListPrice', names='ProductName', title='Top 5 Products by List Price')
fig.show()

```
  Stopping...
DataGenie Running on http://13.202.180.165:5000
sql1
13.202.180.165
cursror connected
Flask Server Is Starting...
 * Serving Flask app 'login'
 * Debug mode: on
[31m[1mWARNING: This is a development server. Do not use it in a production deployment. Use a production WSGI server instead.[0m
 * Running on all addresses (0.0.0.0)
 * Running on http://127.0.0.1:5000
 * Running on http://172.31.13.254:5000
[33mPress CTRL+C to quit[0m
 * Restarting with watchdog (inotify)
 * Debugger is active!
 * Debugger PIN: 102-189-630
172.225.186.57 - - [04/Sep/2025 11:25:16] "GET / HTTP/1.1" 200 -
172.225.186.57 - - [04/Sep/2025 11:25:16] "GET /static/style2.css HTTP/1.1" 200 -
172.225.186.57 - - [04/Sep/2025 11:25:16] "GET / HTTP/1.1" 200 -
172.225.186.57 - - [04/Sep/2025 11:25:16] "[36mGET /static/style2.css HTTP/1.1[0m" 304 -
172.225.186.57 - - [04/Sep/2025 11:25:17] "[33mGET /favicon.ico HTTP/1.1[0m" 404 -
172.225.186.57 - - [04/Sep/2025 11:25:18] "[33mGET /apple-touch-icon-precomposed.png HTTP/1.1[0m" 404 -
172.225.186.57 - - [04/Sep/2025 11:25:18] "[33mGET /apple-touch-icon.png HTTP/1.1[0m" 404 -
172.225.186.57 - - [04/Sep/2025 11:25:28] "[32mPOST /login HTTP/1.1[0m" 302 -

Collecting usage statistics. To deactivate, set browser.gatherUsageStats to false.


  You can now view your Streamlit app in your browser.

  URL: http://0.0.0.0:8501

Query
sql query: ```sql
-- SSMS Query Start
SELECT YEAR(AdventureWorks2022.Sales.SalesOrderHeader.OrderDate) AS SalesYear, AdventureWorks2022.Production.Product.Name AS ProductName, SUM(AdventureWorks2022.Sales.SalesOrderDetail.LineTotal) AS TotalSales
FROM AdventureWorks2022.Sales.SalesOrderDetail
INNER JOIN AdventureWorks2022.Sales.SalesOrderHeader ON AdventureWorks2022.Sales.SalesOrderDetail.SalesOrderID = AdventureWorks2022.Sales.SalesOrderHeader.SalesOrderID
INNER JOIN AdventureWorks2022.Production.Product ON AdventureWorks2022.Sales.SalesOrderDetail.ProductID = AdventureWorks2022.Production.Product.ProductID
GROUP BY YEAR(AdventureWorks2022.Sales.SalesOrderHeader.OrderDate), AdventureWorks2022.Production.Product.Name
ORDER BY YEAR(AdventureWorks2022.Sales.SalesOrderHeader.OrderDate), AdventureWorks2022.Production.Product.Name;
```
query: SELECT YEAR(AdventureWorks2022.Sales.SalesOrderHeader.OrderDate) AS SalesYear, AdventureWorks2022.Production.Product.Name AS ProductName, SUM(AdventureWorks2022.Sales.SalesOrderDetail.LineTotal) AS TotalSales
FROM AdventureWorks2022.Sales.SalesOrderDetail
INNER JOIN AdventureWorks2022.Sales.SalesOrderHeader ON AdventureWorks2022.Sales.SalesOrderDetail.SalesOrderID = AdventureWorks2022.Sales.SalesOrderHeader.SalesOrderID
INNER JOIN AdventureWorks2022.Production.Product ON AdventureWorks2022.Sales.SalesOrderDetail.ProductID = AdventureWorks2022.Production.Product.ProductID
GROUP BY YEAR(AdventureWorks2022.Sales.SalesOrderHeader.OrderDate), AdventureWorks2022.Production.Product.Name
ORDER BY YEAR(AdventureWorks2022.Sales.SalesOrderHeader.OrderDate), AdventureWorks2022.Production.Product.Name;
Query
sql query: ```sql
-- SSMS Query Start
SELECT YEAR(AdventureWorks2022.Sales.SalesOrderHeader.OrderDate) AS SalesYear, AdventureWorks2022.Production.Product.Name AS ProductName, SUM(AdventureWorks2022.Sales.SalesOrderDetail.LineTotal) AS TotalSales, AdventureWorks2022.Sales.SalesOrderDetail.OrderQty, AdventureWorks2022.Sales.SalesTerritory.Name AS TerritoryName
FROM AdventureWorks2022.Sales.SalesOrderDetail
INNER JOIN AdventureWorks2022.Sales.SalesOrderHeader ON AdventureWorks2022.Sales.SalesOrderDetail.SalesOrderID = AdventureWorks2022.Sales.SalesOrderHeader.SalesOrderID
INNER JOIN AdventureWorks2022.Production.Product ON AdventureWorks2022.Sales.SalesOrderDetail.ProductID = AdventureWorks2022.Production.Product.ProductID
INNER JOIN AdventureWorks2022.Sales.SalesTerritory ON AdventureWorks2022.Sales.SalesOrderHeader.TerritoryID = AdventureWorks2022.Sales.SalesTerritory.TerritoryID
GROUP BY YEAR(AdventureWorks2022.Sales.SalesOrderHeader.OrderDate), AdventureWorks2022.Production.Product.Name, AdventureWorks2022.Sales.SalesOrderDetail.OrderQty, AdventureWorks2022.Sales.SalesTerritory.Name
ORDER BY YEAR(AdventureWorks2022.Sales.SalesOrderHeader.OrderDate), AdventureWorks2022.Production.Product.Name;
```
query: SELECT YEAR(AdventureWorks2022.Sales.SalesOrderHeader.OrderDate) AS SalesYear, AdventureWorks2022.Production.Product.Name AS ProductName, SUM(AdventureWorks2022.Sales.SalesOrderDetail.LineTotal) AS TotalSales, AdventureWorks2022.Sales.SalesOrderDetail.OrderQty, AdventureWorks2022.Sales.SalesTerritory.Name AS TerritoryName
FROM AdventureWorks2022.Sales.SalesOrderDetail
INNER JOIN AdventureWorks2022.Sales.SalesOrderHeader ON AdventureWorks2022.Sales.SalesOrderDetail.SalesOrderID = AdventureWorks2022.Sales.SalesOrderHeader.SalesOrderID
INNER JOIN AdventureWorks2022.Production.Product ON AdventureWorks2022.Sales.SalesOrderDetail.ProductID = AdventureWorks2022.Production.Product.ProductID
INNER JOIN AdventureWorks2022.Sales.SalesTerritory ON AdventureWorks2022.Sales.SalesOrderHeader.TerritoryID = AdventureWorks2022.Sales.SalesTerritory.TerritoryID
GROUP BY YEAR(AdventureWorks2022.Sales.SalesOrderHeader.OrderDate), AdventureWorks2022.Production.Product.Name, AdventureWorks2022.Sales.SalesOrderDetail.OrderQty, AdventureWorks2022.Sales.SalesTerritory.Name
ORDER BY YEAR(AdventureWorks2022.Sales.SalesOrderHeader.OrderDate), AdventureWorks2022.Production.Product.Name;
chart code :  ```python
import plotly.express as px
import pandas as pd

# Drop rows with NaN, NaT, None, or blank strings in required columns
df = df.dropna(subset=['ProductName', 'TotalSales', 'OrderQty'])

fig = px.bar(df, 
             x='ProductName', 
             y=['TotalSales', 'OrderQty'],
             barmode='group',  # or 'overlay' or 'relative' depending on desired visualization
             title='Total Sales and Order Quantity by Product')
fig.show()

```

chart code :  ```python
import plotly.express as px
import pandas as pd

# Drop rows with missing values in required columns
df = df.dropna(subset=['ProductName', 'TotalSales', 'OrderQty'])

fig = px.bar(df, 
             x='ProductName', 
             y=['TotalSales', 'OrderQty'],
             barmode='group',  # or 'overlay' or 'relative' depending on desired visualization
             title='Total Sales and Order Quantity by Product')
fig.show()

```
  Stopping...
DataGenie Running on http://13.202.180.165:5000
sql1
13.202.180.165
Traceback (most recent call last):
  File "/home/ec2-user/NEW_REPO_DATAGENIE/login.py", line 25, in <module>
    conn = pyodbc.connect(
           ^^^^^^^^^^^^^^^
pyodbc.ProgrammingError: ('42000', '[42000] [Microsoft][ODBC Driver 17 for SQL Server][SQL Server]Cannot open database "query_genie" requested by the login. The login failed. (4060) (SQLDriverConnect)')
13.202.180.165
cursror connected
Flask Server Is Starting...
 * Serving Flask app 'login'
 * Debug mode: on
[31m[1mWARNING: This is a development server. Do not use it in a production deployment. Use a production WSGI server instead.[0m
 * Running on all addresses (0.0.0.0)
 * Running on http://127.0.0.1:5000
 * Running on http://172.31.13.254:5000
[33mPress CTRL+C to quit[0m
 * Restarting with watchdog (inotify)
 * Debugger is active!
 * Debugger PIN: 102-189-630
114.143.146.190 - - [05/Sep/2025 08:01:49] "GET / HTTP/1.1" 200 -
114.143.146.190 - - [05/Sep/2025 08:01:49] "GET /static/style2.css HTTP/1.1" 200 -
114.143.146.190 - - [05/Sep/2025 08:01:53] "[33mGET /favicon.ico HTTP/1.1[0m" 404 -
114.143.146.190 - - [05/Sep/2025 08:01:57] "GET / HTTP/1.1" 200 -
114.143.146.190 - - [05/Sep/2025 08:01:58] "[36mGET /static/style2.css HTTP/1.1[0m" 304 -
114.143.146.190 - - [05/Sep/2025 08:01:58] "[33mGET /favicon.ico HTTP/1.1[0m" 404 -
114.143.146.190 - - [05/Sep/2025 08:02:04] "[32mPOST /login HTTP/1.1[0m" 302 -

Collecting usage statistics. To deactivate, set browser.gatherUsageStats to false.


  You can now view your Streamlit app in your browser.

  URL: http://0.0.0.0:8501

114.143.146.190 - - [05/Sep/2025 08:02:12] "[32mPOST /login HTTP/1.1[0m" 302 -
114.143.146.190 - - [05/Sep/2025 08:02:12] "GET / HTTP/1.1" 200 -
114.143.146.190 - - [05/Sep/2025 08:02:13] "[36mGET /static/style2.css HTTP/1.1[0m" 304 -
114.143.146.190 - - [05/Sep/2025 08:02:24] "[32mPOST /login HTTP/1.1[0m" 302 -

Collecting usage statistics. To deactivate, set browser.gatherUsageStats to false.

2025-09-05 08:02:24.591 Port 8501 is already in use
114.143.146.190 - - [05/Sep/2025 08:17:25] "GET / HTTP/1.1" 200 -
114.143.146.190 - - [05/Sep/2025 08:17:25] "[36mGET /static/style2.css HTTP/1.1[0m" 304 -
114.143.146.190 - - [05/Sep/2025 08:17:28] "[33mGET /favicon.ico HTTP/1.1[0m" 404 -
114.143.146.190 - - [05/Sep/2025 08:17:34] "[32mPOST /login HTTP/1.1[0m" 302 -

Collecting usage statistics. To deactivate, set browser.gatherUsageStats to false.

2025-09-05 08:17:34.856 Port 8501 is already in use
Query
sql query: ```sql
-- SSMS Query Start
SELECT
    AdventureWorks2022.Production.Product.ProductID,
    AdventureWorks2022.Production.Product.Name AS ProductName,
    AdventureWorks2022.Production.Product.ProductNumber,
    AdventureWorks2022.Production.Product.MakeFlag,
    AdventureWorks2022.Production.Product.FinishedGoodsFlag,
    AdventureWorks2022.Production.Product.Color AS ProductColor,
    AdventureWorks2022.Production.Product.SafetyStockLevel,
    AdventureWorks2022.Production.Product.ReorderPoint,
    AdventureWorks2022.Production.Product.StandardCost,
    AdventureWorks2022.Production.Product.ListPrice,
    AdventureWorks2022.Production.Product.Size AS ProductSize,
    AdventureWorks2022.Production.Product.SizeUnitMeasureCode,
    AdventureWorks2022.Production.Product.WeightUnitMeasureCode,
    AdventureWorks2022.Production.Product.Weight AS ProductWeight,
    AdventureWorks2022.Production.Product.DaysToManufacture,
    AdventureWorks2022.Production.Product.ProductLine,
    AdventureWorks2022.Production.Product.Class AS ProductClass,
    AdventureWorks2022.Production.Product.Style AS ProductStyle,
    AdventureWorks2022.Production.Product.ProductSubcategoryID,
    AdventureWorks2022.Production.Product.ProductModelID,
    AdventureWorks2022.Production.Product.SellStartDate,
    AdventureWorks2022.Production.Product.SellEndDate,
    AdventureWorks2022.Production.Product.DiscontinuedDate,
    AdventureWorks2022.Production.Product.rowguid,
    AdventureWorks2022.Production.Product.ModifiedDate
FROM
    AdventureWorks2022.Production.Product;
```
query: SELECT
    AdventureWorks2022.Production.Product.ProductID,
    AdventureWorks2022.Production.Product.Name AS ProductName,
    AdventureWorks2022.Production.Product.ProductNumber,
    AdventureWorks2022.Production.Product.MakeFlag,
    AdventureWorks2022.Production.Product.FinishedGoodsFlag,
    AdventureWorks2022.Production.Product.Color AS ProductColor,
    AdventureWorks2022.Production.Product.SafetyStockLevel,
    AdventureWorks2022.Production.Product.ReorderPoint,
    AdventureWorks2022.Production.Product.StandardCost,
    AdventureWorks2022.Production.Product.ListPrice,
    AdventureWorks2022.Production.Product.Size AS ProductSize,
    AdventureWorks2022.Production.Product.SizeUnitMeasureCode,
    AdventureWorks2022.Production.Product.WeightUnitMeasureCode,
    AdventureWorks2022.Production.Product.Weight AS ProductWeight,
    AdventureWorks2022.Production.Product.DaysToManufacture,
    AdventureWorks2022.Production.Product.ProductLine,
    AdventureWorks2022.Production.Product.Class AS ProductClass,
    AdventureWorks2022.Production.Product.Style AS ProductStyle,
    AdventureWorks2022.Production.Product.ProductSubcategoryID,
    AdventureWorks2022.Production.Product.ProductModelID,
    AdventureWorks2022.Production.Product.SellStartDate,
    AdventureWorks2022.Production.Product.SellEndDate,
    AdventureWorks2022.Production.Product.DiscontinuedDate,
    AdventureWorks2022.Production.Product.rowguid,
    AdventureWorks2022.Production.Product.ModifiedDate
FROM
    AdventureWorks2022.Production.Product;
chart code :  ```python
import plotly.express as px
import pandas as pd

# Drop rows with missing values in 'ProductNumber' or 'ProductColor'
df = df.dropna(subset=['ProductNumber', 'ProductColor'])
df = df[df['ProductNumber'] != '']
df = df[df['ProductColor'] != '']


# Create the line chart using Plotly Express
fig = px.line(df, 
              x='ProductNumber', 
              y='ProductColor',
              color='ProductColor',  # Color lines by product color
              title='Line Chart for Each Product Color') 

fig.show()

```
chart code :  ```python
import plotly.express as px
import pandas as pd

# Drop rows with missing values in 'ProductNumber' or 'ProductColor'
df = df.dropna(subset=['ProductNumber', 'ProductColor'])
df = df[~df['ProductNumber'].isin([''])]
df = df[~df['ProductColor'].isin([''])]


# Convert ProductNumber to numeric, handling non-numeric values
try:
    df['ProductNumber'] = pd.to_numeric(df['ProductNumber'], errors='coerce')
    df = df.dropna(subset=['ProductNumber'])
except (ValueError, TypeError):
    pass


fig = px.line(df, 
              x='ProductNumber', 
              y='ProductColor', 
              color='ProductColor',
              title='Line Chart for Each Product Color')
fig.show()

```
Query
sql query: ```sql
-- SSMS Query Start
SELECT
    AdventureWorks2022.Production.Product.Name,
    YEAR(AdventureWorks2022.Sales.SalesOrderDetail.ModifiedDate) AS SalesYear,
    SUM(AdventureWorks2022.Sales.SalesOrderDetail.LineTotal) AS TotalSales
FROM
    AdventureWorks2022.Production.Product
INNER JOIN
    AdventureWorks2022.Sales.SalesOrderDetail ON AdventureWorks2022.Production.Product.ProductID = AdventureWorks2022.Sales.SalesOrderDetail.ProductID
GROUP BY
    AdventureWorks2022.Production.Product.Name,
    YEAR(AdventureWorks2022.Sales.SalesOrderDetail.ModifiedDate)
ORDER BY
    AdventureWorks2022.Production.Product.Name,
    SalesYear;
```
query: SELECT
    AdventureWorks2022.Production.Product.Name,
    YEAR(AdventureWorks2022.Sales.SalesOrderDetail.ModifiedDate) AS SalesYear,
    SUM(AdventureWorks2022.Sales.SalesOrderDetail.LineTotal) AS TotalSales
FROM
    AdventureWorks2022.Production.Product
INNER JOIN
    AdventureWorks2022.Sales.SalesOrderDetail ON AdventureWorks2022.Production.Product.ProductID = AdventureWorks2022.Sales.SalesOrderDetail.ProductID
GROUP BY
    AdventureWorks2022.Production.Product.Name,
    YEAR(AdventureWorks2022.Sales.SalesOrderDetail.ModifiedDate)
ORDER BY
    AdventureWorks2022.Production.Product.Name,
    SalesYear;
chart code :  ```python
import plotly.express as px
import pandas as pd

# Drop rows with NaN, None, or blank strings in 'ProductNumber' and 'ProductColor'
df = df.dropna(subset=['ProductNumber', 'ProductColor'])
df = df[df['ProductNumber'].astype(str).str.strip() != '']
df = df[df['ProductColor'].astype(str).str.strip() != '']


fig = px.pie(df, names='ProductColor', title='Total Count of Product for Each Color')
fig.show()

```
chart code :  ```python
import plotly.express as px
import pandas as pd

# Drop rows with NaN, None, or blank strings in 'ProductNumber' or 'ProductColor'
df = df.dropna(subset=['ProductNumber', 'ProductColor'])
df = df[df['ProductNumber'].astype(str).str.strip() != '']
df = df[df['ProductColor'].astype(str).str.strip() != '']


fig = px.pie(df, names='ProductColor', title='Total Count of Product for Each Color')
fig.show()

```
Descriptive
Query
chart code :  ```python
import plotly.express as px
import pandas as pd

# Assuming df is already loaded and available

# Drop rows with null, NaN, or blank strings in 'Name' and 'TotalSales'
df_cleaned = df.dropna(subset=['Name', 'TotalSales'])
df_cleaned = df_cleaned[df_cleaned['Name'].astype(str).str.strip() != '']
df_cleaned = df_cleaned[df_cleaned['TotalSales'].astype(str).str.strip() != '']


fig = px.bar(df_cleaned, x='Name', y='TotalSales')
fig.show()

```
sql query: ```sql
-- SSMS Query Start
SELECT AdventureWorks2022.Production.Product.Name FROM AdventureWorks2022.Production.Product
```
query: SELECT AdventureWorks2022.Production.Product.Name FROM AdventureWorks2022.Production.Product
Query
sql query: ```sql
-- SSMS Query Start
SELECT AdventureWorks2022.Production.Product.Name, AdventureWorks2022.Production.Product.ListPrice, AdventureWorks2022.Production.ProductSubcategory.Name AS SubcategoryName
FROM AdventureWorks2022.Production.Product
INNER JOIN AdventureWorks2022.Production.ProductSubcategory
ON AdventureWorks2022.Production.Product.ProductSubcategoryID = AdventureWorks2022.Production.ProductSubcategory.ProductSubcategoryID;
```
query: SELECT AdventureWorks2022.Production.Product.Name, AdventureWorks2022.Production.Product.ListPrice, AdventureWorks2022.Production.ProductSubcategory.Name AS SubcategoryName
FROM AdventureWorks2022.Production.Product
INNER JOIN AdventureWorks2022.Production.ProductSubcategory
ON AdventureWorks2022.Production.Product.ProductSubcategoryID = AdventureWorks2022.Production.ProductSubcategory.ProductSubcategoryID;
chart code :  ```python
import plotly.express as px
import pandas as pd

# Drop rows with NaN, None, or blank strings in 'Name' and 'TotalSales'
df = df.dropna(subset=['Name', 'TotalSales'])
df = df[df['Name'].astype(str).str.strip() != '']
df = df[df['TotalSales'].astype(str).str.strip() != '']


fig = px.bar(df, x='Name', y='TotalSales')
fig.show()

```
chart code :  ```python
import plotly.express as px
import pandas as pd

# Assuming 'df' is your DataFrame

df = df.dropna(subset=['Name', 'TotalSales'])
df = df[df['Name'].astype(str).str.strip() != '']
df = df[df['TotalSales'].astype(str).str.strip() != '']

fig = px.pie(df, names='Name', values='TotalSales')
fig.show()

```
Diagnostic
chart code :  ```python
import plotly.express as px
import pandas as pd

# Assuming df is already loaded and available

# Drop rows with NaN or blank strings in 'Name' or 'ListPrice'
df = df.dropna(subset=['Name', 'ListPrice'])
df = df[df['Name'].astype(str).str.strip() != '']
df = df[df['ListPrice'].astype(str).str.strip() != '']


fig = px.pie(df, names='Name', values='ListPrice')
fig.show()

```
  Stopping...
DataGenie Running on http://13.202.180.165:5000
Unable to find image 'sql1:latest' locally
docker: Error response from daemon: pull access denied for sql1, repository does not exist or may require 'docker login': denied: requested access to the resource is denied.
See 'docker run --help'.
13.202.180.165
Traceback (most recent call last):
  File "/home/ec2-user/NEW_REPO_DATAGENIE/login.py", line 25, in <module>
    conn = pyodbc.connect(
           ^^^^^^^^^^^^^^^
pyodbc.OperationalError: ('HYT00', '[HYT00] [Microsoft][ODBC Driver 17 for SQL Server]Login timeout expired (0) (SQLDriverConnect)')
sql1
13.202.180.165
Traceback (most recent call last):
  File "/home/ec2-user/NEW_REPO_DATAGENIE/login.py", line 25, in <module>
    conn = pyodbc.connect(
           ^^^^^^^^^^^^^^^
pyodbc.ProgrammingError: ('42000', '[42000] [Microsoft][ODBC Driver 17 for SQL Server][SQL Server]Cannot open database "query_genie" requested by the login. The login failed. (4060) (SQLDriverConnect)')
13.202.180.165
cursror connected
Flask Server Is Starting...
 * Serving Flask app 'login'
 * Debug mode: on
[31m[1mWARNING: This is a development server. Do not use it in a production deployment. Use a production WSGI server instead.[0m
 * Running on all addresses (0.0.0.0)
 * Running on http://127.0.0.1:5000
 * Running on http://172.31.13.254:5000
[33mPress CTRL+C to quit[0m
 * Restarting with watchdog (inotify)
 * Debugger is active!
 * Debugger PIN: 102-189-630
103.230.222.112 - - [16/Sep/2025 08:05:35] "GET / HTTP/1.1" 200 -
103.230.222.112 - - [16/Sep/2025 08:05:35] "[36mGET /static/style2.css HTTP/1.1[0m" 304 -
103.230.222.112 - - [16/Sep/2025 08:05:41] "[32mPOST /login HTTP/1.1[0m" 302 -

Collecting usage statistics. To deactivate, set browser.gatherUsageStats to false.


  You can now view your Streamlit app in your browser.

  URL: http://0.0.0.0:8501

103.230.222.112 - - [16/Sep/2025 08:05:53] "[32mPOST /login HTTP/1.1[0m" 302 -
103.230.222.112 - - [16/Sep/2025 08:05:53] "GET / HTTP/1.1" 200 -
103.230.222.112 - - [16/Sep/2025 08:05:53] "[36mGET /static/style2.css HTTP/1.1[0m" 304 -
103.230.222.112 - - [16/Sep/2025 08:05:59] "[32mPOST /login HTTP/1.1[0m" 302 -

Collecting usage statistics. To deactivate, set browser.gatherUsageStats to false.

2025-09-16 08:05:59.810 Port 8501 is already in use
103.230.222.112 - - [16/Sep/2025 08:09:34] "GET / HTTP/1.1" 200 -
103.230.222.112 - - [16/Sep/2025 08:09:34] "[36mGET /static/style2.css HTTP/1.1[0m" 304 -
103.230.222.112 - - [16/Sep/2025 08:09:52] "[32mPOST /login HTTP/1.1[0m" 302 -
103.230.222.112 - - [16/Sep/2025 08:09:52] "GET / HTTP/1.1" 200 -
103.230.222.112 - - [16/Sep/2025 08:09:52] "[36mGET /static/style2.css HTTP/1.1[0m" 304 -
103.230.222.112 - - [16/Sep/2025 08:10:09] "[32mPOST /login HTTP/1.1[0m" 302 -
103.230.222.112 - - [16/Sep/2025 08:10:09] "GET / HTTP/1.1" 200 -
103.230.222.112 - - [16/Sep/2025 08:10:09] "[36mGET /static/style2.css HTTP/1.1[0m" 304 -
103.230.222.112 - - [16/Sep/2025 08:10:15] "GET / HTTP/1.1" 200 -
103.230.222.112 - - [16/Sep/2025 08:10:15] "GET /static/style2.css HTTP/1.1" 200 -
103.230.222.112 - - [16/Sep/2025 08:10:17] "[33mGET /favicon.ico HTTP/1.1[0m" 404 -
103.230.222.112 - - [16/Sep/2025 08:10:22] "[32mPOST /login HTTP/1.1[0m" 302 -
103.230.222.112 - - [16/Sep/2025 08:10:22] "GET / HTTP/1.1" 200 -
103.230.222.112 - - [16/Sep/2025 08:10:23] "[36mGET /static/style2.css HTTP/1.1[0m" 304 -
103.230.222.112 - - [16/Sep/2025 08:10:39] "[32mPOST /login HTTP/1.1[0m" 302 -
103.230.222.112 - - [16/Sep/2025 08:10:39] "GET / HTTP/1.1" 200 -
103.230.222.112 - - [16/Sep/2025 08:10:39] "[36mGET /static/style2.css HTTP/1.1[0m" 304 -
103.230.222.112 - - [16/Sep/2025 08:11:19] "[32mPOST /login HTTP/1.1[0m" 302 -
103.230.222.112 - - [16/Sep/2025 08:11:19] "GET / HTTP/1.1" 200 -
103.230.222.112 - - [16/Sep/2025 08:11:19] "[36mGET /static/style2.css HTTP/1.1[0m" 304 -
103.230.222.112 - - [16/Sep/2025 08:11:45] "[32mPOST /login HTTP/1.1[0m" 302 -

Collecting usage statistics. To deactivate, set browser.gatherUsageStats to false.

2025-09-16 08:11:45.565 Port 8501 is already in use
103.230.222.112 - - [16/Sep/2025 08:22:07] "[32mPOST /login HTTP/1.1[0m" 302 -
103.230.222.112 - - [16/Sep/2025 08:22:07] "GET / HTTP/1.1" 200 -
103.230.222.112 - - [16/Sep/2025 08:22:07] "[36mGET /static/style2.css HTTP/1.1[0m" 304 -
103.230.222.112 - - [16/Sep/2025 08:22:34] "[32mPOST /login HTTP/1.1[0m" 302 -

Collecting usage statistics. To deactivate, set browser.gatherUsageStats to false.

2025-09-16 08:22:34.981 Port 8501 is already in use
103.230.222.112 - - [16/Sep/2025 08:36:52] "GET / HTTP/1.1" 200 -
103.230.222.112 - - [16/Sep/2025 08:36:52] "GET /static/style2.css HTTP/1.1" 200 -
103.230.222.112 - - [16/Sep/2025 08:36:53] "[33mGET /favicon.ico HTTP/1.1[0m" 404 -
103.230.222.112 - - [16/Sep/2025 08:37:06] "[32mPOST /login HTTP/1.1[0m" 302 -
103.230.222.112 - - [16/Sep/2025 08:37:06] "GET / HTTP/1.1" 200 -
103.230.222.112 - - [16/Sep/2025 08:37:06] "[36mGET /static/style2.css HTTP/1.1[0m" 304 -
103.230.222.112 - - [16/Sep/2025 08:37:18] "[32mPOST /login HTTP/1.1[0m" 302 -

Collecting usage statistics. To deactivate, set browser.gatherUsageStats to false.

2025-09-16 08:37:19.128 Port 8501 is already in use
Query
sql query: ```sql
-- SSMS Query Start
SELECT AdventureWorks2022.Production.Product.ProductID, AdventureWorks2022.Production.Product.Name, AdventureWorks2022.Production.Product.ProductNumber, AdventureWorks2022.Production.Product.MakeFlag, AdventureWorks2022.Production.Product.FinishedGoodsFlag, AdventureWorks2022.Production.Product.Color, AdventureWorks2022.Production.Product.SafetyStockLevel, AdventureWorks2022.Production.Product.ReorderPoint, AdventureWorks2022.Production.Product.StandardCost, AdventureWorks2022.Production.Product.ListPrice, AdventureWorks2022.Production.Product.Size, AdventureWorks2022.Production.Product.SizeUnitMeasureCode, AdventureWorks2022.Production.Product.WeightUnitMeasureCode, AdventureWorks2022.Production.Product.Weight, AdventureWorks2022.Production.Product.DaysToManufacture, AdventureWorks2022.Production.Product.ProductLine, AdventureWorks2022.Production.Product.Class, AdventureWorks2022.Production.Product.Style, AdventureWorks2022.Production.Product.ProductSubcategoryID, AdventureWorks2022.Production.Product.ProductModelID, AdventureWorks2022.Production.Product.SellStartDate, AdventureWorks2022.Production.Product.SellEndDate, AdventureWorks2022.Production.Product.DiscontinuedDate, AdventureWorks2022.Production.Product.rowguid, AdventureWorks2022.Production.Product.ModifiedDate
FROM AdventureWorks2022.Production.Product;
```
query: SELECT AdventureWorks2022.Production.Product.ProductID, AdventureWorks2022.Production.Product.Name, AdventureWorks2022.Production.Product.ProductNumber, AdventureWorks2022.Production.Product.MakeFlag, AdventureWorks2022.Production.Product.FinishedGoodsFlag, AdventureWorks2022.Production.Product.Color, AdventureWorks2022.Production.Product.SafetyStockLevel, AdventureWorks2022.Production.Product.ReorderPoint, AdventureWorks2022.Production.Product.StandardCost, AdventureWorks2022.Production.Product.ListPrice, AdventureWorks2022.Production.Product.Size, AdventureWorks2022.Production.Product.SizeUnitMeasureCode, AdventureWorks2022.Production.Product.WeightUnitMeasureCode, AdventureWorks2022.Production.Product.Weight, AdventureWorks2022.Production.Product.DaysToManufacture, AdventureWorks2022.Production.Product.ProductLine, AdventureWorks2022.Production.Product.Class, AdventureWorks2022.Production.Product.Style, AdventureWorks2022.Production.Product.ProductSubcategoryID, AdventureWorks2022.Production.Product.ProductModelID, AdventureWorks2022.Production.Product.SellStartDate, AdventureWorks2022.Production.Product.SellEndDate, AdventureWorks2022.Production.Product.DiscontinuedDate, AdventureWorks2022.Production.Product.rowguid, AdventureWorks2022.Production.Product.ModifiedDate
FROM AdventureWorks2022.Production.Product;
Descriptive
Query
sql query: ```sql
-- SSMS Query Start
SELECT
    MONTH(AdventureWorks2022.Sales.SalesOrderHeader.OrderDate) AS Month,
    SUM(AdventureWorks2022.Sales.SalesOrderDetail.LineTotal) AS MonthlySales
FROM AdventureWorks2022.Sales.SalesOrderHeader
INNER JOIN AdventureWorks2022.Sales.SalesOrderDetail
ON AdventureWorks2022.Sales.SalesOrderHeader.SalesOrderID = AdventureWorks2022.Sales.SalesOrderDetail.SalesOrderID
WHERE YEAR(AdventureWorks2022.Sales.SalesOrderHeader.OrderDate) = 2013
GROUP BY MONTH(AdventureWorks2022.Sales.SalesOrderHeader.OrderDate)
ORDER BY Month;
```
query: SELECT
    MONTH(AdventureWorks2022.Sales.SalesOrderHeader.OrderDate) AS Month,
    SUM(AdventureWorks2022.Sales.SalesOrderDetail.LineTotal) AS MonthlySales
FROM AdventureWorks2022.Sales.SalesOrderHeader
INNER JOIN AdventureWorks2022.Sales.SalesOrderDetail
ON AdventureWorks2022.Sales.SalesOrderHeader.SalesOrderID = AdventureWorks2022.Sales.SalesOrderDetail.SalesOrderID
WHERE YEAR(AdventureWorks2022.Sales.SalesOrderHeader.OrderDate) = 2013
GROUP BY MONTH(AdventureWorks2022.Sales.SalesOrderHeader.OrderDate)
ORDER BY Month;
Query
sql query: ```sql
-- SSMS Query Start
    SELECT
    MONTH(AdventureWorks2022.Sales.SalesOrderHeader.OrderDate) AS Month,
    YEAR(AdventureWorks2022.Sales.SalesOrderHeader.OrderDate) AS Year,
    SUM(AdventureWorks2022.Sales.SalesOrderDetail.LineTotal) AS MonthlySales
FROM AdventureWorks2022.Sales.SalesOrderHeader
INNER JOIN AdventureWorks2022.Sales.SalesOrderDetail
ON AdventureWorks2022.Sales.SalesOrderHeader.SalesOrderID = AdventureWorks2022.Sales.SalesOrderDetail.SalesOrderID
WHERE YEAR(AdventureWorks2022.Sales.SalesOrderHeader.OrderDate) = 2013
GROUP BY MONTH(AdventureWorks2022.Sales.SalesOrderHeader.OrderDate), YEAR(AdventureWorks2022.Sales.SalesOrderHeader.OrderDate)
ORDER BY Month;
```
query: SELECT
    MONTH(AdventureWorks2022.Sales.SalesOrderHeader.OrderDate) AS Month,
    YEAR(AdventureWorks2022.Sales.SalesOrderHeader.OrderDate) AS Year,
    SUM(AdventureWorks2022.Sales.SalesOrderDetail.LineTotal) AS MonthlySales
FROM AdventureWorks2022.Sales.SalesOrderHeader
INNER JOIN AdventureWorks2022.Sales.SalesOrderDetail
ON AdventureWorks2022.Sales.SalesOrderHeader.SalesOrderID = AdventureWorks2022.Sales.SalesOrderDetail.SalesOrderID
WHERE YEAR(AdventureWorks2022.Sales.SalesOrderHeader.OrderDate) = 2013
GROUP BY MONTH(AdventureWorks2022.Sales.SalesOrderHeader.OrderDate), YEAR(AdventureWorks2022.Sales.SalesOrderHeader.OrderDate)
ORDER BY Month;
chart code :  ```python
import plotly.express as px
import pandas as pd

# Assuming df is already loaded and available

# Drop rows with NaN, None, or blank strings in 'Month' and 'MonthlySales'
df = df.dropna(subset=['Month', 'MonthlySales'])
df = df[df['Month'].astype(str).str.strip() != '']
df = df[df['MonthlySales'].astype(str).str.strip() != '']


fig = px.pie(df, names='Month', values='MonthlySales')
fig.show()

```
Query
sql query: ```sql
-- SSMS Query Start
SELECT
    AdventureWorks2022.Sales.SalesOrderHeader.TerritoryID,
    SUM(CASE WHEN DATEPART(QUARTER, AdventureWorks2022.Sales.SalesOrderHeader.OrderDate) = 1 THEN AdventureWorks2022.Sales.SalesOrderHeader.TotalDue ELSE 0 END) AS Q1,
    SUM(CASE WHEN DATEPART(QUARTER, AdventureWorks2022.Sales.SalesOrderHeader.OrderDate) = 2 THEN AdventureWorks2022.Sales.SalesOrderHeader.TotalDue ELSE 0 END) AS Q2,
    SUM(CASE WHEN DATEPART(QUARTER, AdventureWorks2022.Sales.SalesOrderHeader.OrderDate) = 3 THEN AdventureWorks2022.Sales.SalesOrderHeader.TotalDue ELSE 0 END) AS Q3,
    SUM(CASE WHEN DATEPART(QUARTER, AdventureWorks2022.Sales.SalesOrderHeader.OrderDate) = 4 THEN AdventureWorks2022.Sales.SalesOrderHeader.TotalDue ELSE 0 END) AS Q4
FROM
    AdventureWorks2022.Sales.SalesOrderHeader
WHERE
    YEAR(AdventureWorks2022.Sales.SalesOrderHeader.OrderDate) = 2013
GROUP BY
    AdventureWorks2022.Sales.SalesOrderHeader.TerritoryID;
```
query: SELECT
    AdventureWorks2022.Sales.SalesOrderHeader.TerritoryID,
    SUM(CASE WHEN DATEPART(QUARTER, AdventureWorks2022.Sales.SalesOrderHeader.OrderDate) = 1 THEN AdventureWorks2022.Sales.SalesOrderHeader.TotalDue ELSE 0 END) AS Q1,
    SUM(CASE WHEN DATEPART(QUARTER, AdventureWorks2022.Sales.SalesOrderHeader.OrderDate) = 2 THEN AdventureWorks2022.Sales.SalesOrderHeader.TotalDue ELSE 0 END) AS Q2,
    SUM(CASE WHEN DATEPART(QUARTER, AdventureWorks2022.Sales.SalesOrderHeader.OrderDate) = 3 THEN AdventureWorks2022.Sales.SalesOrderHeader.TotalDue ELSE 0 END) AS Q3,
    SUM(CASE WHEN DATEPART(QUARTER, AdventureWorks2022.Sales.SalesOrderHeader.OrderDate) = 4 THEN AdventureWorks2022.Sales.SalesOrderHeader.TotalDue ELSE 0 END) AS Q4
FROM
    AdventureWorks2022.Sales.SalesOrderHeader
WHERE
    YEAR(AdventureWorks2022.Sales.SalesOrderHeader.OrderDate) = 2013
GROUP BY
    AdventureWorks2022.Sales.SalesOrderHeader.TerritoryID;
Query
sql query: ```sql
-- SSMS Query Start
SELECT AdventureWorks2022.Sales.SalesTerritory.Name AS TerritoryName,
       SUM(AdventureWorks2022.Sales.SalesOrderDetail.LineTotal) AS TotalSales
FROM AdventureWorks2022.Sales.SalesOrderHeader
INNER JOIN AdventureWorks2022.Sales.SalesOrderDetail
ON AdventureWorks2022.Sales.SalesOrderHeader.SalesOrderID = AdventureWorks2022.Sales.SalesOrderDetail.SalesOrderID
INNER JOIN AdventureWorks2022.Sales.SalesTerritory
ON AdventureWorks2022.Sales.SalesOrderHeader.TerritoryID = AdventureWorks2022.Sales.SalesTerritory.TerritoryID
WHERE AdventureWorks2022.Sales.SalesOrderHeader.OrderDate >= DATEADD(quarter, -2, DATEFROMPARTS(2013, 12, 31)) AND AdventureWorks2022.Sales.SalesOrderHeader.OrderDate <= DATEFROMPARTS(2013, 12, 31)
GROUP BY AdventureWorks2022.Sales.SalesTerritory.Name;
```
query: SELECT AdventureWorks2022.Sales.SalesTerritory.Name AS TerritoryName,
       SUM(AdventureWorks2022.Sales.SalesOrderDetail.LineTotal) AS TotalSales
FROM AdventureWorks2022.Sales.SalesOrderHeader
INNER JOIN AdventureWorks2022.Sales.SalesOrderDetail
ON AdventureWorks2022.Sales.SalesOrderHeader.SalesOrderID = AdventureWorks2022.Sales.SalesOrderDetail.SalesOrderID
INNER JOIN AdventureWorks2022.Sales.SalesTerritory
ON AdventureWorks2022.Sales.SalesOrderHeader.TerritoryID = AdventureWorks2022.Sales.SalesTerritory.TerritoryID
WHERE AdventureWorks2022.Sales.SalesOrderHeader.OrderDate >= DATEADD(quarter, -2, DATEFROMPARTS(2013, 12, 31)) AND AdventureWorks2022.Sales.SalesOrderHeader.OrderDate <= DATEFROMPARTS(2013, 12, 31)
GROUP BY AdventureWorks2022.Sales.SalesTerritory.Name;
Query
sql query: ```sql
-- SSMS Query Start
SELECT AdventureWorks2022.Sales.SalesTerritory.Name AS TerritoryName,
       SUM(AdventureWorks2022.Sales.SalesOrderDetail.LineTotal) AS TotalSales
FROM AdventureWorks2022.Sales.SalesOrderHeader
INNER JOIN AdventureWorks2022.Sales.SalesOrderDetail
ON AdventureWorks2022.Sales.SalesOrderHeader.SalesOrderID = AdventureWorks2022.Sales.SalesOrderDetail.SalesOrderID
INNER JOIN AdventureWorks2022.Sales.SalesTerritory
ON AdventureWorks2022.Sales.SalesOrderHeader.TerritoryID = AdventureWorks2022.Sales.SalesTerritory.TerritoryID
WHERE AdventureWorks2022.Sales.SalesOrderHeader.OrderDate >= DATEADD(quarter, -2, DATEFROMPARTS(2013, 12, 31)) AND AdventureWorks2022.Sales.SalesOrderHeader.OrderDate <= DATEFROMPARTS(2013, 12, 31)
GROUP BY AdventureWorks2022.Sales.SalesTerritory.Name;
```

query: SELECT AdventureWorks2022.Sales.SalesTerritory.Name AS TerritoryName,
       SUM(AdventureWorks2022.Sales.SalesOrderDetail.LineTotal) AS TotalSales
FROM AdventureWorks2022.Sales.SalesOrderHeader
INNER JOIN AdventureWorks2022.Sales.SalesOrderDetail
ON AdventureWorks2022.Sales.SalesOrderHeader.SalesOrderID = AdventureWorks2022.Sales.SalesOrderDetail.SalesOrderID
INNER JOIN AdventureWorks2022.Sales.SalesTerritory
ON AdventureWorks2022.Sales.SalesOrderHeader.TerritoryID = AdventureWorks2022.Sales.SalesTerritory.TerritoryID
WHERE AdventureWorks2022.Sales.SalesOrderHeader.OrderDate >= DATEADD(quarter, -2, DATEFROMPARTS(2013, 12, 31)) AND AdventureWorks2022.Sales.SalesOrderHeader.OrderDate <= DATEFROMPARTS(2013, 12, 31)
GROUP BY AdventureWorks2022.Sales.SalesTerritory.Name;
Query
sql query: ```sql
-- SSMS Query Start
SELECT AdventureWorks2022.Sales.SalesTerritory.TerritoryID, AdventureWorks2022.Sales.SalesTerritory.Name, SUM(AdventureWorks2022.Sales.SalesOrderHeader.TotalDue) AS TotalSales
FROM AdventureWorks2022.Sales.SalesOrderHeader
JOIN AdventureWorks2022.Sales.SalesTerritory ON AdventureWorks2022.Sales.SalesOrderHeader.TerritoryID = AdventureWorks2022.Sales.SalesTerritory.TerritoryID
WHERE AdventureWorks2022.Sales.SalesOrderHeader.OrderDate >= DATEADD(quarter, -2, DATEFROMPARTS(2013, 12, 31)) AND AdventureWorks2022.Sales.SalesOrderHeader.OrderDate <= DATEFROMPARTS(2013, 12, 31)
GROUP BY AdventureWorks2022.Sales.SalesTerritory.TerritoryID, AdventureWorks2022.Sales.SalesTerritory.Name;
```
query: SELECT AdventureWorks2022.Sales.SalesTerritory.TerritoryID, AdventureWorks2022.Sales.SalesTerritory.Name, SUM(AdventureWorks2022.Sales.SalesOrderHeader.TotalDue) AS TotalSales
FROM AdventureWorks2022.Sales.SalesOrderHeader
JOIN AdventureWorks2022.Sales.SalesTerritory ON AdventureWorks2022.Sales.SalesOrderHeader.TerritoryID = AdventureWorks2022.Sales.SalesTerritory.TerritoryID
WHERE AdventureWorks2022.Sales.SalesOrderHeader.OrderDate >= DATEADD(quarter, -2, DATEFROMPARTS(2013, 12, 31)) AND AdventureWorks2022.Sales.SalesOrderHeader.OrderDate <= DATEFROMPARTS(2013, 12, 31)
GROUP BY AdventureWorks2022.Sales.SalesTerritory.TerritoryID, AdventureWorks2022.Sales.SalesTerritory.Name;
Query
sql query: ```sql
-- SSMS Query Start
SELECT
    AdventureWorks2022.Sales.SalesTerritory.Name as Territory,
    SUM(AdventureWorks2022.Sales.SalesOrderDetail.LineTotal) AS TotalSalesQ1,
    SUM(AdventureWorks2022.Sales.SalesOrderDetail.LineTotal) AS TotalSalesQ2,
    SUM(AdventureWorks2022.Sales.SalesOrderDetail.LineTotal) AS TotalSalesQ3,
    SUM(AdventureWorks2022.Sales.SalesOrderDetail.LineTotal) AS TotalSalesQ4
FROM
    AdventureWorks2022.Sales.SalesOrderHeader
INNER JOIN
    AdventureWorks2022.Sales.SalesOrderDetail ON AdventureWorks2022.Sales.SalesOrderHeader.SalesOrderID = AdventureWorks2022.Sales.SalesOrderDetail.SalesOrderID
INNER JOIN
    AdventureWorks2022.Sales.SalesTerritory ON AdventureWorks2022.Sales.SalesOrderHeader.TerritoryID = AdventureWorks2022.Sales.SalesTerritory.TerritoryID
WHERE
    YEAR(AdventureWorks2022.Sales.SalesOrderHeader.OrderDate) = 2012
GROUP BY
    AdventureWorks2022.Sales.SalesTerritory.Name, DATEPART(QUARTER, AdventureWorks2022.Sales.SalesOrderHeader.OrderDate)
ORDER BY
    AdventureWorks2022.Sales.SalesTerritory.Name
    
```
query: SELECT
    AdventureWorks2022.Sales.SalesTerritory.Name as Territory,
    SUM(AdventureWorks2022.Sales.SalesOrderDetail.LineTotal) AS TotalSalesQ1,
    SUM(AdventureWorks2022.Sales.SalesOrderDetail.LineTotal) AS TotalSalesQ2,
    SUM(AdventureWorks2022.Sales.SalesOrderDetail.LineTotal) AS TotalSalesQ3,
    SUM(AdventureWorks2022.Sales.SalesOrderDetail.LineTotal) AS TotalSalesQ4
FROM
    AdventureWorks2022.Sales.SalesOrderHeader
INNER JOIN
    AdventureWorks2022.Sales.SalesOrderDetail ON AdventureWorks2022.Sales.SalesOrderHeader.SalesOrderID = AdventureWorks2022.Sales.SalesOrderDetail.SalesOrderID
INNER JOIN
    AdventureWorks2022.Sales.SalesTerritory ON AdventureWorks2022.Sales.SalesOrderHeader.TerritoryID = AdventureWorks2022.Sales.SalesTerritory.TerritoryID
WHERE
    YEAR(AdventureWorks2022.Sales.SalesOrderHeader.OrderDate) = 2012
GROUP BY
    AdventureWorks2022.Sales.SalesTerritory.Name, DATEPART(QUARTER, AdventureWorks2022.Sales.SalesOrderHeader.OrderDate)
ORDER BY
    AdventureWorks2022.Sales.SalesTerritory.Name
Query
sql query: ```sql
-- SSMS Query Start
SELECT AdventureWorks2022.Sales.SalesTerritory.Name AS Territory, SUM(AdventureWorks2022.Sales.SalesOrderDetail.LineTotal) AS TotalSales
FROM AdventureWorks2022.Sales.SalesOrderHeader
INNER JOIN AdventureWorks2022.Sales.SalesOrderDetail ON AdventureWorks2022.Sales.SalesOrderHeader.SalesOrderID = AdventureWorks2022.Sales.SalesOrderDetail.SalesOrderID
INNER JOIN AdventureWorks2022.Sales.SalesTerritory ON AdventureWorks2022.Sales.SalesOrderHeader.TerritoryID = AdventureWorks2022.Sales.SalesTerritory.TerritoryID
WHERE YEAR(AdventureWorks2022.Sales.SalesOrderHeader.OrderDate) = 2013 AND DATEPART(QUARTER, AdventureWorks2022.Sales.SalesOrderHeader.OrderDate) IN (3, 4)
GROUP BY AdventureWorks2022.Sales.SalesTerritory.Name;
```
query: SELECT AdventureWorks2022.Sales.SalesTerritory.Name AS Territory, SUM(AdventureWorks2022.Sales.SalesOrderDetail.LineTotal) AS TotalSales
FROM AdventureWorks2022.Sales.SalesOrderHeader
INNER JOIN AdventureWorks2022.Sales.SalesOrderDetail ON AdventureWorks2022.Sales.SalesOrderHeader.SalesOrderID = AdventureWorks2022.Sales.SalesOrderDetail.SalesOrderID
INNER JOIN AdventureWorks2022.Sales.SalesTerritory ON AdventureWorks2022.Sales.SalesOrderHeader.TerritoryID = AdventureWorks2022.Sales.SalesTerritory.TerritoryID
WHERE YEAR(AdventureWorks2022.Sales.SalesOrderHeader.OrderDate) = 2013 AND DATEPART(QUARTER, AdventureWorks2022.Sales.SalesOrderHeader.OrderDate) IN (3, 4)
GROUP BY AdventureWorks2022.Sales.SalesTerritory.Name;
Query
sql query: ```sql
-- SSMS Query Start
SELECT SUM(AdventureWorks2022.Sales.SalesOrderDetail.LineTotal) AS TotalSales
FROM AdventureWorks2022.Sales.SalesOrderHeader
INNER JOIN AdventureWorks2022.Sales.SalesOrderDetail ON AdventureWorks2022.Sales.SalesOrderHeader.SalesOrderID = AdventureWorks2022.Sales.SalesOrderDetail.SalesOrderID
WHERE YEAR(AdventureWorks2022.Sales.SalesOrderHeader.OrderDate) = 2013
  AND DATEPART(QUARTER, AdventureWorks2022.Sales.SalesOrderHeader.OrderDate) IN (3, 4);
```
query: SELECT SUM(AdventureWorks2022.Sales.SalesOrderDetail.LineTotal) AS TotalSales
FROM AdventureWorks2022.Sales.SalesOrderHeader
INNER JOIN AdventureWorks2022.Sales.SalesOrderDetail ON AdventureWorks2022.Sales.SalesOrderHeader.SalesOrderID = AdventureWorks2022.Sales.SalesOrderDetail.SalesOrderID
WHERE YEAR(AdventureWorks2022.Sales.SalesOrderHeader.OrderDate) = 2013
  AND DATEPART(QUARTER, AdventureWorks2022.Sales.SalesOrderHeader.OrderDate) IN (3, 4);
Query
sql query: ```sql
-- SSMS Query Start
SELECT AdventureWorks2022.Sales.SalesTerritory.Name, SUM(AdventureWorks2022.Sales.SalesOrderDetail.LineTotal) AS TotalSales
FROM AdventureWorks2022.Sales.SalesOrderHeader
INNER JOIN AdventureWorks2022.Sales.SalesOrderDetail ON AdventureWorks2022.Sales.SalesOrderHeader.SalesOrderID = AdventureWorks2022.Sales.SalesOrderDetail.SalesOrderID
INNER JOIN AdventureWorks2022.Sales.SalesTerritory ON AdventureWorks2022.Sales.SalesOrderHeader.TerritoryID = AdventureWorks2022.Sales.SalesTerritory.TerritoryID
WHERE YEAR(AdventureWorks2022.Sales.SalesOrderHeader.OrderDate) = 2013
  AND DATEPART(QUARTER, AdventureWorks2022.Sales.SalesOrderHeader.OrderDate) IN (3, 4)
GROUP BY AdventureWorks2022.Sales.SalesTerritory.Name;
```
query: SELECT AdventureWorks2022.Sales.SalesTerritory.Name, SUM(AdventureWorks2022.Sales.SalesOrderDetail.LineTotal) AS TotalSales
FROM AdventureWorks2022.Sales.SalesOrderHeader
INNER JOIN AdventureWorks2022.Sales.SalesOrderDetail ON AdventureWorks2022.Sales.SalesOrderHeader.SalesOrderID = AdventureWorks2022.Sales.SalesOrderDetail.SalesOrderID
INNER JOIN AdventureWorks2022.Sales.SalesTerritory ON AdventureWorks2022.Sales.SalesOrderHeader.TerritoryID = AdventureWorks2022.Sales.SalesTerritory.TerritoryID
WHERE YEAR(AdventureWorks2022.Sales.SalesOrderHeader.OrderDate) = 2013
  AND DATEPART(QUARTER, AdventureWorks2022.Sales.SalesOrderHeader.OrderDate) IN (3, 4)
GROUP BY AdventureWorks2022.Sales.SalesTerritory.Name;
Query
sql query: ```sql
-- SSMS Query Start
SELECT AdventureWorks2022.Sales.SalesTerritory.Name, SUM(AdventureWorks2022.Sales.SalesOrderDetail.LineTotal) AS TotalSales
FROM AdventureWorks2022.Sales.SalesOrderHeader
INNER JOIN AdventureWorks2022.Sales.SalesOrderDetail ON AdventureWorks2022.Sales.SalesOrderHeader.SalesOrderID = AdventureWorks2022.Sales.SalesOrderDetail.SalesOrderID
INNER JOIN AdventureWorks2022.Sales.SalesTerritory ON AdventureWorks2022.Sales.SalesOrderHeader.TerritoryID = AdventureWorks2022.Sales.SalesTerritory.TerritoryID
WHERE YEAR(AdventureWorks2022.Sales.SalesOrderHeader.OrderDate) = 2013
  AND DATEPART(QUARTER, AdventureWorks2022.Sales.SalesOrderHeader.OrderDate) IN (3, 4)
GROUP BY AdventureWorks2022.Sales.SalesTerritory.Name;
```
query: SELECT AdventureWorks2022.Sales.SalesTerritory.Name, SUM(AdventureWorks2022.Sales.SalesOrderDetail.LineTotal) AS TotalSales
FROM AdventureWorks2022.Sales.SalesOrderHeader
INNER JOIN AdventureWorks2022.Sales.SalesOrderDetail ON AdventureWorks2022.Sales.SalesOrderHeader.SalesOrderID = AdventureWorks2022.Sales.SalesOrderDetail.SalesOrderID
INNER JOIN AdventureWorks2022.Sales.SalesTerritory ON AdventureWorks2022.Sales.SalesOrderHeader.TerritoryID = AdventureWorks2022.Sales.SalesTerritory.TerritoryID
WHERE YEAR(AdventureWorks2022.Sales.SalesOrderHeader.OrderDate) = 2013
  AND DATEPART(QUARTER, AdventureWorks2022.Sales.SalesOrderHeader.OrderDate) IN (3, 4)
GROUP BY AdventureWorks2022.Sales.SalesTerritory.Name;
Query
sql query: ```sql
-- SSMS Query Start
SELECT AdventureWorks2022.Sales.SalesTerritory.Name, SUM(AdventureWorks2022.Sales.SalesOrderDetail.LineTotal) AS TotalSales, DATEPART(QUARTER, AdventureWorks2022.Sales.SalesOrderHeader.OrderDate) AS QuarterNo
FROM AdventureWorks2022.Sales.SalesOrderHeader
INNER JOIN AdventureWorks2022.Sales.SalesOrderDetail ON AdventureWorks2022.Sales.SalesOrderHeader.SalesOrderID = AdventureWorks2022.Sales.SalesOrderDetail.SalesOrderID
INNER JOIN AdventureWorks2022.Sales.SalesTerritory ON AdventureWorks2022.Sales.SalesOrderHeader.TerritoryID = AdventureWorks2022.Sales.SalesTerritory.TerritoryID
WHERE YEAR(AdventureWorks2022.Sales.SalesOrderHeader.OrderDate) = 2013
  AND DATEPART(QUARTER, AdventureWorks2022.Sales.SalesOrderHeader.OrderDate) IN (3, 4)
GROUP BY AdventureWorks2022.Sales.SalesTerritory.Name, DATEPART(QUARTER, AdventureWorks2022.Sales.SalesOrderHeader.OrderDate);
```
query: SELECT AdventureWorks2022.Sales.SalesTerritory.Name, SUM(AdventureWorks2022.Sales.SalesOrderDetail.LineTotal) AS TotalSales, DATEPART(QUARTER, AdventureWorks2022.Sales.SalesOrderHeader.OrderDate) AS QuarterNo
FROM AdventureWorks2022.Sales.SalesOrderHeader
INNER JOIN AdventureWorks2022.Sales.SalesOrderDetail ON AdventureWorks2022.Sales.SalesOrderHeader.SalesOrderID = AdventureWorks2022.Sales.SalesOrderDetail.SalesOrderID
INNER JOIN AdventureWorks2022.Sales.SalesTerritory ON AdventureWorks2022.Sales.SalesOrderHeader.TerritoryID = AdventureWorks2022.Sales.SalesTerritory.TerritoryID
WHERE YEAR(AdventureWorks2022.Sales.SalesOrderHeader.OrderDate) = 2013
  AND DATEPART(QUARTER, AdventureWorks2022.Sales.SalesOrderHeader.OrderDate) IN (3, 4)
GROUP BY AdventureWorks2022.Sales.SalesTerritory.Name, DATEPART(QUARTER, AdventureWorks2022.Sales.SalesOrderHeader.OrderDate);
Query
sql query: ```sql
-- SSMS Query Start
SELECT AdventureWorks2022.Sales.SalesTerritory.Name, 
       SUM(AdventureWorks2022.Sales.SalesOrderDetail.LineTotal) AS TotalSales, 
       DATEPART(QUARTER, AdventureWorks2022.Sales.SalesOrderHeader.OrderDate) AS QuarterNo,
       YEAR(AdventureWorks2022.Sales.SalesOrderHeader.OrderDate) AS YearNo,
       MONTH(AdventureWorks2022.Sales.SalesOrderHeader.OrderDate) AS MonthNo,
       AdventureWorks2022.Production.Product.Name AS ProductName
FROM AdventureWorks2022.Sales.SalesOrderHeader
INNER JOIN AdventureWorks2022.Sales.SalesOrderDetail ON AdventureWorks2022.Sales.SalesOrderHeader.SalesOrderID = AdventureWorks2022.Sales.SalesOrderDetail.SalesOrderID
INNER JOIN AdventureWorks2022.Sales.SalesTerritory ON AdventureWorks2022.Sales.SalesOrderHeader.TerritoryID = AdventureWorks2022.Sales.SalesTerritory.TerritoryID
INNER JOIN AdventureWorks2022.Production.Product ON AdventureWorks2022.Sales.SalesOrderDetail.ProductID = AdventureWorks2022.Production.Product.ProductID
WHERE YEAR(AdventureWorks2022.Sales.SalesOrderHeader.OrderDate) = 2013
  AND DATEPART(QUARTER, AdventureWorks2022.Sales.SalesOrderHeader.OrderDate) IN (3, 4)
GROUP BY AdventureWorks2022.Sales.SalesTerritory.Name, 
         DATEPART(QUARTER, AdventureWorks2022.Sales.SalesOrderHeader.OrderDate),
         YEAR(AdventureWorks2022.Sales.SalesOrderHeader.OrderDate),
         MONTH(AdventureWorks2022.Sales.SalesOrderHeader.OrderDate),
         AdventureWorks2022.Production.Product.Name;
```
query: SELECT AdventureWorks2022.Sales.SalesTerritory.Name, 
       SUM(AdventureWorks2022.Sales.SalesOrderDetail.LineTotal) AS TotalSales, 
       DATEPART(QUARTER, AdventureWorks2022.Sales.SalesOrderHeader.OrderDate) AS QuarterNo,
       YEAR(AdventureWorks2022.Sales.SalesOrderHeader.OrderDate) AS YearNo,
       MONTH(AdventureWorks2022.Sales.SalesOrderHeader.OrderDate) AS MonthNo,
       AdventureWorks2022.Production.Product.Name AS ProductName
FROM AdventureWorks2022.Sales.SalesOrderHeader
INNER JOIN AdventureWorks2022.Sales.SalesOrderDetail ON AdventureWorks2022.Sales.SalesOrderHeader.SalesOrderID = AdventureWorks2022.Sales.SalesOrderDetail.SalesOrderID
INNER JOIN AdventureWorks2022.Sales.SalesTerritory ON AdventureWorks2022.Sales.SalesOrderHeader.TerritoryID = AdventureWorks2022.Sales.SalesTerritory.TerritoryID
INNER JOIN AdventureWorks2022.Production.Product ON AdventureWorks2022.Sales.SalesOrderDetail.ProductID = AdventureWorks2022.Production.Product.ProductID
WHERE YEAR(AdventureWorks2022.Sales.SalesOrderHeader.OrderDate) = 2013
  AND DATEPART(QUARTER, AdventureWorks2022.Sales.SalesOrderHeader.OrderDate) IN (3, 4)
GROUP BY AdventureWorks2022.Sales.SalesTerritory.Name, 
         DATEPART(QUARTER, AdventureWorks2022.Sales.SalesOrderHeader.OrderDate),
         YEAR(AdventureWorks2022.Sales.SalesOrderHeader.OrderDate),
         MONTH(AdventureWorks2022.Sales.SalesOrderHeader.OrderDate),
         AdventureWorks2022.Production.Product.Name;
Query
sql query: ```sql
-- SSMS Query Start
SELECT AdventureWorks2022.Sales.SalesTerritory.Name, 
       SUM(AdventureWorks2022.Sales.SalesOrderDetail.LineTotal) AS TotalSales, 
       DATEPART(QUARTER, AdventureWorks2022.Sales.SalesOrderHeader.OrderDate) AS QuarterNo,
       YEAR(AdventureWorks2022.Sales.SalesOrderHeader.OrderDate) AS YearNo,
       FORMAT(AdventureWorks2022.Sales.SalesOrderHeader.OrderDate, 'MMM') AS MonthName,
       AdventureWorks2022.Production.Product.Name AS ProductName
FROM AdventureWorks2022.Sales.SalesOrderHeader
INNER JOIN AdventureWorks2022.Sales.SalesOrderDetail ON AdventureWorks2022.Sales.SalesOrderHeader.SalesOrderID = AdventureWorks2022.Sales.SalesOrderDetail.SalesOrderID
INNER JOIN AdventureWorks2022.Sales.SalesTerritory ON AdventureWorks2022.Sales.SalesOrderHeader.TerritoryID = AdventureWorks2022.Sales.SalesTerritory.TerritoryID
INNER JOIN AdventureWorks2022.Production.Product ON AdventureWorks2022.Sales.SalesOrderDetail.ProductID = AdventureWorks2022.Production.Product.ProductID
WHERE YEAR(AdventureWorks2022.Sales.SalesOrderHeader.OrderDate) = 2013
  AND DATEPART(QUARTER, AdventureWorks2022.Sales.SalesOrderHeader.OrderDate) IN (3, 4)
GROUP BY AdventureWorks2022.Sales.SalesTerritory.Name, 
         DATEPART(QUARTER, AdventureWorks2022.Sales.SalesOrderHeader.OrderDate),
         YEAR(AdventureWorks2022.Sales.SalesOrderHeader.OrderDate),
         FORMAT(AdventureWorks2022.Sales.SalesOrderHeader.OrderDate, 'MMM'),
         AdventureWorks2022.Production.Product.Name;
```
query: SELECT AdventureWorks2022.Sales.SalesTerritory.Name, 
       SUM(AdventureWorks2022.Sales.SalesOrderDetail.LineTotal) AS TotalSales, 
       DATEPART(QUARTER, AdventureWorks2022.Sales.SalesOrderHeader.OrderDate) AS QuarterNo,
       YEAR(AdventureWorks2022.Sales.SalesOrderHeader.OrderDate) AS YearNo,
       FORMAT(AdventureWorks2022.Sales.SalesOrderHeader.OrderDate, 'MMM') AS MonthName,
       AdventureWorks2022.Production.Product.Name AS ProductName
FROM AdventureWorks2022.Sales.SalesOrderHeader
INNER JOIN AdventureWorks2022.Sales.SalesOrderDetail ON AdventureWorks2022.Sales.SalesOrderHeader.SalesOrderID = AdventureWorks2022.Sales.SalesOrderDetail.SalesOrderID
INNER JOIN AdventureWorks2022.Sales.SalesTerritory ON AdventureWorks2022.Sales.SalesOrderHeader.TerritoryID = AdventureWorks2022.Sales.SalesTerritory.TerritoryID
INNER JOIN AdventureWorks2022.Production.Product ON AdventureWorks2022.Sales.SalesOrderDetail.ProductID = AdventureWorks2022.Production.Product.ProductID
WHERE YEAR(AdventureWorks2022.Sales.SalesOrderHeader.OrderDate) = 2013
  AND DATEPART(QUARTER, AdventureWorks2022.Sales.SalesOrderHeader.OrderDate) IN (3, 4)
GROUP BY AdventureWorks2022.Sales.SalesTerritory.Name, 
         DATEPART(QUARTER, AdventureWorks2022.Sales.SalesOrderHeader.OrderDate),
         YEAR(AdventureWorks2022.Sales.SalesOrderHeader.OrderDate),
         FORMAT(AdventureWorks2022.Sales.SalesOrderHeader.OrderDate, 'MMM'),
         AdventureWorks2022.Production.Product.Name;
Descriptive
Diagnostic
Query
sql query: ```sql
-- SSMS Query Start
SELECT AdventureWorks2022.Sales.SalesTerritory.Name AS TerritoryName,
       SUM(AdventureWorks2022.Sales.SalesOrderDetail.LineTotal) AS TotalSales
FROM AdventureWorks2022.Sales.SalesOrderHeader
INNER JOIN AdventureWorks2022.Sales.SalesOrderDetail ON AdventureWorks2022.Sales.SalesOrderHeader.SalesOrderID = AdventureWorks2022.Sales.SalesOrderDetail.SalesOrderID
INNER JOIN AdventureWorks2022.Sales.SalesTerritory ON AdventureWorks2022.Sales.SalesOrderHeader.TerritoryID = AdventureWorks2022.Sales.SalesTerritory.TerritoryID
WHERE AdventureWorks2022.Sales.SalesOrderHeader.OrderDate >= DATEADD(quarter, -2, DATEFROMPARTS(2013, 12, 31)) AND AdventureWorks2022.Sales.SalesOrderHeader.OrderDate <= DATEFROMPARTS(2013, 12, 31)
GROUP BY AdventureWorks2022.Sales.SalesTerritory.Name;
```
query: SELECT AdventureWorks2022.Sales.SalesTerritory.Name AS TerritoryName,
       SUM(AdventureWorks2022.Sales.SalesOrderDetail.LineTotal) AS TotalSales
FROM AdventureWorks2022.Sales.SalesOrderHeader
INNER JOIN AdventureWorks2022.Sales.SalesOrderDetail ON AdventureWorks2022.Sales.SalesOrderHeader.SalesOrderID = AdventureWorks2022.Sales.SalesOrderDetail.SalesOrderID
INNER JOIN AdventureWorks2022.Sales.SalesTerritory ON AdventureWorks2022.Sales.SalesOrderHeader.TerritoryID = AdventureWorks2022.Sales.SalesTerritory.TerritoryID
WHERE AdventureWorks2022.Sales.SalesOrderHeader.OrderDate >= DATEADD(quarter, -2, DATEFROMPARTS(2013, 12, 31)) AND AdventureWorks2022.Sales.SalesOrderHeader.OrderDate <= DATEFROMPARTS(2013, 12, 31)
GROUP BY AdventureWorks2022.Sales.SalesTerritory.Name;
Query
sql query: ```sql
-- SSMS Query Start
SELECT AdventureWorks2022.Sales.SalesTerritory.Name AS TerritoryName,
       SUM(AdventureWorks2022.Sales.SalesOrderDetail.LineTotal) AS TotalSales,
       AdventureWorks2022.Production.Product.Name AS ProductName
FROM AdventureWorks2022.Sales.SalesOrderHeader
INNER JOIN AdventureWorks2022.Sales.SalesOrderDetail ON AdventureWorks2022.Sales.SalesOrderHeader.SalesOrderID = AdventureWorks2022.Sales.SalesOrderDetail.SalesOrderID
INNER JOIN AdventureWorks2022.Sales.SalesTerritory ON AdventureWorks2022.Sales.SalesOrderHeader.TerritoryID = AdventureWorks2022.Sales.SalesTerritory.TerritoryID
INNER JOIN AdventureWorks2022.Production.Product ON AdventureWorks2022.Sales.SalesOrderDetail.ProductID = AdventureWorks2022.Production.Product.ProductID
WHERE AdventureWorks2022.Sales.SalesOrderHeader.OrderDate >= DATEADD(quarter, -2, DATEFROMPARTS(2013, 12, 31)) AND AdventureWorks2022.Sales.SalesOrderHeader.OrderDate <= DATEFROMPARTS(2013, 12, 31)
GROUP BY AdventureWorks2022.Sales.SalesTerritory.Name, AdventureWorks2022.Production.Product.Name;
```
query: SELECT AdventureWorks2022.Sales.SalesTerritory.Name AS TerritoryName,
       SUM(AdventureWorks2022.Sales.SalesOrderDetail.LineTotal) AS TotalSales,
       AdventureWorks2022.Production.Product.Name AS ProductName
FROM AdventureWorks2022.Sales.SalesOrderHeader
INNER JOIN AdventureWorks2022.Sales.SalesOrderDetail ON AdventureWorks2022.Sales.SalesOrderHeader.SalesOrderID = AdventureWorks2022.Sales.SalesOrderDetail.SalesOrderID
INNER JOIN AdventureWorks2022.Sales.SalesTerritory ON AdventureWorks2022.Sales.SalesOrderHeader.TerritoryID = AdventureWorks2022.Sales.SalesTerritory.TerritoryID
INNER JOIN AdventureWorks2022.Production.Product ON AdventureWorks2022.Sales.SalesOrderDetail.ProductID = AdventureWorks2022.Production.Product.ProductID
WHERE AdventureWorks2022.Sales.SalesOrderHeader.OrderDate >= DATEADD(quarter, -2, DATEFROMPARTS(2013, 12, 31)) AND AdventureWorks2022.Sales.SalesOrderHeader.OrderDate <= DATEFROMPARTS(2013, 12, 31)
GROUP BY AdventureWorks2022.Sales.SalesTerritory.Name, AdventureWorks2022.Production.Product.Name;
Query
sql query: ```sql
-- SSMS Query Start
SELECT TOP 5
    AdventureWorks2022.Production.Product.Name AS ProductName
FROM AdventureWorks2022.Sales.SalesOrderHeader
INNER JOIN AdventureWorks2022.Sales.SalesOrderDetail
ON AdventureWorks2022.Sales.SalesOrderHeader.SalesOrderID = AdventureWorks2022.Sales.SalesOrderDetail.SalesOrderID
INNER JOIN AdventureWorks2022.Production.Product
ON AdventureWorks2022.Sales.SalesOrderDetail.ProductID = AdventureWorks2022.Production.Product.ProductID
GROUP BY AdventureWorks2022.Production.Product.Name
ORDER BY SUM(AdventureWorks2022.Sales.SalesOrderDetail.OrderQty) DESC;
```
query: SELECT TOP 5
    AdventureWorks2022.Production.Product.Name AS ProductName
FROM AdventureWorks2022.Sales.SalesOrderHeader
INNER JOIN AdventureWorks2022.Sales.SalesOrderDetail
ON AdventureWorks2022.Sales.SalesOrderHeader.SalesOrderID = AdventureWorks2022.Sales.SalesOrderDetail.SalesOrderID
INNER JOIN AdventureWorks2022.Production.Product
ON AdventureWorks2022.Sales.SalesOrderDetail.ProductID = AdventureWorks2022.Production.Product.ProductID
GROUP BY AdventureWorks2022.Production.Product.Name
ORDER BY SUM(AdventureWorks2022.Sales.SalesOrderDetail.OrderQty) DESC;
Query
sql query: ```sql
-- SSMS Query Start
SELECT
    AdventureWorks2022.Sales.SalesTerritory.Name AS TerritoryName,
    AdventureWorks2022.Production.Product.Name AS ProductName,
    YEAR(AdventureWorks2022.Sales.SalesOrderHeader.OrderDate) AS SalesYear,
    DATEPART(QUARTER, AdventureWorks2022.Sales.SalesOrderHeader.OrderDate) AS SalesQuarter,
    MONTH(AdventureWorks2022.Sales.SalesOrderHeader.OrderDate) AS SalesMonth,
    SUM(AdventureWorks2022.Sales.SalesOrderDetail.LineTotal) AS QuarterlySalesTotal
FROM
    AdventureWorks2022.Sales.SalesOrderHeader
INNER JOIN
    AdventureWorks2022.Sales.SalesOrderDetail ON AdventureWorks2022.Sales.SalesOrderHeader.SalesOrderID = AdventureWorks2022.Sales.SalesOrderDetail.SalesOrderID
INNER JOIN
    AdventureWorks2022.Production.Product ON AdventureWorks2022.Sales.SalesOrderDetail.ProductID = AdventureWorks2022.Production.Product.ProductID
INNER JOIN
    AdventureWorks2022.Sales.SalesTerritory ON AdventureWorks2022.Sales.SalesOrderHeader.TerritoryID = AdventureWorks2022.Sales.SalesTerritory.TerritoryID
GROUP BY
    AdventureWorks2022.Sales.SalesTerritory.Name,
    AdventureWorks2022.Production.Product.Name,
    YEAR(AdventureWorks2022.Sales.SalesOrderHeader.OrderDate),
    DATEPART(QUARTER, AdventureWorks2022.Sales.SalesOrderHeader.OrderDate),
    MONTH(AdventureWorks2022.Sales.SalesOrderHeader.OrderDate)
ORDER BY
    AdventureWorks2022.Sales.SalesTerritory.Name,
    AdventureWorks2022.Production.Product.Name,
    SalesYear,
    SalesQuarter,
    SalesMonth;
```

query: SELECT
    AdventureWorks2022.Sales.SalesTerritory.Name AS TerritoryName,
    AdventureWorks2022.Production.Product.Name AS ProductName,
    YEAR(AdventureWorks2022.Sales.SalesOrderHeader.OrderDate) AS SalesYear,
    DATEPART(QUARTER, AdventureWorks2022.Sales.SalesOrderHeader.OrderDate) AS SalesQuarter,
    MONTH(AdventureWorks2022.Sales.SalesOrderHeader.OrderDate) AS SalesMonth,
    SUM(AdventureWorks2022.Sales.SalesOrderDetail.LineTotal) AS QuarterlySalesTotal
FROM
    AdventureWorks2022.Sales.SalesOrderHeader
INNER JOIN
    AdventureWorks2022.Sales.SalesOrderDetail ON AdventureWorks2022.Sales.SalesOrderHeader.SalesOrderID = AdventureWorks2022.Sales.SalesOrderDetail.SalesOrderID
INNER JOIN
    AdventureWorks2022.Production.Product ON AdventureWorks2022.Sales.SalesOrderDetail.ProductID = AdventureWorks2022.Production.Product.ProductID
INNER JOIN
    AdventureWorks2022.Sales.SalesTerritory ON AdventureWorks2022.Sales.SalesOrderHeader.TerritoryID = AdventureWorks2022.Sales.SalesTerritory.TerritoryID
GROUP BY
    AdventureWorks2022.Sales.SalesTerritory.Name,
    AdventureWorks2022.Production.Product.Name,
    YEAR(AdventureWorks2022.Sales.SalesOrderHeader.OrderDate),
    DATEPART(QUARTER, AdventureWorks2022.Sales.SalesOrderHeader.OrderDate),
    MONTH(AdventureWorks2022.Sales.SalesOrderHeader.OrderDate)
ORDER BY
    AdventureWorks2022.Sales.SalesTerritory.Name,
    AdventureWorks2022.Production.Product.Name,
    SalesYear,
    SalesQuarter,
    SalesMonth;34.19.116.58 - - [16/Sep/2025 14:35:26] code 400, message Bad request syntax ('\x16\x03\x03\x01§\x01\x00\x01£\x03\x03')
34.19.116.58 - - [16/Sep/2025 14:35:26] "[31m[1m\x16\x03\x03\x01§\x01\x00\x01£\x03\x03[0m" 400 -
34.19.116.58 - - [16/Sep/2025 14:35:26] code 400, message Bad request version ('À\x9c\x00<\x00/\x00')
34.19.116.58 - - [16/Sep/2025 14:35:26] "[31m[1m\x16\x03\x03\x01§\x01\x00\x01£\x03\x03\x94$ì.K{\x85Ë\x05\x12läöØ\x9c²\x04©M­¸^dgBÇ\x16\x99e\x8f\x96¨ \x8a§\x14\x0d\\Å\x07xVvµK\x90ÙÍ \x82?¥f-§\x86¥n£[§î\x16\x07ß\x00\x8a\x00\x05\x00\x04\x00\x07\x00À\x00\x84\x00º\x00A\x00\x9dÀ¡À\x9d\x00=\x005\x00\x9cÀ À\x9c\x00<\x00/\x00[0m" 400 -
34.19.116.58 - - [16/Sep/2025 14:35:27] code 400, message Bad request version ('¹\x00U0\x96\x86\x00FÀ\x12À\x07Ì\x14\x13\x01\x13\x02Ì©ÀsÀrÀ,À¯À\xadÀ$À')
34.19.116.58 - - [16/Sep/2025 14:35:27] "[31m[1m\x16\x03\x03\x01X\x01\x00\x01T\x03\x03ÃVÎ\x97arÁ§5:\x04\x96Ð¯Ó£DL\x12{ÈXû\x18Y5Ã\x81P¿\x88! à^|ÿtì;9\x89&òÑ"mQ\x15°\x82¢a¬\x09\x04«L\x09¹\x00U0\x96\x86\x00FÀ\x12À\x07Ì\x14\x13\x01\x13\x02Ì©ÀsÀrÀ,À¯À­À$À[0m" 400 -
34.19.116.58 - - [16/Sep/2025 14:35:27] code 400, message Bad request version ("Ð¡ë¡÷BX\x8e¦ê\x00DÀ\x13À'À/À\x14À(À0À`ÀaÀvÀwÌ¨\x13\x05\x13\x04\x13\x03Ì\x13À\x11\x00")
34.19.116.58 - - [16/Sep/2025 14:35:27] "[31m[1m\x16\x03\x03\x01J\x01\x00\x01F\x03\x03\x90ei\x98ô:þ%Ñ>Ü\x8cã\x05J¨\x89\x05\x19À\x01hbxý\x90c\x1b\x9aFÀ> Á`D\x1e\x85\x1aÕ5\x0clñÒ\x88 M!à\x06^]>\x0bÐ¡ë¡÷BX\x8e¦ê\x00DÀ\x13À'À/À\x14À(À0À`ÀaÀvÀwÌ¨\x13\x05\x13\x04\x13\x03Ì\x13À\x11\x00[0m" 400 -
34.19.116.58 - - [16/Sep/2025 14:35:28] code 400, message Bad request version ('¹\x04\x86\x97\x00º-Ý\x0eZ\x8aÁ\x88Nõ·S=')
34.19.116.58 - - [16/Sep/2025 14:35:28] "[31m[1m\x16\x03\x03\x01\x9b\x01\x00\x01\x97\x03\x03/\x19"¨\x1c\x84Ê±\x06EëCYQÁÜV\x15\x1f\x0c\x1f(¶û\x83kñ®Þ\x88\x07\x81 ¹\x04\x86\x97\x00º-Ý\x0eZ\x8aÁ\x88Nõ·S=[0m" 400 -
34.19.116.58 - - [16/Sep/2025 14:35:28] code 400, message Bad request version ('À#À¬À®À+À')
34.19.116.58 - - [16/Sep/2025 14:35:28] "[31m[1m\x16\x03\x02\x01\x9c\x01\x00\x01\x98\x03\x02ï\x17¬xãÚ\x96Q\x80\x16t\x93W&\x8d\x9e+Çl×ÍE µrªüaj÷Ây Ã4Åeêo\x12Òýâ\x0c ò(¹à\x07d$\x13\x1d\x81Q\x82\x83nj+ÃÏÑÊ\x00\x8a\x00\x16\x003\x00gÀ\x9eÀ¢\x00\x9e\x009\x00kÀ\x9fÀ£\x00\x9f\x00E\x00¾\x00\x88\x00Ä\x00\x9aÀ\x08À\x09À#À¬À®À+À[0m" 400 -
34.19.116.58 - - [16/Sep/2025 14:35:29] code 400, message Bad request version ('À#À¬À®À+À')
34.19.116.58 - - [16/Sep/2025 14:35:29] "[31m[1m\x16\x03\x01\x01©\x01\x00\x01¥\x03\x03Át©ûz\x15YóC3Ó·±Ç\x9e¹Õ¬Î\x1d\x00Â\x15\x02ÿ%\x8c`@ö.< F\x86üûßÅè\x84\x89\x151T\x1f}%§Yç\x15P=)«\x7f+\x9aõ\x0c\x03Æ\x0bÓ\x00\x8a\x00\x16\x003\x00gÀ\x9eÀ¢\x00\x9e\x009\x00kÀ\x9fÀ£\x00\x9f\x00E\x00¾\x00\x88\x00Ä\x00\x9aÀ\x08À\x09À#À¬À®À+À[0m" 400 -
34.19.116.58 - - [16/Sep/2025 14:35:29] code 400, message Bad request version ('À\x9c\x00<\x00/\x00')
34.19.116.58 - - [16/Sep/2025 14:35:29] "[31m[1m\x16\x03\x01\x01©\x01\x00\x01¥\x03\x03~ãÌP\x97Ø\x97³fEC\x06çM\x95\x01³o\x1fK\x08¿\x89iµú!\\Ñ[¸\x0b n[\x0d\x1e(TÔ¾Ï\x91uÆ\x07\x1c\x8e \x7f\x0c×­´xQ\\A\x05,Ê\x0fç.>\x00\x8a\x00\x05\x00\x04\x00\x07\x00À\x00\x84\x00º\x00A\x00\x9dÀ¡À\x9d\x00=\x005\x00\x9cÀ À\x9c\x00<\x00/\x00[0m" 400 -
34.19.116.58 - - [16/Sep/2025 14:35:29] code 400, message Bad request version ('À#À¬À®À+À')
34.19.116.58 - - [16/Sep/2025 14:35:29] "[31m[1m\x16\x03\x01\x01\x9f\x01\x00\x01\x9b\x03\x03\x91\x0f=Ö\x85x\x01`°\x97\x96Õ¦\x09;$j®'7Ú\x91Ô/f@ÿv\x0c¾\x1f© 4ñ\x00\x13¼vS\\îR`Ú\x88ÛB(î\x85K©Ï$e½J\x97ØYN¤Íó\x00\x80\x00\x16\x003\x00gÀ\x9eÀ¢\x00\x9e\x009\x00kÀ\x9fÀ£\x00\x9f\x00E\x00¾\x00\x88\x00Ä\x00\x9aÀ\x08À\x09À#À¬À®À+À[0m" 400 -
34.19.116.58 - - [16/Sep/2025 14:35:30] code 400, message Bad request version ("KÂú\x95Ó\x8bè¾]\x96b\x1aù&¥ñ;³g³³%Lb\x05ÙZ\x18U4b\x93\x00\x8c**À\x12À\x13À\x07À'Ì\x14À/\x13\x01À\x14\x13\x02À(Ì©À0ÀsÀ`ÀrÀaÀ,ÀvÀ¯ÀwÀ\xadÌ¨À$\x13\x05À")
34.19.116.58 - - [16/Sep/2025 14:35:30] "[31m[1m\x16\x03\x01\x01¶\x01\x00\x01²\x03\x03¸ÿ\x01V\x05oËÚ0\x1e\x97X\x8c(Xó0«\x87Gt£þw\x0c\x90ÜÁ.k\x0e2 KÂú\x95Ó\x8bè¾]\x96b\x1aù&¥ñ;³g³³%Lb\x05ÙZ\x18U4b\x93\x00\x8c**À\x12À\x13À\x07À'Ì\x14À/\x13\x01À\x14\x13\x02À(Ì©À0ÀsÀ`ÀrÀaÀ,ÀvÀ¯ÀwÀ­Ì¨À$\x13\x05À[0m" 400 -
34.19.127.187 - - [16/Sep/2025 15:53:41] code 400, message Bad request syntax ('\x804\x01\x00\x02\x00\x1b\x00\x00\x00\x10\x05\x00\x80\x03\x00\x80\x01\x00\x80\x07\x00À\x08\x00\x80\x06\x00@\x04\x00\x80\x02\x00\x80\x00\x00\x00\x00\x01\x02\x03\x04\x05\x06\x07\x08\t')
34.19.127.187 - - [16/Sep/2025 15:53:41] "[31m[1m\x804\x01\x00\x02\x00\x1b\x00\x00\x00\x10\x05\x00\x80\x03\x00\x80\x01\x00\x80\x07\x00À\x08\x00\x80\x06\x00@\x04\x00\x80\x02\x00\x80\x00\x00\x00\x00\x01\x02\x03\x04\x05\x06\x07\x08\x09[0m" 400 -
34.19.127.187 - - [16/Sep/2025 15:53:42] code 400, message Bad request syntax ('\x16\x03\x00\x00è\x01\x00\x00ä\x03\x00hÉ\x88\x06\x00\x01\x02\x03\x04\x05\x06\x07\x08\t')
34.19.127.187 - - [16/Sep/2025 15:53:42] "[31m[1m\x16\x03\x00\x00è\x01\x00\x00ä\x03\x00hÉ\x88\x06\x00\x01\x02\x03\x04\x05\x06\x07\x08\x09[0m" 400 -
34.19.127.187 - - [16/Sep/2025 15:53:42] code 400, message Bad request version ('\x00/\x00')
34.19.127.187 - - [16/Sep/2025 15:53:42] "[31m[1m\x16\x03\x00\x00i\x01\x00\x00e\x03\x03U\x1c§ärandom1random2random3random4\x00\x00\x0c\x00/\x00[0m" 400 -
34.19.127.187 - - [16/Sep/2025 15:53:42] code 400, message Bad request version ('\x00')
34.19.127.187 - - [16/Sep/2025 15:53:42] "[31m[1m\x16\x03\x01\x03\x82\x01\x00\x03~\x03\x01hÉ\x88\x06eA¿\x9da¹õ4`1,Ì^©bcO!\x99ú?\x99Ï\x912\x11\x06) ,\x89<À)\x01sW%y©î$ñß\x85"i\x16\x1d\x13áL´\x03Y\x83KöÐ¹â\x02¾\x00\x00\x00\x01\x00\x02\x00\x03\x00\x04\x00\x05\x00\x06\x00\x07\x00\x08\x00\x09\x00[0m" 400 -
34.19.127.187 - - [16/Sep/2025 15:53:42] code 400, message Bad request syntax ('\x804\x01\x00\x02\x00\x1b\x00\x00\x00\x10\x05\x00\x80\x03\x00\x80\x01\x00\x80\x07\x00À\x08\x00\x80\x06\x00@\x04\x00\x80\x02\x00\x80\x00\x00\x00\x00\x01\x02\x03\x04\x05\x06\x07\x08\t')
34.19.127.187 - - [16/Sep/2025 15:53:42] "[31m[1m\x804\x01\x00\x02\x00\x1b\x00\x00\x00\x10\x05\x00\x80\x03\x00\x80\x01\x00\x80\x07\x00À\x08\x00\x80\x06\x00@\x04\x00\x80\x02\x00\x80\x00\x00\x00\x00\x01\x02\x03\x04\x05\x06\x07\x08\x09[0m" 400 -
34.19.127.187 - - [16/Sep/2025 15:53:43] code 400, message Bad request version ('\x00')
34.19.127.187 - - [16/Sep/2025 15:53:43] "[31m[1m\x16\x03\x02\x03\x82\x01\x00\x03~\x03\x02hÉ\x88\x06eA¿\x9da¹õ4`1,Ì^©bcO!\x99ú?\x99Ï\x912\x11\x06) ,\x89<À)\x01sW%y©î$ñß\x85"i\x16\x1d\x13áL´\x03Y\x83KöÐ¹â\x02¾\x00\x00\x00\x01\x00\x02\x00\x03\x00\x04\x00\x05\x00\x06\x00\x07\x00\x08\x00\x09\x00[0m" 400 -
34.19.127.187 - - [16/Sep/2025 15:53:43] code 400, message Bad request syntax ('\x16\x03\x00\x00è\x01\x00\x00ä\x03\x00hÉ\x88\x07\x00\x01\x02\x03\x04\x05\x06\x07\x08\t')
34.19.127.187 - - [16/Sep/2025 15:53:43] "[31m[1m\x16\x03\x00\x00è\x01\x00\x00ä\x03\x00hÉ\x88\x07\x00\x01\x02\x03\x04\x05\x06\x07\x08\x09[0m" 400 -
34.19.127.187 - - [16/Sep/2025 15:53:43] code 400, message Bad request version ('\x00')
34.19.127.187 - - [16/Sep/2025 15:53:43] "[31m[1m\x16\x03\x03\x03\x82\x01\x00\x03~\x03\x03hÉ\x88\x07dA¿\x9ea¹õ5_1,Í^©bdN!\x99û?\x99Ï\x921\x11\x06* ,\x89<Á(\x01sX%y©ï#ñß\x86"i\x16\x1e\x12áLµ\x03Y\x83LõÐ¹ã\x02¾\x00\x00\x00\x01\x00\x02\x00\x03\x00\x04\x00\x05\x00\x06\x00\x07\x00\x08\x00\x09\x00[0m" 400 -
34.19.127.187 - - [16/Sep/2025 15:53:44] code 400, message Bad request version ('\x00')
34.19.127.187 - - [16/Sep/2025 15:53:44] "[31m[1m\x16\x03\x01\x03\x82\x01\x00\x03~\x03\x01hÉ\x88\x07dA¿\x9ea¹õ5_1,Í^©bdN!\x99û?\x99Ï\x921\x11\x06* ,\x89<Á(\x01sX%y©ï#ñß\x86"i\x16\x1e\x12áLµ\x03Y\x83LõÐ¹ã\x02¾\x00\x00\x00\x01\x00\x02\x00\x03\x00\x04\x00\x05\x00\x06\x00\x07\x00\x08\x00\x09\x00[0m" 400 -
34.19.127.187 - - [16/Sep/2025 15:53:44] code 400, message Bad request version ('\x12áLµ\x03Y\x83LõÐ¹ã\x00')
34.19.127.187 - - [16/Sep/2025 15:53:44] "[31m[1m\x16\x03\x01\x00ù\x01\x00\x00õ\x03\x03hÉ\x88\x07dA¿\x9ea¹õ5_1,Í^©bdN!\x99û?\x99Ï\x921\x11\x06* ,\x89<Á(\x01sX%y©ï#ñß\x86"i\x16\x1e\x12áLµ\x03Y\x83LõÐ¹ã\x00[0m" 400 -
34.19.127.187 - - [16/Sep/2025 15:53:44] code 400, message Bad request version ('\x00')
34.19.127.187 - - [16/Sep/2025 15:53:44] "[31m[1m\x16\x03\x02\x03\x82\x01\x00\x03~\x03\x02hÉ\x88\x08[A¿\x9fM¹õ6>1,Î.©be-!\x99ü+\x99Ï\x93(\x11\x06+ \x1c\x89<Â\x0f\x01sY\x01y©ðòðß\x87âh\x16\x1fáàL¶ßX\x83MÜÐ¹ä\x02¾\x00\x00\x00\x01\x00\x02\x00\x03\x00\x04\x00\x05\x00\x06\x00\x07\x00\x08\x00\x09\x00[0m" 400 -
34.19.127.187 - - [16/Sep/2025 15:53:44] code 400, message Bad request version ("ÎÅI01àÏt?ÙPÞöÉ|µ|\x04\x97.\x06ÿ\xad\x11Ã$\x00È\x13\x02\x13\x03\x13\x01À,À0\x00£\x00\x9fÌ©Ì¨ÌªÀ¯À\xadÀ£À\x9fÀ]ÀaÀWÀS\x00§À+À/\x00¢\x00\x9eÀ®À¬À¢À\x9eÀ\\À`ÀVÀR\x00¦À$À(\x00k\x00jÀsÀw\x00Ä\x00Ã\x00m\x00ÅÀ#À'\x00g\x00@ÀrÀv\x00¾\x00½\x00l\x00¿À")
34.19.127.187 - - [16/Sep/2025 15:53:44] "[31m[1m\x16\x03\x01\x01Ë\x01\x00\x01Ç\x03\x03\x12htòçu<\x82i]ä5H[z'\x90ù\x0cX\x18\x00Iµ\x9c\\dk*ÞÀÚ \x97iCMÖ ÎÅI01àÏt?ÙPÞöÉ|µ|\x04\x97.\x06ÿ­\x11Ã$\x00È\x13\x02\x13\x03\x13\x01À,À0\x00£\x00\x9fÌ©Ì¨ÌªÀ¯À­À£À\x9fÀ]ÀaÀWÀS\x00§À+À/\x00¢\x00\x9eÀ®À¬À¢À\x9eÀ\\À`ÀVÀR\x00¦À$À(\x00k\x00jÀsÀw\x00Ä\x00Ã\x00m\x00ÅÀ#À'\x00g\x00@ÀrÀv\x00¾\x00½\x00l\x00¿À[0m" 400 -
34.19.127.187 - - [16/Sep/2025 15:53:44] code 400, message Bad request version ('\x00')
34.19.127.187 - - [16/Sep/2025 15:53:44] "[31m[1m\x16\x03\x03\x03\x82\x01\x00\x03~\x03\x03hÉ\x88\x08[A¿\x9fM¹õ6>1,Î.©be-!\x99ü+\x99Ï\x93(\x11\x06+ \x1c\x89<Â\x0f\x01sY\x01y©ðòðß\x87âh\x16\x1fáàL¶ßX\x83MÜÐ¹ä\x02¾\x00\x00\x00\x01\x00\x02\x00\x03\x00\x04\x00\x05\x00\x06\x00\x07\x00\x08\x00\x09\x00[0m" 400 -
34.19.127.187 - - [16/Sep/2025 15:53:45] code 400, message Bad HTTP/0.9 request type ('\x16\x03\x01\x01^\x01\x00\x01Z\x03\x03ó\x17LyX[ÙðU2<àâm|\x14D\x11o·ª\x00')
34.19.127.187 - - [16/Sep/2025 15:53:45] "[31m[1m\x16\x03\x01\x01^\x01\x00\x01Z\x03\x03ó\x17LyX[ÙðU2<àâm|\x14D\x11o·ª\x00\x1fÎ\x8dZ\x13Ûu¸¼ã\x00\x00ÂÀ,À0\x00£\x00\x9fÌ©Ì¨ÌªÀ¯À­À£À\x9fÀ]ÀaÀWÀS\x00§À+À/\x00¢\x00\x9eÀ®À¬À¢À\x9eÀ\\À`ÀVÀR\x00¦À$À(\x00k\x00jÀsÀw\x00Ä\x00Ã\x00m\x00ÅÀ#À'\x00g\x00@ÀrÀv\x00¾\x00½\x00l\x00¿À[0m" 400 -
34.19.127.187 - - [16/Sep/2025 15:53:45] code 400, message Bad request version ('ààL·ßX\x83NÛÐ¹å\x00')
34.19.127.187 - - [16/Sep/2025 15:53:45] "[31m[1m\x16\x03\x01\x00ù\x01\x00\x00õ\x03\x03hÉ\x88\x09ZA¿ M¹õ7=1,Ï.©bf,!\x99ý+\x99Ï\x94'\x11\x06, \x1c\x89<Ã\x0e\x01sZ\x01y©ññðß\x88âh\x16 ààL·ßX\x83NÛÐ¹å\x00[0m" 400 -
34.19.127.187 - - [16/Sep/2025 15:53:45] code 400, message Bad request syntax ('\x16\x03\x01\x00®\x01\x00\x00ª\x03\x02¯[!äXG¦"^Oï¨\x06\x83âG\x9bù3\x90\x03¹¡\x12È¦¹ëk\x9c\x01#\x00\x00FÀ')
34.19.127.187 - - [16/Sep/2025 15:53:45] "[31m[1m\x16\x03\x01\x00®\x01\x00\x00ª\x03\x02¯[!äXG¦"^Oï¨\x06\x83âG\x9bù3\x90\x03¹¡\x12È¦¹ëk\x9c\x01#\x00\x00FÀ[0m" 400 -
34.19.127.187 - - [16/Sep/2025 15:53:45] code 400, message Bad request version ("ßü\x12·J@ê,õûÆa\x00È\x13\x02\x13\x03\x13\x01À,À0\x00£\x00\x9fÌ©Ì¨ÌªÀ¯À\xadÀ£À\x9fÀ]ÀaÀWÀS\x00§À+À/\x00¢\x00\x9eÀ®À¬À¢À\x9eÀ\\À`ÀVÀR\x00¦À$À(\x00k\x00jÀsÀw\x00Ä\x00Ã\x00m\x00ÅÀ#À'\x00g\x00@ÀrÀv\x00¾\x00½\x00l\x00¿À")
34.19.127.187 - - [16/Sep/2025 15:53:45] "[31m[1m\x16\x03\x01\x01Ë\x01\x00\x01Ç\x03\x03QI\x8e¹F\x97\x91/Ï\x8cÊí¯ñæ°\x98Qäð(Á0Yuá`\x9bCÉil qª\x12\x91Xì×f¢\x89Ú¨è¥t}È\x9a\x1c ßü\x12·J@ê,õûÆa\x00È\x13\x02\x13\x03\x13\x01À,À0\x00£\x00\x9fÌ©Ì¨ÌªÀ¯À­À£À\x9fÀ]ÀaÀWÀS\x00§À+À/\x00¢\x00\x9eÀ®À¬À¢À\x9eÀ\\À`ÀVÀR\x00¦À$À(\x00k\x00jÀsÀw\x00Ä\x00Ã\x00m\x00ÅÀ#À'\x00g\x00@ÀrÀv\x00¾\x00½\x00l\x00¿À[0m" 400 -
34.19.127.187 - - [16/Sep/2025 15:53:45] code 400, message Bad HTTP/0.9 request type ('\x16\x03\x01\x00®\x01\x00\x00ª\x03\x01æ')
34.19.127.187 - - [16/Sep/2025 15:53:45] "[31m[1m\x16\x03\x01\x00®\x01\x00\x00ª\x03\x01æ\x0bP\x8eux:<éÁ7Ó\x9e\x02]°\\ûíðÝéÒ¶·E\x8cO%¨û¶\x00\x00FÀ[0m" 400 -
34.19.127.187 - - [16/Sep/2025 15:53:46] code 400, message Bad request syntax ("\x16\x03\x01\x01^\x01\x00\x01Z\x03\x03mÍiRÕËßàôWh¦\x06]\x07÷\x8bÁÄ»\x8dv¡Õ}!>p¯A\x87n\x00\x00ÂÀ,À0\x00£\x00\x9fÌ©Ì¨ÌªÀ¯À\xadÀ£À\x9fÀ]ÀaÀWÀS\x00§À+À/\x00¢\x00\x9eÀ®À¬À¢À\x9eÀ\\À`ÀVÀR\x00¦À$À(\x00k\x00jÀsÀw\x00Ä\x00Ã\x00m\x00ÅÀ#À'\x00g\x00@ÀrÀv\x00¾\x00½\x00l\x00¿À")
34.19.127.187 - - [16/Sep/2025 15:53:46] "[31m[1m\x16\x03\x01\x01^\x01\x00\x01Z\x03\x03mÍiRÕËßàôWh¦\x06]\x07÷\x8bÁÄ»\x8dv¡Õ}!>p¯A\x87n\x00\x00ÂÀ,À0\x00£\x00\x9fÌ©Ì¨ÌªÀ¯À­À£À\x9fÀ]ÀaÀWÀS\x00§À+À/\x00¢\x00\x9eÀ®À¬À¢À\x9eÀ\\À`ÀVÀR\x00¦À$À(\x00k\x00jÀsÀw\x00Ä\x00Ã\x00m\x00ÅÀ#À'\x00g\x00@ÀrÀv\x00¾\x00½\x00l\x00¿À[0m" 400 -
34.19.127.187 - - [16/Sep/2025 15:53:46] code 400, message Bad request version ('\x89\x16oÓiÚ¼Ê\x86\x8d¯w\x9dN\x91k\x00\x00FÀ')
34.19.127.187 - - [16/Sep/2025 15:53:46] "[31m[1m\x16\x03\x01\x00®\x01\x00\x00ª\x03\x02:\x1eþ~Á²è\x1dù½ã§B\x08Ð\x85\x89\x16oÓiÚ¼Ê\x86\x8d¯w\x9dN\x91k\x00\x00FÀ[0m" 400 -
34.19.127.187 - - [16/Sep/2025 15:53:47] code 400, message Bad request version ('º¡Aé\x8a¿íNbÚ,\x99ÔÕ\x97\x00\x00FÀ')
34.19.127.187 - - [16/Sep/2025 15:53:47] "[31m[1m\x16\x03\x01\x00®\x01\x00\x00ª\x03\x01¬Ø\x88\x1f8\x92Û`¯·-\x9fn¶,B\x0dº¡Aé\x8a¿íNbÚ,\x99ÔÕ\x97\x00\x00FÀ[0m" 400 -
45.94.211.214 - - [16/Sep/2025 17:39:41] "GET / HTTP/1.1" 200 -
212.23.215.236 - - [16/Sep/2025 17:39:42] "GET / HTTP/1.1" 200 -
47.251.84.56 - - [17/Sep/2025 02:02:44] code 400, message Bad request version ('À\x13À')
47.251.84.56 - - [17/Sep/2025 02:02:44] "[31m[1m\x16\x03\x01\x00î\x01\x00\x00ê\x03\x03I\x06²ù¼\x99iÀYûøºe-\x83Ud]\x0e\x8d·b8´gÆÝ9dZ8f gÁ\x81i³öòË°©\x19NÖ½\x95g|püé<Z¡\x90T·é¥8'O;\x00&À+À/À,À0Ì©Ì¨À\x09À\x13À[0m" 400 -
47.251.84.56 - - [17/Sep/2025 02:02:55] "GET / HTTP/1.1" 200 -
3.130.96.91 - - [17/Sep/2025 04:47:45] "GET / HTTP/1.1" 200 -
3.130.96.91 - - [17/Sep/2025 04:49:43] "GET / HTTP/1.1" 200 -
3.130.96.91 - - [17/Sep/2025 04:51:09] code 400, message Bad request version ('À\x14À')
3.130.96.91 - - [17/Sep/2025 04:51:09] "[31m[1m\x16\x03\x01\x00{\x01\x00\x00w\x03\x03 /lÄßÕmÈ\x051ø -µe%éµ\x9a1çSEN¯Ý»sx^Ã1\x00\x00\x1aÀ/À+À\x11À\x07À\x13À\x09À\x14À[0m" 400 -
3.130.96.91 - - [17/Sep/2025 04:54:43] code 400, message Bad request version ('À\x14À')
3.130.96.91 - - [17/Sep/2025 04:54:43] "[31m[1m\x16\x03\x01\x00{\x01\x00\x00w\x03\x03QÒê|P!MZ)Ñ=a\x94\x9b«\x98R÷º©\x8aF%Qv+\x89Õcþ\x0c\x82\x00\x00\x1aÀ/À+À\x11À\x07À\x13À\x09À\x14À[0m" 400 -
46.161.50.108 - - [17/Sep/2025 05:24:11] "GET / HTTP/1.0" 200 -
34.19.116.58 - - [17/Sep/2025 05:37:18] code 400, message Bad request version ('À\x13À')
34.19.116.58 - - [17/Sep/2025 05:37:18] "[31m[1m\x16\x03\x01\x00ä\x01\x00\x00à\x03\x03ÙÈþ\x84yÍìÐöç\x8d\x9d¿ªÁ¯»I'¨w5ÝXw\x0bÎ(\x0cµ±E ªN\x8e%\x13Kæ¥{\x81\x04´g)táÉPp\x8cMn\x07ípEi\x9e¡3Ct\x00\x1cÀ+À/À,À0Ì©Ì¨À\x09À\x13À[0m" 400 -
34.19.116.58 - - [17/Sep/2025 05:37:18] "GET / HTTP/1.1" 200 -
34.19.127.176 - - [17/Sep/2025 05:48:37] "GET / HTTP/1.1" 200 -
34.19.127.176 - - [17/Sep/2025 05:48:37] "GET / HTTP/1.1" 200 -
34.19.116.58 - - [17/Sep/2025 05:48:40] "[33mGET /version HTTP/1.1[0m" 404 -
34.19.116.58 - - [17/Sep/2025 05:48:40] "GET / HTTP/1.1" 200 -
34.19.116.58 - - [17/Sep/2025 05:48:40] "[33mGET /admin HTTP/1.1[0m" 404 -
34.19.116.58 - - [17/Sep/2025 05:48:40] "[33mGET /ui/favicon.ico HTTP/1.1[0m" 404 -
34.19.116.58 - - [17/Sep/2025 05:48:40] "[33mGET /favicon.ico HTTP/1.1[0m" 404 -
34.19.116.58 - - [17/Sep/2025 05:48:40] "[33mGET /login.html HTTP/1.1[0m" 404 -
34.19.116.58 - - [17/Sep/2025 05:48:40] "[33mGET /bonita/login.jsp HTTP/1.1[0m" 404 -
34.19.116.58 - - [17/Sep/2025 05:48:40] "[33mGET /assets/favicon.png HTTP/1.1[0m" 404 -
34.19.116.58 - - [17/Sep/2025 05:48:40] "[33mGET /error.json HTTP/1.1[0m" 404 -
34.19.116.58 - - [17/Sep/2025 05:48:40] "[33mGET /favicon.ico HTTP/1.1[0m" 404 -
34.19.116.58 - - [17/Sep/2025 05:48:40] "[33mGET /api HTTP/1.1[0m" 404 -
34.19.116.58 - - [17/Sep/2025 05:48:40] "[33mGET /index.html HTTP/1.1[0m" 404 -
34.19.116.58 - - [17/Sep/2025 05:48:40] "GET / HTTP/1.1" 200 -
34.19.116.58 - - [17/Sep/2025 05:48:40] "[33mGET /static/images/favicon.ico HTTP/1.1[0m" 404 -
34.19.116.58 - - [17/Sep/2025 05:48:40] "[31m[1mGET /login HTTP/1.1[0m" 405 -
34.19.116.58 - - [17/Sep/2025 05:48:40] "[33mGET /phpmyadmin/index.php HTTP/1.1[0m" 404 -
34.19.116.58 - - [17/Sep/2025 05:48:40] "[33mGET /install HTTP/1.1[0m" 404 -
34.19.116.58 - - [17/Sep/2025 05:48:40] "[33mGET /doesntexist-123 HTTP/1.1[0m" 404 -
34.19.127.176 - - [17/Sep/2025 05:48:43] "[33mGET /favicon.ico HTTP/1.1[0m" 404 -
34.19.127.176 - - [17/Sep/2025 05:48:44] "OPTIONS / HTTP/1.1" 200 -
34.19.127.176 - - [17/Sep/2025 05:48:44] "GET / HTTP/1.1" 200 -
34.19.127.176 - - [17/Sep/2025 05:48:45] code 400, message Bad HTTP/0.9 request type ('\x16\x03\x03\x01§\x01\x00\x01£\x03\x03Cð\xadý\x7fdärj\x9d&\x92ÿ%q(ë°X')
34.19.127.176 - - [17/Sep/2025 05:48:45] "[31m[1m\x16\x03\x03\x01§\x01\x00\x01£\x03\x03Cð­ý\x7fdärj\x9d&\x92ÿ%q(ë°X\x1f´[0m" 400 -
34.19.127.176 - - [17/Sep/2025 05:48:45] code 400, message Bad request version (')þgö\x92¤÷\x82gÄ\x83\x13')
34.19.127.176 - - [17/Sep/2025 05:48:45] "[31m[1m\x16\x03\x03\x01§\x01\x00\x01£\x03\x03ô¡S­f°é\x09£\x0cyAs¿J\x17\x99|1.6\x1aidN\x80üFPt\x01, Õ{\x10\x87=4Bæ\x0b)þgö\x92¤÷\x82gÄ\x83\x13[0m" 400 -
34.19.127.176 - - [17/Sep/2025 05:48:46] code 400, message Bad request version ('\x82\x1bÐ7ãÐ\x93\x9d^±¡\x15\x01\x19ª|\x04`\x11ã¶\x147½\\ñ|¶yO\x9d(\x00FÀ\x12À\x07Ì\x14\x13\x01\x13\x02Ì©ÀsÀrÀ,À¯À\xadÀ$À')
34.19.127.176 - - [17/Sep/2025 05:48:46] "[31m[1m\x16\x03\x03\x01X\x01\x00\x01T\x03\x03Cø³\x07X;Ë\x13°á¬Fä Yf\x83R^Úì\x8cå\x1b\x1b¡b\x80²Ì3> \x82\x1bÐ7ãÐ\x93\x9d^±¡\x15\x01\x19ª|\x04`\x11ã¶\x147½\\ñ|¶yO\x9d(\x00FÀ\x12À\x07Ì\x14\x13\x01\x13\x02Ì©ÀsÀrÀ,À¯À­À$À[0m" 400 -
34.19.127.176 - - [17/Sep/2025 05:48:46] code 400, message Bad request version ("\x00DÀ\x13À'À/À\x14À(À0À`ÀaÀvÀwÌ¨\x13\x05\x13\x04\x13\x03Ì\x13À\x11\x00")
34.19.127.176 - - [17/Sep/2025 05:48:46] "[31m[1m\x16\x03\x03\x01J\x01\x00\x01F\x03\x03ÅhEð\x1d|È\x07~+5\x1dîªS&§¦v8â»\x1d¼n\x8dW¸\x140ä/ \x99Õ\x06aÅa¡[\x89r¶\x17ÚÄ¯\x9f\x02\x8bqz\x92\x8b\x0fî!\x1dáVõ\x17È\x1f\x00DÀ\x13À'À/À\x14À(À0À`ÀaÀvÀwÌ¨\x13\x05\x13\x04\x13\x03Ì\x13À\x11\x00[0m" 400 -
34.19.127.176 - - [17/Sep/2025 05:48:47] code 400, message Bad request version ("_ï³\x80\x87Á`\x00\x8cººÀ\x12À\x13À\x07À'Ì\x14À/\x13\x01À\x14\x13\x02À(Ì©À0ÀsÀ`ÀrÀaÀ,ÀvÀ¯ÀwÀ\xadÌ¨À$\x13\x05À")
34.19.127.176 - - [17/Sep/2025 05:48:47] "[31m[1m\x16\x03\x03\x01\x9b\x01\x00\x01\x97\x03\x03û\x0b\x99\x09%ªú}¦\x08?[Ä\x0dj\x99þ}káeµÎ=iä\x82\x8cýç¼ê iUs\x8c"vÖüE\x8c(d\x85s3Loéäcó\x80ÝA\x0c_ï³\x80\x87Á`\x00\x8cººÀ\x12À\x13À\x07À'Ì\x14À/\x13\x01À\x14\x13\x02À(Ì©À0ÀsÀ`ÀrÀaÀ,ÀvÀ¯ÀwÀ­Ì¨À$\x13\x05À[0m" 400 -
34.19.127.176 - - [17/Sep/2025 05:48:47] code 400, message Bad request version ('/¯')
34.19.127.176 - - [17/Sep/2025 05:48:47] "[31m[1m\x16\x03\x02\x01\x9c\x01\x00\x01\x98\x03\x02´G\x85\x9aÑ¶¢VI\x05\x83qª\x95¼?\x7faÖ×àÿÄß e\x8arZÙÎ\x14 /¯\x1c[0m" 400 -
34.19.127.176 - - [17/Sep/2025 05:48:47] code 400, message Bad request version ('À#À¬À®À+À')
34.19.127.176 - - [17/Sep/2025 05:48:47] "[31m[1m\x16\x03\x01\x01©\x01\x00\x01¥\x03\x03£I×[\x198$èE\x1dêÖÑ0\x9b\x1e\x8cïÇ¯\x88R0\x10Â®i\x8a<ª\x190  \x90¯ó»^\x82\x85\x13\x11bÝçÒðí<\x0bA=a'X7üõ¿Õ\x09[O6\x00\x8a\x00\x16\x003\x00gÀ\x9eÀ¢\x00\x9e\x009\x00kÀ\x9fÀ£\x00\x9f\x00E\x00¾\x00\x88\x00Ä\x00\x9aÀ\x08À\x09À#À¬À®À+À[0m" 400 -
34.19.127.176 - - [17/Sep/2025 05:48:48] code 400, message Bad request version ('À\x9c\x00<\x00/\x00')
34.19.127.176 - - [17/Sep/2025 05:48:48] "[31m[1m\x16\x03\x01\x01©\x01\x00\x01¥\x03\x03\x17\x013¶\x8d+\x11\x1enÔf\x07ä\x15MI\x83á5SÌ´\x19HÂ÷@é\x11­Aw ßOÅT0ÎÓÉ\x17\x11vÚNæ'\x11:Ì­³\x0f9~sørñR¾ñhÑ\x00\x8a\x00\x05\x00\x04\x00\x07\x00À\x00\x84\x00º\x00A\x00\x9dÀ¡À\x9d\x00=\x005\x00\x9cÀ À\x9c\x00<\x00/\x00[0m" 400 -
34.19.127.176 - - [17/Sep/2025 05:48:48] code 400, message Bad request version ('À#À¬À®À+À')
34.19.127.176 - - [17/Sep/2025 05:48:48] "[31m[1m\x16\x03\x01\x01\x9f\x01\x00\x01\x9b\x03\x03\x9ek\x01#\x1b\x01OA\x94Fs ØÞæï«p\x12\x08\x88÷sNá\x07+\x0b\x007¢= ~BÔ\x9a¦\x92Äi\x98í¯\x1d$'Í-=COôi*,ðN,¨ù¯^4\x9a\x00\x80\x00\x16\x003\x00gÀ\x9eÀ¢\x00\x9e\x009\x00kÀ\x9fÀ£\x00\x9f\x00E\x00¾\x00\x88\x00Ä\x00\x9aÀ\x08À\x09À#À¬À®À+À[0m" 400 -
34.19.127.176 - - [17/Sep/2025 05:48:49] code 400, message Bad request version ("²Ú½\x00\x8c**À\x12À\x13À\x07À'Ì\x14À/\x13\x01À\x14\x13\x02À(Ì©À0ÀsÀ`ÀrÀaÀ,ÀvÀ¯ÀwÀ\xadÌ¨À$\x13\x05À")
34.19.127.176 - - [17/Sep/2025 05:48:49] "[31m[1m\x16\x03\x01\x01¶\x01\x00\x01²\x03\x03XN´\x80¯/\x1dô\x1c]¼}+x\x16NöÞ`¶Ñ®¬\x1bhØUúiY\x95\x97 Ñ\x13U\x04µ1\x7f\x8cJ¤OÒo\x1c¡aÜb°{\x8e`ãåsn\x10\x01 ²Ú½\x00\x8c**À\x12À\x13À\x07À'Ì\x14À/\x13\x01À\x14\x13\x02À(Ì©À0ÀsÀ`ÀrÀaÀ,ÀvÀ¯ÀwÀ­Ì¨À$\x13\x05À[0m" 400 -

Descriptive
chart code :  ```python
import plotly.express as px
import pandas as pd

# Drop rows with NaN, None, or blank strings in 'TerritoryName' and 'SalesMonth'
df = df.dropna(subset=['TerritoryName', 'SalesMonth'])
df = df[df['TerritoryName'].astype(str).str.strip() != '']
df = df[df['SalesMonth'].astype(str).str.strip() != '']


fig = px.bar(df, x='TerritoryName', y='SalesMonth')
fig.show()

```
  Stopping...
DataGenie Running on http://13.202.180.165:5000
sql1
13.202.180.165
cursror connected
Flask Server Is Starting...
 * Serving Flask app 'login'
 * Debug mode: on
[31m[1mWARNING: This is a development server. Do not use it in a production deployment. Use a production WSGI server instead.[0m
 * Running on all addresses (0.0.0.0)
 * Running on http://127.0.0.1:5000
 * Running on http://172.31.13.254:5000
[33mPress CTRL+C to quit[0m
 * Restarting with watchdog (inotify)
 * Debugger is active!
 * Debugger PIN: 102-189-630
103.230.222.112 - - [23/Sep/2025 07:09:57] "GET / HTTP/1.1" 200 -
103.230.222.112 - - [23/Sep/2025 07:09:57] "[36mGET /static/style2.css HTTP/1.1[0m" 304 -
103.230.222.112 - - [23/Sep/2025 07:09:58] "[33mGET /favicon.ico HTTP/1.1[0m" 404 -
103.230.222.112 - - [23/Sep/2025 07:10:17] "[32mPOST /login HTTP/1.1[0m" 302 -

Collecting usage statistics. To deactivate, set browser.gatherUsageStats to false.


  You can now view your Streamlit app in your browser.

  URL: http://0.0.0.0:8501

103.230.222.112 - - [23/Sep/2025 07:10:20] "GET / HTTP/1.1" 200 -
103.230.222.112 - - [23/Sep/2025 07:10:20] "[36mGET /static/style2.css HTTP/1.1[0m" 304 -
103.230.222.112 - - [23/Sep/2025 07:10:21] "[33mGET /favicon.ico HTTP/1.1[0m" 404 -
103.230.222.112 - - [23/Sep/2025 07:10:32] "[32mPOST /login HTTP/1.1[0m" 302 -

Collecting usage statistics. To deactivate, set browser.gatherUsageStats to false.

2025-09-23 07:10:33.276 Port 8501 is already in use
Query
sql query: ```sql
-- SSMS Query Start
SELECT
    AdventureWorks2022.Production.Product.ProductID,
    AdventureWorks2022.Production.Product.Name AS ProductName,
    AdventureWorks2022.Production.Product.ProductNumber,
    AdventureWorks2022.Production.Product.MakeFlag,
    AdventureWorks2022.Production.Product.FinishedGoodsFlag,
    AdventureWorks2022.Production.Product.Color AS ProductColor,
    AdventureWorks2022.Production.Product.SafetyStockLevel,
    AdventureWorks2022.Production.Product.ReorderPoint,
    AdventureWorks2022.Production.Product.StandardCost,
    AdventureWorks2022.Production.Product.ListPrice,
    AdventureWorks2022.Production.Product.Size AS ProductSize,
    AdventureWorks2022.Production.Product.SizeUnitMeasureCode,
    AdventureWorks2022.Production.Product.WeightUnitMeasureCode,
    AdventureWorks2022.Production.Product.Weight AS ProductWeight,
    AdventureWorks2022.Production.Product.DaysToManufacture,
    AdventureWorks2022.Production.Product.ProductLine,
    AdventureWorks2022.Production.Product.Class AS ProductClass,
    AdventureWorks2022.Production.Product.Style AS ProductStyle,
    AdventureWorks2022.Production.Product.ProductSubcategoryID,
    AdventureWorks2022.Production.Product.ProductModelID,
    AdventureWorks2022.Production.Product.SellStartDate,
    AdventureWorks2022.Production.Product.SellEndDate,
    AdventureWorks2022.Production.Product.DiscontinuedDate,
    AdventureWorks2022.Production.Product.rowguid,
    AdventureWorks2022.Production.Product.ModifiedDate
FROM
    AdventureWorks2022.Production.Product;
```
query: SELECT
    AdventureWorks2022.Production.Product.ProductID,
    AdventureWorks2022.Production.Product.Name AS ProductName,
    AdventureWorks2022.Production.Product.ProductNumber,
    AdventureWorks2022.Production.Product.MakeFlag,
    AdventureWorks2022.Production.Product.FinishedGoodsFlag,
    AdventureWorks2022.Production.Product.Color AS ProductColor,
    AdventureWorks2022.Production.Product.SafetyStockLevel,
    AdventureWorks2022.Production.Product.ReorderPoint,
    AdventureWorks2022.Production.Product.StandardCost,
    AdventureWorks2022.Production.Product.ListPrice,
    AdventureWorks2022.Production.Product.Size AS ProductSize,
    AdventureWorks2022.Production.Product.SizeUnitMeasureCode,
    AdventureWorks2022.Production.Product.WeightUnitMeasureCode,
    AdventureWorks2022.Production.Product.Weight AS ProductWeight,
    AdventureWorks2022.Production.Product.DaysToManufacture,
    AdventureWorks2022.Production.Product.ProductLine,
    AdventureWorks2022.Production.Product.Class AS ProductClass,
    AdventureWorks2022.Production.Product.Style AS ProductStyle,
    AdventureWorks2022.Production.Product.ProductSubcategoryID,
    AdventureWorks2022.Production.Product.ProductModelID,
    AdventureWorks2022.Production.Product.SellStartDate,
    AdventureWorks2022.Production.Product.SellEndDate,
    AdventureWorks2022.Production.Product.DiscontinuedDate,
    AdventureWorks2022.Production.Product.rowguid,
    AdventureWorks2022.Production.Product.ModifiedDate
FROM
    AdventureWorks2022.Production.Product;
Query
sql query: ```sql
-- SSMS Query Start
SELECT AdventureWorks2022.Sales.SalesTerritory.Name, SUM(AdventureWorks2022.Sales.SalesOrderDetail.LineTotal) AS SalesTotal
FROM AdventureWorks2022.Sales.SalesOrderHeader
INNER JOIN AdventureWorks2022.Sales.SalesOrderDetail ON AdventureWorks2022.Sales.SalesOrderHeader.SalesOrderID = AdventureWorks2022.Sales.SalesOrderDetail.SalesOrderID
INNER JOIN AdventureWorks2022.Sales.SalesTerritory ON AdventureWorks2022.Sales.SalesOrderHeader.TerritoryID = AdventureWorks2022.Sales.SalesTerritory.TerritoryID
WHERE AdventureWorks2022.Sales.SalesOrderHeader.OrderDate >= DATEADD(quarter, -2, DATEFROMPARTS(2013, 12, 31)) AND AdventureWorks2022.Sales.SalesOrderHeader.OrderDate <= DATEFROMPARTS(2013, 12, 31)
GROUP BY AdventureWorks2022.Sales.SalesTerritory.Name;
```
query: SELECT AdventureWorks2022.Sales.SalesTerritory.Name, SUM(AdventureWorks2022.Sales.SalesOrderDetail.LineTotal) AS SalesTotal
FROM AdventureWorks2022.Sales.SalesOrderHeader
INNER JOIN AdventureWorks2022.Sales.SalesOrderDetail ON AdventureWorks2022.Sales.SalesOrderHeader.SalesOrderID = AdventureWorks2022.Sales.SalesOrderDetail.SalesOrderID
INNER JOIN AdventureWorks2022.Sales.SalesTerritory ON AdventureWorks2022.Sales.SalesOrderHeader.TerritoryID = AdventureWorks2022.Sales.SalesTerritory.TerritoryID
WHERE AdventureWorks2022.Sales.SalesOrderHeader.OrderDate >= DATEADD(quarter, -2, DATEFROMPARTS(2013, 12, 31)) AND AdventureWorks2022.Sales.SalesOrderHeader.OrderDate <= DATEFROMPARTS(2013, 12, 31)
GROUP BY AdventureWorks2022.Sales.SalesTerritory.Name;
Query
sql query: ```sql
-- SSMS Query Start
SELECT
    AdventureWorks2022.Sales.SalesTerritory.TerritoryID,
    AdventureWorks2022.Sales.SalesTerritory.Name,
    SUM(CASE WHEN DATEPART(QUARTER, AdventureWorks2022.Sales.SalesOrderHeader.OrderDate) = 3 THEN AdventureWorks2022.Sales.SalesOrderHeader.TotalDue ELSE 0 END) AS Q3Sales,
    SUM(CASE WHEN DATEPART(QUARTER, AdventureWorks2022.Sales.SalesOrderHeader.OrderDate) = 4 THEN AdventureWorks2022.Sales.SalesOrderHeader.TotalDue ELSE 0 END) AS Q4Sales
FROM
    AdventureWorks2022.Sales.SalesOrderHeader
INNER JOIN
    AdventureWorks2022.Sales.SalesTerritory ON AdventureWorks2022.Sales.SalesOrderHeader.TerritoryID = AdventureWorks2022.Sales.SalesTerritory.TerritoryID
WHERE
    YEAR(AdventureWorks2022.Sales.SalesOrderHeader.OrderDate) = 2013
GROUP BY
    AdventureWorks2022.Sales.SalesTerritory.TerritoryID, AdventureWorks2022.Sales.SalesTerritory.Name
ORDER BY
    AdventureWorks2022.Sales.SalesTerritory.TerritoryID;
```
query: SELECT
    AdventureWorks2022.Sales.SalesTerritory.TerritoryID,
    AdventureWorks2022.Sales.SalesTerritory.Name,
    SUM(CASE WHEN DATEPART(QUARTER, AdventureWorks2022.Sales.SalesOrderHeader.OrderDate) = 3 THEN AdventureWorks2022.Sales.SalesOrderHeader.TotalDue ELSE 0 END) AS Q3Sales,
    SUM(CASE WHEN DATEPART(QUARTER, AdventureWorks2022.Sales.SalesOrderHeader.OrderDate) = 4 THEN AdventureWorks2022.Sales.SalesOrderHeader.TotalDue ELSE 0 END) AS Q4Sales
FROM
    AdventureWorks2022.Sales.SalesOrderHeader
INNER JOIN
    AdventureWorks2022.Sales.SalesTerritory ON AdventureWorks2022.Sales.SalesOrderHeader.TerritoryID = AdventureWorks2022.Sales.SalesTerritory.TerritoryID
WHERE
    YEAR(AdventureWorks2022.Sales.SalesOrderHeader.OrderDate) = 2013
GROUP BY
    AdventureWorks2022.Sales.SalesTerritory.TerritoryID, AdventureWorks2022.Sales.SalesTerritory.Name
ORDER BY
    AdventureWorks2022.Sales.SalesTerritory.TerritoryID;
Query
sql query: ```sql
-- SSMS Query Start
SELECT
    AdventureWorks2022.Sales.SalesTerritory.TerritoryID,
    AdventureWorks2022.Sales.SalesTerritory.Name,
    SUM(CASE WHEN DATEPART(QUARTER, AdventureWorks2022.Sales.SalesOrderHeader.OrderDate) = 3 THEN AdventureWorks2022.Sales.SalesOrderHeader.TotalDue ELSE 0 END) AS Q3Sales,
    SUM(CASE WHEN DATEPART(QUARTER, AdventureWorks2022.Sales.SalesOrderHeader.OrderDate) = 4 THEN AdventureWorks2022.Sales.SalesOrderHeader.TotalDue ELSE 0 END) AS Q4Sales,
    YEAR(AdventureWorks2022.Sales.SalesOrderHeader.OrderDate) AS OrderYear,
    MONTH(AdventureWorks2022.Sales.SalesOrderHeader.OrderDate) AS OrderMonth,
    AdventureWorks2022.Sales.SalesOrderDetail.ProductID
FROM
    AdventureWorks2022.Sales.SalesOrderHeader
INNER JOIN
    AdventureWorks2022.Sales.SalesTerritory ON AdventureWorks2022.Sales.SalesOrderHeader.TerritoryID = AdventureWorks2022.Sales.SalesTerritory.TerritoryID
INNER JOIN 
    AdventureWorks2022.Sales.SalesOrderDetail ON AdventureWorks2022.Sales.SalesOrderHeader.SalesOrderID = AdventureWorks2022.Sales.SalesOrderDetail.SalesOrderID
WHERE
    YEAR(AdventureWorks2022.Sales.SalesOrderHeader.OrderDate) = 2013
GROUP BY
    AdventureWorks2022.Sales.SalesTerritory.TerritoryID, AdventureWorks2022.Sales.SalesTerritory.Name, YEAR(AdventureWorks2022.Sales.SalesOrderHeader.OrderDate), MONTH(AdventureWorks2022.Sales.SalesOrderHeader.OrderDate), AdventureWorks2022.Sales.SalesOrderDetail.ProductID
ORDER BY
    AdventureWorks2022.Sales.SalesTerritory.TerritoryID;
```
query: SELECT
    AdventureWorks2022.Sales.SalesTerritory.TerritoryID,
    AdventureWorks2022.Sales.SalesTerritory.Name,
    SUM(CASE WHEN DATEPART(QUARTER, AdventureWorks2022.Sales.SalesOrderHeader.OrderDate) = 3 THEN AdventureWorks2022.Sales.SalesOrderHeader.TotalDue ELSE 0 END) AS Q3Sales,
    SUM(CASE WHEN DATEPART(QUARTER, AdventureWorks2022.Sales.SalesOrderHeader.OrderDate) = 4 THEN AdventureWorks2022.Sales.SalesOrderHeader.TotalDue ELSE 0 END) AS Q4Sales,
    YEAR(AdventureWorks2022.Sales.SalesOrderHeader.OrderDate) AS OrderYear,
    MONTH(AdventureWorks2022.Sales.SalesOrderHeader.OrderDate) AS OrderMonth,
    AdventureWorks2022.Sales.SalesOrderDetail.ProductID
FROM
    AdventureWorks2022.Sales.SalesOrderHeader
INNER JOIN
    AdventureWorks2022.Sales.SalesTerritory ON AdventureWorks2022.Sales.SalesOrderHeader.TerritoryID = AdventureWorks2022.Sales.SalesTerritory.TerritoryID
INNER JOIN 
    AdventureWorks2022.Sales.SalesOrderDetail ON AdventureWorks2022.Sales.SalesOrderHeader.SalesOrderID = AdventureWorks2022.Sales.SalesOrderDetail.SalesOrderID
WHERE
    YEAR(AdventureWorks2022.Sales.SalesOrderHeader.OrderDate) = 2013
GROUP BY
    AdventureWorks2022.Sales.SalesTerritory.TerritoryID, AdventureWorks2022.Sales.SalesTerritory.Name, YEAR(AdventureWorks2022.Sales.SalesOrderHeader.OrderDate), MONTH(AdventureWorks2022.Sales.SalesOrderHeader.OrderDate), AdventureWorks2022.Sales.SalesOrderDetail.ProductID
ORDER BY
    AdventureWorks2022.Sales.SalesTerritory.TerritoryID;103.230.222.112 - - [23/Sep/2025 07:14:46] "[32mPOST /login HTTP/1.1[0m" 302 -

Collecting usage statistics. To deactivate, set browser.gatherUsageStats to false.

2025-09-23 07:14:47.332 Port 8501 is already in use
2025-09-23 07:15:00.584 Uncaught app execution
Traceback (most recent call last):
  File "/home/ec2-user/.local/lib/python3.11/site-packages/sqlalchemy/engine/base.py", line 1967, in _exec_single_context
    self.dialect.do_execute(
  File "/home/ec2-user/.local/lib/python3.11/site-packages/sqlalchemy/engine/default.py", line 951, in do_execute
    cursor.execute(statement, parameters)
pyodbc.ProgrammingError: ('42000', "[42000] [Microsoft][ODBC Driver 17 for SQL Server][SQL Server]Incorrect syntax near the keyword 'Group'. (156) (SQLExecDirectW)")

The above exception was the direct cause of the following exception:

Traceback (most recent call last):
  File "/home/ec2-user/.local/lib/python3.11/site-packages/streamlit/runtime/scriptrunner/exec_code.py", line 128, in exec_func_with_error_handling
    result = func()
             ^^^^^^
  File "/home/ec2-user/.local/lib/python3.11/site-packages/streamlit/runtime/scriptrunner/script_runner.py", line 669, in code_to_exec
    exec(code, module.__dict__)  # noqa: S102
    ^^^^^^^^^^^^^^^^^^^^^^^^^^^
  File "/home/ec2-user/NEW_REPO_DATAGENIE/Back_test.py", line 450, in <module>
    df = pd.read_sql(query, engine)
         ^^^^^^^^^^^^^^^^^^^^^^^^^^
  File "/home/ec2-user/.local/lib/python3.11/site-packages/pandas/io/sql.py", line 736, in read_sql
    return pandas_sql.read_query(
           ^^^^^^^^^^^^^^^^^^^^^^
  File "/home/ec2-user/.local/lib/python3.11/site-packages/pandas/io/sql.py", line 1848, in read_query
    result = self.execute(sql, params)
             ^^^^^^^^^^^^^^^^^^^^^^^^^
  File "/home/ec2-user/.local/lib/python3.11/site-packages/pandas/io/sql.py", line 1671, in execute
    return self.con.exec_driver_sql(sql, *args)
           ^^^^^^^^^^^^^^^^^^^^^^^^^^^^^^^^^^^^
  File "/home/ec2-user/.local/lib/python3.11/site-packages/sqlalchemy/engine/base.py", line 1779, in exec_driver_sql
    ret = self._execute_context(
          ^^^^^^^^^^^^^^^^^^^^^^
  File "/home/ec2-user/.local/lib/python3.11/site-packages/sqlalchemy/engine/base.py", line 1846, in _execute_context
    return self._exec_single_context(
           ^^^^^^^^^^^^^^^^^^^^^^^^^^
  File "/home/ec2-user/.local/lib/python3.11/site-packages/sqlalchemy/engine/base.py", line 1986, in _exec_single_context
    self._handle_dbapi_exception(
  File "/home/ec2-user/.local/lib/python3.11/site-packages/sqlalchemy/engine/base.py", line 2355, in _handle_dbapi_exception
    raise sqlalchemy_exception.with_traceback(exc_info[2]) from e
  File "/home/ec2-user/.local/lib/python3.11/site-packages/sqlalchemy/engine/base.py", line 1967, in _exec_single_context
    self.dialect.do_execute(
  File "/home/ec2-user/.local/lib/python3.11/site-packages/sqlalchemy/engine/default.py", line 951, in do_execute
    cursor.execute(statement, parameters)
sqlalchemy.exc.ProgrammingError: (pyodbc.ProgrammingError) ('42000', "[42000] [Microsoft][ODBC Driver 17 for SQL Server][SQL Server]Incorrect syntax near the keyword 'Group'. (156) (SQLExecDirectW)")
[SQL: SELECT AdventureWorks2022.Sales.SalesTerritory.Group, SUM(AdventureWorks2022.Sales.SalesOrderDetail.LineTotal) AS QuarterlySales
FROM AdventureWorks2022.Sales.SalesOrderHeader
INNER JOIN AdventureWorks2022.Sales.SalesOrderDetail ON AdventureWorks2022.Sales.SalesOrderHeader.SalesOrderID = AdventureWorks2022.Sales.SalesOrderDetail.SalesOrderID
INNER JOIN AdventureWorks2022.Sales.SalesTerritory ON AdventureWorks2022.Sales.SalesOrderHeader.TerritoryID = AdventureWorks2022.Sales.SalesTerritory.TerritoryID
WHERE AdventureWorks2022.Sales.SalesOrderHeader.OrderDate >= DATEADD(quarter, -2, DATEFROMPARTS(2013, 1, 1)) AND AdventureWorks2022.Sales.SalesOrderHeader.OrderDate < DATEFROMPARTS(2014, 1, 1)
GROUP BY AdventureWorks2022.Sales.SalesTerritory.Group, DATEPART(quarter, AdventureWorks2022.Sales.SalesOrderHeader.OrderDate)
ORDER BY AdventureWorks2022.Sales.SalesTerritory.Group, DATEPART(quarter, AdventureWorks2022.Sales.SalesOrderHeader.OrderDate);]
(Background on this error at: https://sqlalche.me/e/20/f405)
103.230.222.112 - - [23/Sep/2025 07:15:06] "GET / HTTP/1.1" 200 -
103.230.222.112 - - [23/Sep/2025 07:15:06] "[36mGET /static/style2.css HTTP/1.1[0m" 304 -
103.230.222.112 - - [23/Sep/2025 07:15:38] "[32mPOST /login HTTP/1.1[0m" 302 -

Collecting usage statistics. To deactivate, set browser.gatherUsageStats to false.

2025-09-23 07:15:39.104 Port 8501 is already in use

Query
sql query: ```sql
-- SSMS Query Start
SELECT
    AdventureWorks2022.Sales.SalesTerritory.TerritoryID,
    AdventureWorks2022.Sales.SalesTerritory.Name,
    SUM(CASE WHEN DATEPART(QUARTER, AdventureWorks2022.Sales.SalesOrderHeader.OrderDate) = 3 THEN AdventureWorks2022.Sales.SalesOrderHeader.TotalDue ELSE 0 END) AS Q3Sales,
    SUM(CASE WHEN DATEPART(QUARTER, AdventureWorks2022.Sales.SalesOrderHeader.OrderDate) = 4 THEN AdventureWorks2022.Sales.SalesOrderHeader.TotalDue ELSE 0 END) AS Q4Sales,
    YEAR(AdventureWorks2022.Sales.SalesOrderHeader.OrderDate) AS OrderYear,
    FORMAT(AdventureWorks2022.Sales.SalesOrderHeader.OrderDate, 'MMM') AS OrderMonth,
    AdventureWorks2022.Sales.SalesOrderDetail.ProductID
FROM
    AdventureWorks2022.Sales.SalesOrderHeader
INNER JOIN
    AdventureWorks2022.Sales.SalesTerritory ON AdventureWorks2022.Sales.SalesOrderHeader.TerritoryID = AdventureWorks2022.Sales.SalesTerritory.TerritoryID
INNER JOIN 
    AdventureWorks2022.Sales.SalesOrderDetail ON AdventureWorks2022.Sales.SalesOrderHeader.SalesOrderID = AdventureWorks2022.Sales.SalesOrderDetail.SalesOrderID
WHERE
    YEAR(AdventureWorks2022.Sales.SalesOrderHeader.OrderDate) = 2013
GROUP BY
    AdventureWorks2022.Sales.SalesTerritory.TerritoryID, AdventureWorks2022.Sales.SalesTerritory.Name, YEAR(AdventureWorks2022.Sales.SalesOrderHeader.OrderDate), FORMAT(AdventureWorks2022.Sales.SalesOrderHeader.OrderDate, 'MMM'), AdventureWorks2022.Sales.SalesOrderDetail.ProductID
ORDER BY
    AdventureWorks2022.Sales.SalesTerritory.TerritoryID;
```
query: SELECT
    AdventureWorks2022.Sales.SalesTerritory.TerritoryID,
    AdventureWorks2022.Sales.SalesTerritory.Name,
    SUM(CASE WHEN DATEPART(QUARTER, AdventureWorks2022.Sales.SalesOrderHeader.OrderDate) = 3 THEN AdventureWorks2022.Sales.SalesOrderHeader.TotalDue ELSE 0 END) AS Q3Sales,
    SUM(CASE WHEN DATEPART(QUARTER, AdventureWorks2022.Sales.SalesOrderHeader.OrderDate) = 4 THEN AdventureWorks2022.Sales.SalesOrderHeader.TotalDue ELSE 0 END) AS Q4Sales,
    YEAR(AdventureWorks2022.Sales.SalesOrderHeader.OrderDate) AS OrderYear,
    FORMAT(AdventureWorks2022.Sales.SalesOrderHeader.OrderDate, 'MMM') AS OrderMonth,
    AdventureWorks2022.Sales.SalesOrderDetail.ProductID
FROM
    AdventureWorks2022.Sales.SalesOrderHeader
INNER JOIN
    AdventureWorks2022.Sales.SalesTerritory ON AdventureWorks2022.Sales.SalesOrderHeader.TerritoryID = AdventureWorks2022.Sales.SalesTerritory.TerritoryID
INNER JOIN 
    AdventureWorks2022.Sales.SalesOrderDetail ON AdventureWorks2022.Sales.SalesOrderHeader.SalesOrderID = AdventureWorks2022.Sales.SalesOrderDetail.SalesOrderID
WHERE
    YEAR(AdventureWorks2022.Sales.SalesOrderHeader.OrderDate) = 2013
GROUP BY
    AdventureWorks2022.Sales.SalesTerritory.TerritoryID, AdventureWorks2022.Sales.SalesTerritory.Name, YEAR(AdventureWorks2022.Sales.SalesOrderHeader.OrderDate), FORMAT(AdventureWorks2022.Sales.SalesOrderHeader.OrderDate, 'MMM'), AdventureWorks2022.Sales.SalesOrderDetail.ProductID
ORDER BY
    AdventureWorks2022.Sales.SalesTerritory.TerritoryID;
Query
sql query: ```sql
-- SSMS Query Start
SELECT AdventureWorks2022.Sales.SalesTerritory.Group, SUM(AdventureWorks2022.Sales.SalesOrderDetail.LineTotal) AS QuarterlySales
FROM AdventureWorks2022.Sales.SalesOrderHeader
INNER JOIN AdventureWorks2022.Sales.SalesOrderDetail ON AdventureWorks2022.Sales.SalesOrderHeader.SalesOrderID = AdventureWorks2022.Sales.SalesOrderDetail.SalesOrderID
INNER JOIN AdventureWorks2022.Sales.SalesTerritory ON AdventureWorks2022.Sales.SalesOrderHeader.TerritoryID = AdventureWorks2022.Sales.SalesTerritory.TerritoryID
WHERE AdventureWorks2022.Sales.SalesOrderHeader.OrderDate >= DATEADD(quarter, -2, DATEFROMPARTS(2013, 1, 1)) AND AdventureWorks2022.Sales.SalesOrderHeader.OrderDate < DATEFROMPARTS(2014, 1, 1)
GROUP BY AdventureWorks2022.Sales.SalesTerritory.Group, DATEPART(quarter, AdventureWorks2022.Sales.SalesOrderHeader.OrderDate)
ORDER BY AdventureWorks2022.Sales.SalesTerritory.Group, DATEPART(quarter, AdventureWorks2022.Sales.SalesOrderHeader.OrderDate);
```
query: SELECT AdventureWorks2022.Sales.SalesTerritory.Group, SUM(AdventureWorks2022.Sales.SalesOrderDetail.LineTotal) AS QuarterlySales
FROM AdventureWorks2022.Sales.SalesOrderHeader
INNER JOIN AdventureWorks2022.Sales.SalesOrderDetail ON AdventureWorks2022.Sales.SalesOrderHeader.SalesOrderID = AdventureWorks2022.Sales.SalesOrderDetail.SalesOrderID
INNER JOIN AdventureWorks2022.Sales.SalesTerritory ON AdventureWorks2022.Sales.SalesOrderHeader.TerritoryID = AdventureWorks2022.Sales.SalesTerritory.TerritoryID
WHERE AdventureWorks2022.Sales.SalesOrderHeader.OrderDate >= DATEADD(quarter, -2, DATEFROMPARTS(2013, 1, 1)) AND AdventureWorks2022.Sales.SalesOrderHeader.OrderDate < DATEFROMPARTS(2014, 1, 1)
GROUP BY AdventureWorks2022.Sales.SalesTerritory.Group, DATEPART(quarter, AdventureWorks2022.Sales.SalesOrderHeader.OrderDate)
ORDER BY AdventureWorks2022.Sales.SalesTerritory.Group, DATEPART(quarter, AdventureWorks2022.Sales.SalesOrderHeader.OrderDate);
Query
sql query: ```sql
-- SSMS Query Start
SELECT
    AdventureWorks2022.Sales.SalesTerritory.TerritoryID,
    AdventureWorks2022.Sales.SalesTerritory.Name,
    SUM(AdventureWorks2022.Sales.SalesOrderHeader.TotalDue) AS TotalSales
FROM
    AdventureWorks2022.Sales.SalesOrderHeader
INNER JOIN
    AdventureWorks2022.Sales.SalesTerritory ON AdventureWorks2022.Sales.SalesOrderHeader.TerritoryID = AdventureWorks2022.Sales.SalesTerritory.TerritoryID
WHERE
    AdventureWorks2022.Sales.SalesOrderHeader.OrderDate >= DATEADD(quarter, -2, DATEFROMPARTS(2013, 1, 1)) AND AdventureWorks2022.Sales.SalesOrderHeader.OrderDate < DATEFROMPARTS(2014, 1, 1)
GROUP BY
    AdventureWorks2022.Sales.SalesTerritory.TerritoryID, AdventureWorks2022.Sales.SalesTerritory.Name
ORDER BY
    AdventureWorks2022.Sales.SalesTerritory.TerritoryID;
```
query: SELECT
    AdventureWorks2022.Sales.SalesTerritory.TerritoryID,
    AdventureWorks2022.Sales.SalesTerritory.Name,
    SUM(AdventureWorks2022.Sales.SalesOrderHeader.TotalDue) AS TotalSales
FROM
    AdventureWorks2022.Sales.SalesOrderHeader
INNER JOIN
    AdventureWorks2022.Sales.SalesTerritory ON AdventureWorks2022.Sales.SalesOrderHeader.TerritoryID = AdventureWorks2022.Sales.SalesTerritory.TerritoryID
WHERE
    AdventureWorks2022.Sales.SalesOrderHeader.OrderDate >= DATEADD(quarter, -2, DATEFROMPARTS(2013, 1, 1)) AND AdventureWorks2022.Sales.SalesOrderHeader.OrderDate < DATEFROMPARTS(2014, 1, 1)
GROUP BY
    AdventureWorks2022.Sales.SalesTerritory.TerritoryID, AdventureWorks2022.Sales.SalesTerritory.Name
ORDER BY
    AdventureWorks2022.Sales.SalesTerritory.TerritoryID;
Query
sql query: ```sql
-- SSMS Query Start
SELECT
    AdventureWorks2022.Sales.SalesTerritory.TerritoryID,
    AdventureWorks2022.Sales.SalesTerritory.Name,
    SUM(AdventureWorks2022.Sales.SalesOrderHeader.TotalDue) AS TotalSales
FROM
    AdventureWorks2022.Sales.SalesOrderHeader
INNER JOIN
    AdventureWorks2022.Sales.SalesTerritory ON AdventureWorks2022.Sales.SalesOrderHeader.TerritoryID = AdventureWorks2022.Sales.SalesTerritory.TerritoryID
WHERE
    AdventureWorks2022.Sales.SalesOrderHeader.OrderDate >= DATEADD(quarter, -2, DATEFROMPARTS(2013, 7, 1)) AND AdventureWorks2022.Sales.SalesOrderHeader.OrderDate < DATEFROMPARTS(2014, 1, 1)
GROUP BY
    AdventureWorks2022.Sales.SalesTerritory.TerritoryID, AdventureWorks2022.Sales.SalesTerritory.Name
ORDER BY
    AdventureWorks2022.Sales.SalesTerritory.TerritoryID;
```
query: SELECT
    AdventureWorks2022.Sales.SalesTerritory.TerritoryID,
    AdventureWorks2022.Sales.SalesTerritory.Name,
    SUM(AdventureWorks2022.Sales.SalesOrderHeader.TotalDue) AS TotalSales
FROM
    AdventureWorks2022.Sales.SalesOrderHeader
INNER JOIN
    AdventureWorks2022.Sales.SalesTerritory ON AdventureWorks2022.Sales.SalesOrderHeader.TerritoryID = AdventureWorks2022.Sales.SalesTerritory.TerritoryID
WHERE
    AdventureWorks2022.Sales.SalesOrderHeader.OrderDate >= DATEADD(quarter, -2, DATEFROMPARTS(2013, 7, 1)) AND AdventureWorks2022.Sales.SalesOrderHeader.OrderDate < DATEFROMPARTS(2014, 1, 1)
GROUP BY
    AdventureWorks2022.Sales.SalesTerritory.TerritoryID, AdventureWorks2022.Sales.SalesTerritory.Name
ORDER BY
    AdventureWorks2022.Sales.SalesTerritory.TerritoryID;103.230.222.112 - - [23/Sep/2025 07:16:55] "GET / HTTP/1.1" 200 -
103.230.222.112 - - [23/Sep/2025 07:16:55] "GET /static/style2.css HTTP/1.1" 200 -
103.230.222.112 - - [23/Sep/2025 07:16:56] "[33mGET /favicon.ico HTTP/1.1[0m" 404 -

Query
sql query: ```sql
-- SSMS Query Start
SELECT
    AdventureWorks2022.Sales.SalesTerritory.TerritoryID,
    AdventureWorks2022.Sales.SalesTerritory.Name,
    SUM(AdventureWorks2022.Sales.SalesOrderHeader.TotalDue) AS TotalSales,
    YEAR(AdventureWorks2022.Sales.SalesOrderHeader.OrderDate) AS SalesYear,
    DATEPART(QUARTER, AdventureWorks2022.Sales.SalesOrderHeader.OrderDate) AS SalesQuarter,
    MONTH(AdventureWorks2022.Sales.SalesOrderHeader.OrderDate) AS SalesMonth,
    AdventureWorks2022.Production.Product.ProductID,
    AdventureWorks2022.Production.Product.Name AS ProductName
FROM
    AdventureWorks2022.Sales.SalesOrderHeader
INNER JOIN
    AdventureWorks2022.Sales.SalesTerritory ON AdventureWorks2022.Sales.SalesOrderHeader.TerritoryID = AdventureWorks2022.Sales.SalesTerritory.TerritoryID
INNER JOIN
    AdventureWorks2022.Sales.SalesOrderDetail ON AdventureWorks2022.Sales.SalesOrderHeader.SalesOrderID = AdventureWorks2022.Sales.SalesOrderDetail.SalesOrderID
INNER JOIN
    AdventureWorks2022.Production.Product ON AdventureWorks2022.Sales.SalesOrderDetail.ProductID = AdventureWorks2022.Production.Product.ProductID
WHERE
    AdventureWorks2022.Sales.SalesOrderHeader.OrderDate >= DATEADD(quarter, -2, DATEFROMPARTS(2013, 7, 1)) AND AdventureWorks2022.Sales.SalesOrderHeader.OrderDate < DATEFROMPARTS(2014, 1, 1)
GROUP BY
    AdventureWorks2022.Sales.SalesTerritory.TerritoryID, AdventureWorks2022.Sales.SalesTerritory.Name,
    YEAR(AdventureWorks2022.Sales.SalesOrderHeader.OrderDate),
    DATEPART(QUARTER, AdventureWorks2022.Sales.SalesOrderHeader.OrderDate),
    MONTH(AdventureWorks2022.Sales.SalesOrderHeader.OrderDate),
    AdventureWorks2022.Production.Product.ProductID,
    AdventureWorks2022.Production.Product.Name
ORDER BY
    AdventureWorks2022.Sales.SalesTerritory.TerritoryID;
```
query: SELECT
    AdventureWorks2022.Sales.SalesTerritory.TerritoryID,
    AdventureWorks2022.Sales.SalesTerritory.Name,
    SUM(AdventureWorks2022.Sales.SalesOrderHeader.TotalDue) AS TotalSales,
    YEAR(AdventureWorks2022.Sales.SalesOrderHeader.OrderDate) AS SalesYear,
    DATEPART(QUARTER, AdventureWorks2022.Sales.SalesOrderHeader.OrderDate) AS SalesQuarter,
    MONTH(AdventureWorks2022.Sales.SalesOrderHeader.OrderDate) AS SalesMonth,
    AdventureWorks2022.Production.Product.ProductID,
    AdventureWorks2022.Production.Product.Name AS ProductName
FROM
    AdventureWorks2022.Sales.SalesOrderHeader
INNER JOIN
    AdventureWorks2022.Sales.SalesTerritory ON AdventureWorks2022.Sales.SalesOrderHeader.TerritoryID = AdventureWorks2022.Sales.SalesTerritory.TerritoryID
INNER JOIN
    AdventureWorks2022.Sales.SalesOrderDetail ON AdventureWorks2022.Sales.SalesOrderHeader.SalesOrderID = AdventureWorks2022.Sales.SalesOrderDetail.SalesOrderID
INNER JOIN
    AdventureWorks2022.Production.Product ON AdventureWorks2022.Sales.SalesOrderDetail.ProductID = AdventureWorks2022.Production.Product.ProductID
WHERE
    AdventureWorks2022.Sales.SalesOrderHeader.OrderDate >= DATEADD(quarter, -2, DATEFROMPARTS(2013, 7, 1)) AND AdventureWorks2022.Sales.SalesOrderHeader.OrderDate < DATEFROMPARTS(2014, 1, 1)
GROUP BY
    AdventureWorks2022.Sales.SalesTerritory.TerritoryID, AdventureWorks2022.Sales.SalesTerritory.Name,
    YEAR(AdventureWorks2022.Sales.SalesOrderHeader.OrderDate),
    DATEPART(QUARTER, AdventureWorks2022.Sales.SalesOrderHeader.OrderDate),
    MONTH(AdventureWorks2022.Sales.SalesOrderHeader.OrderDate),
    AdventureWorks2022.Production.Product.ProductID,
    AdventureWorks2022.Production.Product.Name
ORDER BY
    AdventureWorks2022.Sales.SalesTerritory.TerritoryID;
Query
sql query: ```sql
-- SSMS Query Start
SELECT
    AdventureWorks2022.Sales.SalesTerritory.Name as TerritoryName,
    SUM(CASE WHEN DATEPART(QUARTER, AdventureWorks2022.Sales.SalesOrderHeader.OrderDate) = 3 THEN AdventureWorks2022.Sales.SalesOrderHeader.TotalDue ELSE 0 END) AS Q3Sales,
    SUM(CASE WHEN DATEPART(QUARTER, AdventureWorks2022.Sales.SalesOrderHeader.OrderDate) = 4 THEN AdventureWorks2022.Sales.SalesOrderHeader.TotalDue ELSE 0 END) AS Q4Sales
FROM
    AdventureWorks2022.Sales.SalesOrderHeader
INNER JOIN
    AdventureWorks2022.Sales.SalesTerritory ON AdventureWorks2022.Sales.SalesOrderHeader.TerritoryID = AdventureWorks2022.Sales.SalesTerritory.TerritoryID
WHERE
    YEAR(AdventureWorks2022.Sales.SalesOrderHeader.OrderDate) = 2013
GROUP BY
    AdventureWorks2022.Sales.SalesTerritory.Name
ORDER BY
    AdventureWorks2022.Sales.SalesTerritory.Name;
```
query: SELECT
    AdventureWorks2022.Sales.SalesTerritory.Name as TerritoryName,
    SUM(CASE WHEN DATEPART(QUARTER, AdventureWorks2022.Sales.SalesOrderHeader.OrderDate) = 3 THEN AdventureWorks2022.Sales.SalesOrderHeader.TotalDue ELSE 0 END) AS Q3Sales,
    SUM(CASE WHEN DATEPART(QUARTER, AdventureWorks2022.Sales.SalesOrderHeader.OrderDate) = 4 THEN AdventureWorks2022.Sales.SalesOrderHeader.TotalDue ELSE 0 END) AS Q4Sales
FROM
    AdventureWorks2022.Sales.SalesOrderHeader
INNER JOIN
    AdventureWorks2022.Sales.SalesTerritory ON AdventureWorks2022.Sales.SalesOrderHeader.TerritoryID = AdventureWorks2022.Sales.SalesTerritory.TerritoryID
WHERE
    YEAR(AdventureWorks2022.Sales.SalesOrderHeader.OrderDate) = 2013
GROUP BY
    AdventureWorks2022.Sales.SalesTerritory.Name
ORDER BY
    AdventureWorks2022.Sales.SalesTerritory.Name;
Query
sql query: ```sql
-- SSMS Query Start
SELECT
    AdventureWorks2022.Sales.SalesTerritory.Name AS TerritoryName,
    SUM(CASE WHEN DATEPART(QUARTER, AdventureWorks2022.Sales.SalesOrderHeader.OrderDate) = 3 THEN AdventureWorks2022.Sales.SalesOrderHeader.TotalDue ELSE 0 END) AS Q3Sales,
    SUM(CASE WHEN DATEPART(QUARTER, AdventureWorks2022.Sales.SalesOrderHeader.OrderDate) = 4 THEN AdventureWorks2022.Sales.SalesOrderHeader.TotalDue ELSE 0 END) AS Q4Sales,
    AdventureWorks2022.Production.Product.Name AS ProductName,
    MONTH(AdventureWorks2022.Sales.SalesOrderHeader.OrderDate) AS Month
FROM
    AdventureWorks2022.Sales.SalesOrderHeader
INNER JOIN
    AdventureWorks2022.Sales.SalesTerritory ON AdventureWorks2022.Sales.SalesOrderHeader.TerritoryID = AdventureWorks2022.Sales.SalesTerritory.TerritoryID
INNER JOIN
    AdventureWorks2022.Sales.SalesOrderDetail ON AdventureWorks2022.Sales.SalesOrderHeader.SalesOrderID = AdventureWorks2022.Sales.SalesOrderDetail.SalesOrderID
INNER JOIN
    AdventureWorks2022.Production.Product ON AdventureWorks2022.Sales.SalesOrderDetail.ProductID = AdventureWorks2022.Production.Product.ProductID
WHERE
    YEAR(AdventureWorks2022.Sales.SalesOrderHeader.OrderDate) = 2013
GROUP BY
    AdventureWorks2022.Sales.SalesTerritory.Name,
    AdventureWorks2022.Production.Product.Name,
    MONTH(AdventureWorks2022.Sales.SalesOrderHeader.OrderDate)
ORDER BY
    AdventureWorks2022.Sales.SalesTerritory.Name,
    AdventureWorks2022.Production.Product.Name,
    MONTH(AdventureWorks2022.Sales.SalesOrderHeader.OrderDate);
```
query: SELECT
    AdventureWorks2022.Sales.SalesTerritory.Name AS TerritoryName,
    SUM(CASE WHEN DATEPART(QUARTER, AdventureWorks2022.Sales.SalesOrderHeader.OrderDate) = 3 THEN AdventureWorks2022.Sales.SalesOrderHeader.TotalDue ELSE 0 END) AS Q3Sales,
    SUM(CASE WHEN DATEPART(QUARTER, AdventureWorks2022.Sales.SalesOrderHeader.OrderDate) = 4 THEN AdventureWorks2022.Sales.SalesOrderHeader.TotalDue ELSE 0 END) AS Q4Sales,
    AdventureWorks2022.Production.Product.Name AS ProductName,
    MONTH(AdventureWorks2022.Sales.SalesOrderHeader.OrderDate) AS Month
FROM
    AdventureWorks2022.Sales.SalesOrderHeader
INNER JOIN
    AdventureWorks2022.Sales.SalesTerritory ON AdventureWorks2022.Sales.SalesOrderHeader.TerritoryID = AdventureWorks2022.Sales.SalesTerritory.TerritoryID
INNER JOIN
    AdventureWorks2022.Sales.SalesOrderDetail ON AdventureWorks2022.Sales.SalesOrderHeader.SalesOrderID = AdventureWorks2022.Sales.SalesOrderDetail.SalesOrderID
INNER JOIN
    AdventureWorks2022.Production.Product ON AdventureWorks2022.Sales.SalesOrderDetail.ProductID = AdventureWorks2022.Production.Product.ProductID
WHERE
    YEAR(AdventureWorks2022.Sales.SalesOrderHeader.OrderDate) = 2013
GROUP BY
    AdventureWorks2022.Sales.SalesTerritory.Name,
    AdventureWorks2022.Production.Product.Name,
    MONTH(AdventureWorks2022.Sales.SalesOrderHeader.OrderDate)
ORDER BY
    AdventureWorks2022.Sales.SalesTerritory.Name,
    AdventureWorks2022.Production.Product.Name,
    MONTH(AdventureWorks2022.Sales.SalesOrderHeader.OrderDate);
Query
sql query: ```sql
-- SSMS Query Start
SELECT AdventureWorks2022.Sales.SalesTerritory.Name AS TerritoryName,
       SUM(CASE WHEN DATEPART(QUARTER, AdventureWorks2022.Sales.SalesOrderHeader.OrderDate) = 3 THEN AdventureWorks2022.Sales.SalesOrderHeader.TotalDue ELSE 0 END) AS Q3Sales,
       SUM(CASE WHEN DATEPART(QUARTER, AdventureWorks2022.Sales.SalesOrderHeader.OrderDate) = 4 THEN AdventureWorks2022.Sales.SalesOrderHeader.TotalDue ELSE 0 END) AS Q4Sales,
       AdventureWorks2022.Production.Product.Name AS ProductName,
       FORMAT(AdventureWorks2022.Sales.SalesOrderHeader.OrderDate, 'MMM') AS Month
FROM AdventureWorks2022.Sales.SalesOrderHeader
INNER JOIN AdventureWorks2022.Sales.SalesTerritory
ON AdventureWorks2022.Sales.SalesOrderHeader.TerritoryID = AdventureWorks2022.Sales.SalesTerritory.TerritoryID
INNER JOIN AdventureWorks2022.Sales.SalesOrderDetail
ON AdventureWorks2022.Sales.SalesOrderHeader.SalesOrderID = AdventureWorks2022.Sales.SalesOrderDetail.SalesOrderID
INNER JOIN AdventureWorks2022.Production.Product
ON AdventureWorks2022.Sales.SalesOrderDetail.ProductID = AdventureWorks2022.Production.Product.ProductID
WHERE YEAR(AdventureWorks2022.Sales.SalesOrderHeader.OrderDate) = 2013
GROUP BY AdventureWorks2022.Sales.SalesTerritory.Name,
         AdventureWorks2022.Production.Product.Name,
         FORMAT(AdventureWorks2022.Sales.SalesOrderHeader.OrderDate, 'MMM')
ORDER BY AdventureWorks2022.Sales.SalesTerritory.Name,
         AdventureWorks2022.Production.Product.Name,
         FORMAT(AdventureWorks2022.Sales.SalesOrderHeader.OrderDate, 'MMM');
```
query: SELECT AdventureWorks2022.Sales.SalesTerritory.Name AS TerritoryName,
       SUM(CASE WHEN DATEPART(QUARTER, AdventureWorks2022.Sales.SalesOrderHeader.OrderDate) = 3 THEN AdventureWorks2022.Sales.SalesOrderHeader.TotalDue ELSE 0 END) AS Q3Sales,
       SUM(CASE WHEN DATEPART(QUARTER, AdventureWorks2022.Sales.SalesOrderHeader.OrderDate) = 4 THEN AdventureWorks2022.Sales.SalesOrderHeader.TotalDue ELSE 0 END) AS Q4Sales,
       AdventureWorks2022.Production.Product.Name AS ProductName,
       FORMAT(AdventureWorks2022.Sales.SalesOrderHeader.OrderDate, 'MMM') AS Month
FROM AdventureWorks2022.Sales.SalesOrderHeader
INNER JOIN AdventureWorks2022.Sales.SalesTerritory
ON AdventureWorks2022.Sales.SalesOrderHeader.TerritoryID = AdventureWorks2022.Sales.SalesTerritory.TerritoryID
INNER JOIN AdventureWorks2022.Sales.SalesOrderDetail
ON AdventureWorks2022.Sales.SalesOrderHeader.SalesOrderID = AdventureWorks2022.Sales.SalesOrderDetail.SalesOrderID
INNER JOIN AdventureWorks2022.Production.Product
ON AdventureWorks2022.Sales.SalesOrderDetail.ProductID = AdventureWorks2022.Production.Product.ProductID
WHERE YEAR(AdventureWorks2022.Sales.SalesOrderHeader.OrderDate) = 2013
GROUP BY AdventureWorks2022.Sales.SalesTerritory.Name,
         AdventureWorks2022.Production.Product.Name,
         FORMAT(AdventureWorks2022.Sales.SalesOrderHeader.OrderDate, 'MMM')
ORDER BY AdventureWorks2022.Sales.SalesTerritory.Name,
         AdventureWorks2022.Production.Product.Name,
         FORMAT(AdventureWorks2022.Sales.SalesOrderHeader.OrderDate, 'MMM');
Descriptive
Diagnostic
Diagnostic
chart code :  ```python
import plotly.express as px
import pandas as pd

# Assuming df exists and is a Pandas DataFrame

# Drop rows with NaN/blank values in Q3Sales, Q4Sales, and Month
df_cleaned = df.dropna(subset=['Q3Sales', 'Q4Sales', 'Month']).copy()  # Explicitly copy to avoid SettingWithCopyWarning
df_cleaned = df_cleaned[~df_cleaned['Month'].isin(['', ' '])]  # Remove rows where 'Month' is blank

# Melt the DataFrame for easier plotting with Plotly Express
df_melted = pd.melt(df_cleaned, id_vars=['Month'], value_vars=['Q3Sales', 'Q4Sales'], 
                   variable_name='Quarter', value_name='Sales')


# Bar Chart
fig_bar = px.bar(df_melted, x='Sales', y='Month', color='Quarter', 
                 barmode='group', title='Sales by Quarter and Month (Bar Chart)')

# Line Chart
fig_line = px.line(df_melted, x='Sales', y='Month', color='Quarter',
                   title='Sales by Quarter and Month (Line Chart)')

fig_bar.show()
fig_line.show()

```
chart code :  ```python
import plotly.express as px
import pandas as pd

# Drop rows with NaN, None, or blank strings in the specified columns
df = df.dropna(subset=['Q3Sales', 'Q4Sales', 'Month'])
df = df[~df['Q3Sales'].isin([None, ''])]
df = df[~df['Q4Sales'].isin([None, ''])]
df = df[~df['Month'].isin([None, ''])]


# Bar chart
fig_bar = px.bar(df, x=['Q3Sales', 'Q4Sales'], y='Month', title='Sales by Quarter')
fig_bar.show()

# Line chart -  Requires some data manipulation to be effective with two x-axis columns
df_melted = pd.melt(df, id_vars=['Month'], value_vars=['Q3Sales', 'Q4Sales'], var_name='Quarter', value_name='Sales')
fig_line = px.line(df_melted, x='Month', y='Sales', color='Quarter', title='Sales Trend by Quarter')
fig_line.show()

```
chart code :  ```python
import plotly.express as px
import pandas as pd

# Assuming df is already loaded and available

# Drop rows with NaN or blank strings in the required columns
df = df.dropna(subset=['Q3Sales', 'Q4Sales', 'Month'])
df = df[~df['Q3Sales'].isin([''])]
df = df[~df['Q4Sales'].isin([''])]
df = df[~df['Month'].isin([''])]


fig = px.bar(df, x=['Q3Sales', 'Q4Sales'], y='Month', barmode='group')
fig.show()

```
chart code :  ```python
import plotly.express as px
import pandas as pd

# Assuming df is already defined and loaded

# Drop rows with NaN or blank strings in the specified columns
df = df.dropna(subset=['Q3Sales', 'Q4Sales', 'Month'])
df = df[~df['Q3Sales'].isin([''])]
df = df[~df['Q4Sales'].isin([''])]
df = df[~df['Month'].isin([''])]


fig = px.bar(df, x=['Q3Sales', 'Q4Sales'], y='Month', barmode='group')
fig.show()

```
chart code :  ```python
import plotly.express as px
import pandas as pd

# Assuming df is already defined and populated

# Drop rows with NaN, None, or blank strings in 'Month', 'Q3Sales', 'Q4Sales'
df = df.dropna(subset=['Month', 'Q3Sales', 'Q4Sales'])
df = df[~df['Month'].isin(['', ' '])] # Exclude blank strings for 'Month' which dropna misses
df = df[~df['Q3Sales'].isin(['', ' '])] # Exclude blank strings for 'Q3Sales'
df = df[~df['Q4Sales'].isin(['', ' '])] # Exclude blank strings for 'Q4Sales'

# Convert Q3Sales and Q4Sales to numeric if they are not already
df['Q3Sales'] = pd.to_numeric(df['Q3Sales'], errors='coerce')
df['Q4Sales'] = pd.to_numeric(df['Q4Sales'], errors='coerce')
df = df.dropna(subset=['Q3Sales', 'Q4Sales'])

fig = px.bar(df, x='Month', y=['Q3Sales', 'Q4Sales'], barmode='group')
fig.show()

```

chart code :  ```python
import plotly.express as px
import pandas as pd

# Assuming df is already defined and populated

# Drop rows with NaN, empty strings, or None in 'Month', 'Q3Sales', 'Q4Sales'
df = df.dropna(subset=['Month', 'Q3Sales', 'Q4Sales'])
df = df[df['Month'].astype(str).str.strip() != '']
df = df[df['Q3Sales'].astype(str).str.strip() != ''] # Handling potential string representations of numbers
df = df[df['Q4Sales'].astype(str).str.strip() != '']

fig = px.bar(df, x='Month', y=['Q3Sales', 'Q4Sales'], barmode='group')
fig.show()
```
chart code :  ```python
import plotly.express as px
import pandas as pd

# Assuming df is already loaded and available

# Drop rows with NaN/empty values in 'Month', 'Q3Sales', 'Q4Sales'
df = df.dropna(subset=['Month', 'Q3Sales', 'Q4Sales'])
df = df[df['Month'] != '']  # Assuming 'Month' is string type
df = df[df['Q3Sales'].astype(str) != '']  # Handling potential non-numeric 'Q3Sales'
df = df[df['Q4Sales'].astype(str) != '']  # Handling potential non-numeric 'Q4Sales'



fig = px.bar(df, x='Month', y=['Q3Sales', 'Q4Sales'], barmode='group')
fig.show()

```
chart code :  ```python
import plotly.express as px
import pandas as pd

# Assuming df is already loaded and available

# Drop rows with NaN, NaT, or blank strings in 'Month', 'Q3Sales', or 'Q4Sales'
df = df.dropna(subset=['Month', 'Q3Sales', 'Q4Sales'])
df = df[~df['Month'].isin([''])]
df = df[~df['Q3Sales'].isin([''])]
df = df[~df['Q4Sales'].isin([''])]


fig = px.bar(df, x='Month', y=['Q3Sales', 'Q4Sales'], barmode='group')
fig.show()

```
chart code :  ```python
import plotly.express as px
import pandas as pd

# Assuming df is already defined and populated

# Drop rows with NaN/blank values in required columns before plotting
df = df.dropna(subset=['Month', 'Q3Sales', 'Q4Sales'])

fig = px.bar(df, x='Month', y=['Q3Sales', 'Q4Sales'], barmode='group')
fig.show()

```65.49.1.108 - - [23/Sep/2025 07:42:11] "GET / HTTP/1.1" 200 -
65.49.1.108 - - [23/Sep/2025 07:42:26] "[33mGET /favicon.ico HTTP/1.1[0m" 404 -
34.19.127.220 - - [23/Sep/2025 08:10:51] code 400, message Bad request version ('À#À¬À®À+À')
34.19.127.220 - - [23/Sep/2025 08:10:51] "[31m[1m\x16\x03\x03\x01§\x01\x00\x01£\x03\x03aF5#ø¨±·Ø\x0cOÞ\x805Ït>\x93\x13O°Ú§\x01^sßék|\x08Ñ Ä\x0fyY\x1eçm\x94ûÿ\x04\x94\x1b1º\x08çøÃ\x80è\x9fãb\\Ð¯»\x0c$Åu\x00\x8a\x00\x16\x003\x00gÀ\x9eÀ¢\x00\x9e\x009\x00kÀ\x9fÀ£\x00\x9f\x00E\x00¾\x00\x88\x00Ä\x00\x9aÀ\x08À\x09À#À¬À®À+À[0m" 400 -
34.19.127.220 - - [23/Sep/2025 08:10:52] code 400, message Bad request version ('À\x9c\x00<\x00/\x00')
34.19.127.220 - - [23/Sep/2025 08:10:52] "[31m[1m\x16\x03\x03\x01§\x01\x00\x01£\x03\x03:ESq\x06ñÃò\x1aæÆ\x93lá!¶þèLÿò\x8aÛú/®Gø¹\x84\x1b" 3Ê\x84:wÄµ°%\x00,\x99Ù:\x0e¾Õ\x1c6ÔÕ¤Cëò\x89FQõ\x9bc\x02\x00\x8a\x00\x05\x00\x04\x00\x07\x00À\x00\x84\x00º\x00A\x00\x9dÀ¡À\x9d\x00=\x005\x00\x9cÀ À\x9c\x00<\x00/\x00[0m" 400 -
34.19.127.220 - - [23/Sep/2025 08:10:52] code 400, message Bad request version ('m\x00FÀ\x12À\x07Ì\x14\x13\x01\x13\x02Ì©ÀsÀrÀ,À¯À\xadÀ$À')
34.19.127.220 - - [23/Sep/2025 08:10:52] "[31m[1m\x16\x03\x03\x01X\x01\x00\x01T\x03\x03òÜ¯Mwo\x05É0P\x19âÎ\x1fã\x84þíÿ{\x9d\x87J3\x99ê!Kæ{\x03± \x04Ï:N`1ÏoJ(~~\x9b\x80®=\x99\x14VûöQ\x95`\x92Ñ\x0d$Ð>\x1em\x00FÀ\x12À\x07Ì\x14\x13\x01\x13\x02Ì©ÀsÀrÀ,À¯À­À$À[0m" 400 -
34.19.127.220 - - [23/Sep/2025 08:10:53] code 400, message Bad request version ('\x03íVx\x19\x9f\x1aU"\x00DÀ\x13À\'À/À\x14À(À0À`ÀaÀvÀwÌ¨\x13\x05\x13\x04\x13\x03Ì\x13À\x11\x00')
34.19.127.220 - - [23/Sep/2025 08:10:53] "[31m[1m\x16\x03\x03\x01J\x01\x00\x01F\x03\x03ï\x18\x13­+\x01jÄtý\x8cR!þD2\x96\x10øÜb\x9e^ê¿ú§¢\x1eA3ª ÷NÊwGµÖj«Å<Ñ\x04\x11\x8a÷ÎÕíã è\x1e\x03íVx\x19\x9f\x1aU"\x00DÀ\x13À'À/À\x14À(À0À`ÀaÀvÀwÌ¨\x13\x05\x13\x04\x13\x03Ì\x13À\x11\x00[0m" 400 -
34.19.127.220 - - [23/Sep/2025 08:10:53] code 400, message Bad request version ('ï)îB\x9fFÀ*\x811\x00u\x7fN"³W\x98\x90h\x17¸<\x00\x8cººÀ\x12À\x13À\x07À\'Ì\x14À/\x13\x01À\x14\x13\x02À(Ì©À0ÀsÀ`ÀrÀaÀ,ÀvÀ¯ÀwÀ\xadÌ¨À$\x13\x05À')
34.19.127.220 - - [23/Sep/2025 08:10:53] "[31m[1m\x16\x03\x03\x01\x9b\x01\x00\x01\x97\x03\x03ø\x10Úþøù¡Ö4Ìä\x9dd\x09`\x9e(\x1aç(.=©\x18\x18ág\x82°\x03äc ÿQ\x9agí7\x8f×\x0dï)îB\x9fFÀ*\x811\x00u\x7fN"³W\x98\x90h\x17¸<\x00\x8cººÀ\x12À\x13À\x07À'Ì\x14À/\x13\x01À\x14\x13\x02À(Ì©À0ÀsÀ`ÀrÀaÀ,ÀvÀ¯ÀwÀ­Ì¨À$\x13\x05À[0m" 400 -
34.19.127.220 - - [23/Sep/2025 08:10:53] code 400, message Bad request version ('À#À¬À®À+À')
34.19.127.220 - - [23/Sep/2025 08:10:53] "[31m[1m\x16\x03\x02\x01\x9c\x01\x00\x01\x98\x03\x02³õo\x90Åa\x16@\x95\x97ó{\x09\x01\x0d\x13@ \x8f\x14Ö\x13èì²\x01úï\x0fN\x03¶ HÒ&\x82ú\x11Ô\x9eþ@\x83$î\x1dl\x1dû¨¥\x0d&íÍï§½\x04©0u±§\x00\x8a\x00\x16\x003\x00gÀ\x9eÀ¢\x00\x9e\x009\x00kÀ\x9fÀ£\x00\x9f\x00E\x00¾\x00\x88\x00Ä\x00\x9aÀ\x08À\x09À#À¬À®À+À[0m" 400 -
34.19.127.220 - - [23/Sep/2025 08:10:54] code 400, message Bad request version ('À#À¬À®À+À')
34.19.127.220 - - [23/Sep/2025 08:10:54] "[31m[1m\x16\x03\x01\x01©\x01\x00\x01¥\x03\x03\x0d\x89\x05\x9bD*\x9f(¾£¨\x82\x86®¸\x83ÂÓ\x96Ô\x1f\x0f¹}\x18\x8cp÷Iõ\x04« >Dâ1O\x85T»fC³ÂªS\x1ai\x1e\x04ýEÖ\x91nfçÍ\x94«Ì|\x92\x18\x00\x8a\x00\x16\x003\x00gÀ\x9eÀ¢\x00\x9e\x009\x00kÀ\x9fÀ£\x00\x9f\x00E\x00¾\x00\x88\x00Ä\x00\x9aÀ\x08À\x09À#À¬À®À+À[0m" 400 -
34.19.127.220 - - [23/Sep/2025 08:10:54] code 400, message Bad request syntax ('\x16\x03\x01\x01©\x01\x00\x01¥\x03\x03uª%\x06\x02å´\x94¼õ\x98]ày¬\x87¢rÞÀ.')
34.19.127.220 - - [23/Sep/2025 08:10:54] "[31m[1m\x16\x03\x01\x01©\x01\x00\x01¥\x03\x03uª%\x06\x02å´\x94¼õ\x98]ày¬\x87¢rÞÀ.[0m" 400 -
34.19.127.220 - - [23/Sep/2025 08:10:55] code 400, message Bad request version ('À#À¬À®À+À')
34.19.127.220 - - [23/Sep/2025 08:10:55] "[31m[1m\x16\x03\x01\x01\x9f\x01\x00\x01\x9b\x03\x03@%ê>Mããç\x1e¼¦Ü¥\x07¼ïý\x8c%pxÏ=\x09M\x12jà\x029nx \x0f\x07\x8fjx4\x95\x11·\x85Àý\x8d\x93\x97Åc\x93\x1cfRÊÝ+\x03!\x83\x04â=éS\x00\x80\x00\x16\x003\x00gÀ\x9eÀ¢\x00\x9e\x009\x00kÀ\x9fÀ£\x00\x9f\x00E\x00¾\x00\x88\x00Ä\x00\x9aÀ\x08À\x09À#À¬À®À+À[0m" 400 -
34.19.127.220 - - [23/Sep/2025 08:10:55] code 400, message Bad HTTP/0.9 request type ('\x16\x03\x01\x01¶\x01\x00\x01²\x03\x03')
34.19.127.220 - - [23/Sep/2025 08:10:55] "[31m[1m\x16\x03\x01\x01¶\x01\x00\x01²\x03\x03\x85\x8aÑ÷³M;È[0m" 400 -
34.19.127.205 - - [23/Sep/2025 08:10:57] code 400, message Bad HTTP/0.9 request type ('\x03\x00\x00*%à\x00\x00\x00\x00\x00Cookie:')
34.19.127.205 - - [23/Sep/2025 08:10:57] "[31m[1m\x03\x00\x00*%à\x00\x00\x00\x00\x00Cookie: mstshash=test[0m" 400 -
34.19.127.205 - - [23/Sep/2025 08:10:57] code 400, message Bad request syntax ('stats')
34.19.127.205 - - [23/Sep/2025 08:10:57] "[31m[1mstats[0m" 400 -
34.19.127.205 - - [23/Sep/2025 08:10:57] code 400, message Bad request syntax ('envi')
34.19.127.205 - - [23/Sep/2025 08:10:57] "[31m[1menvi[0m" 400 -
34.19.127.205 - - [23/Sep/2025 08:10:57] code 400, message Bad HTTP/0.9 request type ('RFB')
34.19.127.205 - - [23/Sep/2025 08:10:57] "[31m[1mRFB 003.003[0m" 400 -
34.19.127.205 - - [23/Sep/2025 08:10:57] code 400, message Bad HTTP/0.9 request type ('t3')
34.19.127.205 - - [23/Sep/2025 08:10:57] "[31m[1mt3 12.2.1[0m" 400 -
34.19.127.205 - - [23/Sep/2025 08:11:02] code 400, message Bad request version ('\x00:\x00\x00\x00\x00AA\x00\x00\x00\x00\x00\x00\x00\x00\x00\x00\x00\x00\x00\x00\x00\x00\x00\x00\x00\x00\x00\x00\x00\x00(CONNECT_DATA=(COMMAND=VERSION))')
34.19.127.205 - - [23/Sep/2025 08:11:02] "[31m[1m\x00Z\x00\x00\x01\x00\x00\x00\x01:\x018\x00\x00 \x00\x7fÿÆ\x08\x00\x00\x00\x01\x00 \x00:\x00\x00\x00\x00AA\x00\x00\x00\x00\x00\x00\x00\x00\x00\x00\x00\x00\x00\x00\x00\x00\x00\x00\x00\x00\x00\x00\x00\x00(CONNECT_DATA=(COMMAND=VERSION))[0m" 400 -
34.19.127.205 - - [23/Sep/2025 08:11:02] code 400, message Bad request syntax ('\x00\x00\x00\x01\x00\x00\x00\x01\x00\x00\x00\x04\x00\x00\x00\x08\x00\x00\x00\x01\x00\x00\x00\x00')
34.19.127.205 - - [23/Sep/2025 08:11:02] "[31m[1m\x00\x00\x00\x01\x00\x00\x00\x01\x00\x00\x00\x04\x00\x00\x00\x08\x00\x00\x00\x01\x00\x00\x00\x00[0m" 400 -
34.19.127.205 - - [23/Sep/2025 08:11:02] code 400, message Bad request syntax ('WHOAREYOU?')
34.19.127.205 - - [23/Sep/2025 08:11:02] "[31m[1mWHOAREYOU?[0m" 400 -
34.19.127.205 - - [23/Sep/2025 08:11:02] code 400, message Bad request version ('\x00\x00\x00\x00\x00\x00MSSQLServer\x00<\x90\x00\x00\x00')
34.19.127.205 - - [23/Sep/2025 08:11:02] "[31m[1m\x12\x01\x00:\x00\x00\x00\x00\x00\x00\x1a\x00\x06\x01\x00 \x00\x01\x02\x00!\x00\x0c\x03\x00-\x00\x04\x04\x001\x00\x01ÿ\x09\x00\x00\x00\x00\x00\x00MSSQLServer\x00<\x90\x00\x00\x00[0m" 400 -
34.19.127.205 - - [23/Sep/2025 08:11:02] code 400, message Bad HTTP/0.9 request type ('GIOP\x01\x02\x00\x03\x00\x00\x00\x17\x00\x00\x00\x02\x00\x00\x00\x00\x00\x00\x00')
34.19.127.205 - - [23/Sep/2025 08:11:02] "[31m[1mGIOP\x01\x02\x00\x03\x00\x00\x00\x17\x00\x00\x00\x02\x00\x00\x00\x00\x00\x00\x00\x0bNameService[0m" 400 -
34.19.127.205 - - [23/Sep/2025 08:11:02] code 400, message Bad request syntax ('help\\r\\n')
34.19.127.205 - - [23/Sep/2025 08:11:02] "[31m[1mhelp\\r\\n[0m" 400 -
34.19.127.205 - - [23/Sep/2025 08:11:02] code 400, message Bad request syntax ('\x00\x15zal238hcxjky129xz@!*#')
34.19.127.205 - - [23/Sep/2025 08:11:02] "[31m[1m\x00\x15zal238hcxjky129xz@!*#[0m" 400 -
34.19.127.176 - - [23/Sep/2025 09:05:41] code 400, message Bad request syntax ('\x804\x01\x00\x02\x00\x1b\x00\x00\x00\x10\x05\x00\x80\x03\x00\x80\x01\x00\x80\x07\x00À\x08\x00\x80\x06\x00@\x04\x00\x80\x02\x00\x80\x00\x00\x00\x00\x01\x02\x03\x04\x05\x06\x07\x08\t')
34.19.127.176 - - [23/Sep/2025 09:05:41] "[31m[1m\x804\x01\x00\x02\x00\x1b\x00\x00\x00\x10\x05\x00\x80\x03\x00\x80\x01\x00\x80\x07\x00À\x08\x00\x80\x06\x00@\x04\x00\x80\x02\x00\x80\x00\x00\x00\x00\x01\x02\x03\x04\x05\x06\x07\x08\x09[0m" 400 -
34.19.127.220 - - [23/Sep/2025 09:05:41] code 400, message Bad request version ('\x00/\x00')
34.19.127.220 - - [23/Sep/2025 09:05:41] "[31m[1m\x16\x03\x00\x00i\x01\x00\x00e\x03\x03U\x1c§ärandom1random2random3random4\x00\x00\x0c\x00/\x00[0m" 400 -
34.19.127.220 - - [23/Sep/2025 09:05:42] code 400, message Bad request syntax ('\x804\x01\x00\x02\x00\x1b\x00\x00\x00\x10\x05\x00\x80\x03\x00\x80\x01\x00\x80\x07\x00À\x08\x00\x80\x06\x00@\x04\x00\x80\x02\x00\x80\x00\x00\x00\x00\x01\x02\x03\x04\x05\x06\x07\x08\t')
34.19.127.220 - - [23/Sep/2025 09:05:42] "[31m[1m\x804\x01\x00\x02\x00\x1b\x00\x00\x00\x10\x05\x00\x80\x03\x00\x80\x01\x00\x80\x07\x00À\x08\x00\x80\x06\x00@\x04\x00\x80\x02\x00\x80\x00\x00\x00\x00\x01\x02\x03\x04\x05\x06\x07\x08\x09[0m" 400 -
34.19.127.176 - - [23/Sep/2025 09:05:42] code 400, message Bad request syntax ('\x16\x03\x00\x00è\x01\x00\x00ä\x03\x00hÒbå\x00\x01\x02\x03\x04\x05\x06\x07\x08\t')
34.19.127.176 - - [23/Sep/2025 09:05:42] "[31m[1m\x16\x03\x00\x00è\x01\x00\x00ä\x03\x00hÒbå\x00\x01\x02\x03\x04\x05\x06\x07\x08\x09[0m" 400 -
34.19.127.176 - - [23/Sep/2025 09:05:42] code 400, message Bad request version ('\x00')
34.19.127.176 - - [23/Sep/2025 09:05:42] "[31m[1m\x16\x03\x01\x03\x82\x01\x00\x03~\x03\x01hÒbæ\x85o\x90}¡\x0c¾\x14À©ë«ÞF\x19CïãFÚÿ\x80tq\x12\x1e¢\x08 ,»Ï\x9fIXý6eõ*Î\x84\x92Xe¢/\x86ü³Ì³\x93Ãiá*Ö\x06\x0fÂ\x02¾\x00\x00\x00\x01\x00\x02\x00\x03\x00\x04\x00\x05\x00\x06\x00\x07\x00\x08\x00\x09\x00[0m" 400 -
34.19.127.220 - - [23/Sep/2025 09:05:42] code 400, message Bad request syntax ('\x16\x03\x00\x00è\x01\x00\x00ä\x03\x00hÒbæ\x00\x01\x02\x03\x04\x05\x06\x07\x08\t')
34.19.127.220 - - [23/Sep/2025 09:05:42] "[31m[1m\x16\x03\x00\x00è\x01\x00\x00ä\x03\x00hÒbæ\x00\x01\x02\x03\x04\x05\x06\x07\x08\x09[0m" 400 -
34.19.127.176 - - [23/Sep/2025 09:05:42] code 400, message Bad request version ('\x00')
34.19.127.176 - - [23/Sep/2025 09:05:42] "[31m[1m\x16\x03\x02\x03\x82\x01\x00\x03~\x03\x02hÒbæ\x85o\x90}¡\x0c¾\x14À©ë«ÞF\x19CïãFÚÿ\x80tq\x12\x1e¢\x08 ,»Ï\x9fIXý6eõ*Î\x84\x92Xe¢/\x86ü³Ì³\x93Ãiá*Ö\x06\x0fÂ\x02¾\x00\x00\x00\x01\x00\x02\x00\x03\x00\x04\x00\x05\x00\x06\x00\x07\x00\x08\x00\x09\x00[0m" 400 -
34.19.127.220 - - [23/Sep/2025 09:05:43] code 400, message Bad request version ('\x00')
34.19.127.220 - - [23/Sep/2025 09:05:43] "[31m[1m\x16\x03\x01\x03\x82\x01\x00\x03~\x03\x01hÒbæ\x85o\x90}¡\x0c¾\x14À©ë«ÞF\x19CïãFÚÿ\x80tq\x12\x1e¢\x08 ,»Ï\x9fIXý6eõ*Î\x84\x92Xe¢/\x86ü³Ì³\x93Ãiá*Ö\x06\x0fÂ\x02¾\x00\x00\x00\x01\x00\x02\x00\x03\x00\x04\x00\x05\x00\x06\x00\x07\x00\x08\x00\x09\x00[0m" 400 -
34.19.127.176 - - [23/Sep/2025 09:05:43] code 400, message Bad request version ('\x00')
34.19.127.176 - - [23/Sep/2025 09:05:43] "[31m[1m\x16\x03\x03\x03\x82\x01\x00\x03~\x03\x03hÒbç\x84o\x90~¡\x0c¾\x15¿©ë¬ÞF\x19DîãFÛÿ\x80tr\x11\x1e¢\x09 ,»Ï HXý7eõ*Ï\x83\x92Xf¢/\x86ý²Ì³\x94Ãiá+Õ\x06\x0fÃ\x02¾\x00\x00\x00\x01\x00\x02\x00\x03\x00\x04\x00\x05\x00\x06\x00\x07\x00\x08\x00\x09\x00[0m" 400 -
34.19.127.220 - - [23/Sep/2025 09:05:43] code 400, message Bad request version ('\x00')
34.19.127.220 - - [23/Sep/2025 09:05:43] "[31m[1m\x16\x03\x02\x03\x82\x01\x00\x03~\x03\x02hÒbç\x84o\x90~¡\x0c¾\x15¿©ë¬ÞF\x19DîãFÛÿ\x80tr\x11\x1e¢\x09 ,»Ï HXý7eõ*Ï\x83\x92Xf¢/\x86ý²Ì³\x94Ãiá+Õ\x06\x0fÃ\x02¾\x00\x00\x00\x01\x00\x02\x00\x03\x00\x04\x00\x05\x00\x06\x00\x07\x00\x08\x00\x09\x00[0m" 400 -
34.19.127.176 - - [23/Sep/2025 09:05:43] code 400, message Bad request version ('HXý7eõ*Ï\x83\x92Xf¢/\x86ý²Ì³\x94Ãiá+Õ\x06\x0fÃ\x00')
34.19.127.176 - - [23/Sep/2025 09:05:43] "[31m[1m\x16\x03\x01\x00ù\x01\x00\x00õ\x03\x03hÒbç\x84o\x90~¡\x0c¾\x15¿©ë¬ÞF\x19DîãFÛÿ\x80tr\x11\x1e¢\x09 ,»Ï HXý7eõ*Ï\x83\x92Xf¢/\x86ý²Ì³\x94Ãiá+Õ\x06\x0fÃ\x00[0m" 400 -
34.19.127.220 - - [23/Sep/2025 09:05:44] code 400, message Bad request version ('\x00')
34.19.127.220 - - [23/Sep/2025 09:05:44] "[31m[1m\x16\x03\x03\x03\x82\x01\x00\x03~\x03\x03hÒbç\x84o\x90~¡\x0c¾\x15¿©ë¬ÞF\x19DîãFÛÿ\x80tr\x11\x1e¢\x09 ,»Ï HXý7eõ*Ï\x83\x92Xf¢/\x86ý²Ì³\x94Ãiá+Õ\x06\x0fÃ\x02¾\x00\x00\x00\x01\x00\x02\x00\x03\x00\x04\x00\x05\x00\x06\x00\x07\x00\x08\x00\x09\x00[0m" 400 -
34.19.127.176 - - [23/Sep/2025 09:05:44] code 400, message Bad request version ('4~\x05\x7f?ñ')
34.19.127.176 - - [23/Sep/2025 09:05:44] "[31m[1m\x16\x03\x01\x01Ë\x01\x00\x01Ç\x03\x03\x0d]ã.MÎ½!L¤\x1f4~\x05\x7f?ñ[0m" 400 -
34.19.127.220 - - [23/Sep/2025 09:05:44] code 400, message Bad request version ('¢')
34.19.127.220 - - [23/Sep/2025 09:05:44] "[31m[1m\x16\x03\x01\x00ù\x01\x00\x00õ\x03\x03hÒbè{o\x90\x7f\x8d\x0c¾\x16\x9e©ë­®F\x19EÍãFÜë\x80ts\x08\x1e¢[0m" 400 -
34.19.127.176 - - [23/Sep/2025 09:05:44] code 400, message Bad HTTP/0.9 request type ("\x16\x03\x01\x01^\x01\x00\x01Z\x03\x03/L\x98\x83'}½Ï|¥-ü.Ý")
34.19.127.176 - - [23/Sep/2025 09:05:44] "[31m[1m\x16\x03\x01\x01^\x01\x00\x01Z\x03\x03/L\x98\x83'}½Ï|¥-ü.Ý\x1e\x1aÁYpc\x1b«\x17\x9aÓoé\x08O·¬)\x00\x00ÂÀ,À0\x00£\x00\x9fÌ©Ì¨ÌªÀ¯À­À£À\x9fÀ]ÀaÀWÀS\x00§À+À/\x00¢\x00\x9eÀ®À¬À¢À\x9eÀ\\À`ÀVÀR\x00¦À$À(\x00k\x00jÀsÀw\x00Ä\x00Ã\x00m\x00ÅÀ#À'\x00g\x00@ÀrÀv\x00¾\x00½\x00l\x00¿À[0m" 400 -
34.19.127.220 - - [23/Sep/2025 09:05:44] code 400, message Bad request version ("ãû\x18¨¢\x00È\x13\x02\x13\x03\x13\x01À,À0\x00£\x00\x9fÌ©Ì¨ÌªÀ¯À\xadÀ£À\x9fÀ]ÀaÀWÀS\x00§À+À/\x00¢\x00\x9eÀ®À¬À¢À\x9eÀ\\À`ÀVÀR\x00¦À$À(\x00k\x00jÀsÀw\x00Ä\x00Ã\x00m\x00ÅÀ#À'\x00g\x00@ÀrÀv\x00¾\x00½\x00l\x00¿À")
34.19.127.220 - - [23/Sep/2025 09:05:44] "[31m[1m\x16\x03\x01\x01Ë\x01\x00\x01Ç\x03\x03\x13QÛ½\x86\x9f\x09=¥<\x09\x13¥Ú\x17Èë\x0f\x93\x8bt&g>ä\x10ÂBM\x01Âm \x13ºA=¨\x11~ùC§+<Ò\\\x99Ü§8j^M¤ÛË½V\x1eãû\x18¨¢\x00È\x13\x02\x13\x03\x13\x01À,À0\x00£\x00\x9fÌ©Ì¨ÌªÀ¯À­À£À\x9fÀ]ÀaÀWÀS\x00§À+À/\x00¢\x00\x9eÀ®À¬À¢À\x9eÀ\\À`ÀVÀR\x00¦À$À(\x00k\x00jÀsÀw\x00Ä\x00Ã\x00m\x00ÅÀ#À'\x00g\x00@ÀrÀv\x00¾\x00½\x00l\x00¿À[0m" 400 -
34.19.127.176 - - [23/Sep/2025 09:05:45] code 400, message Bad request syntax ('\x16\x03\x01\x00®\x01\x00\x00ª\x03\x02¼¢L68\\¥\xadÇ\x92S\x84½ÇsEV_¢7\x1a°K2\x87Zje\x96¿¨õ\x00\x00FÀ')
34.19.127.176 - - [23/Sep/2025 09:05:45] "[31m[1m\x16\x03\x01\x00®\x01\x00\x00ª\x03\x02¼¢L68\\¥­Ç\x92S\x84½ÇsEV_¢7\x1a°K2\x87Zje\x96¿¨õ\x00\x00FÀ[0m" 400 -
34.19.127.220 - - [23/Sep/2025 09:05:45] code 400, message Bad request version ("X\x81Ù}\x00\x00ÂÀ,À0\x00£\x00\x9fÌ©Ì¨ÌªÀ¯À\xadÀ£À\x9fÀ]ÀaÀWÀS\x00§À+À/\x00¢\x00\x9eÀ®À¬À¢À\x9eÀ\\À`ÀVÀR\x00¦À$À(\x00k\x00jÀsÀw\x00Ä\x00Ã\x00m\x00ÅÀ#À'\x00g\x00@ÀrÀv\x00¾\x00½\x00l\x00¿À")
34.19.127.220 - - [23/Sep/2025 09:05:45] "[31m[1m\x16\x03\x01\x01^\x01\x00\x01Z\x03\x03p,QþÇ²üzºó\x1dÑaÖd{\x92³ý:\x8b-e[\x9e\\Õ\x0bX\x81Ù}\x00\x00ÂÀ,À0\x00£\x00\x9fÌ©Ì¨ÌªÀ¯À­À£À\x9fÀ]ÀaÀWÀS\x00§À+À/\x00¢\x00\x9eÀ®À¬À¢À\x9eÀ\\À`ÀVÀR\x00¦À$À(\x00k\x00jÀsÀw\x00Ä\x00Ã\x00m\x00ÅÀ#À'\x00g\x00@ÀrÀv\x00¾\x00½\x00l\x00¿À[0m" 400 -
34.19.127.176 - - [23/Sep/2025 09:05:45] code 400, message Bad HTTP/0.9 request type ('\x16\x03\x01\x00®\x01\x00\x00ª\x03\x01*ÁÊÛ¶:P¨E\x18éz]\x16îi±\x11Q')
34.19.127.176 - - [23/Sep/2025 09:05:45] "[31m[1m\x16\x03\x01\x00®\x01\x00\x00ª\x03\x01*ÁÊÛ¶:P¨E\x18éz]\x16îi±\x11Q\x0d|\x079°6ÃÚ!fG"¤\x00\x00FÀ[0m" 400 -
34.19.127.220 - - [23/Sep/2025 09:05:45] code 400, message Bad HTTP/0.9 request type ('\x16\x03\x01\x00®\x01\x00\x00ª\x03\x02à\x91D|¦X\x11úUºNj\x03\x94ìß`.£\x9fãêzéô\x97X')
34.19.127.220 - - [23/Sep/2025 09:05:45] "[31m[1m\x16\x03\x01\x00®\x01\x00\x00ª\x03\x02à\x91D|¦X\x11úUºNj\x03\x94ìß`.£\x9fãêzéô\x97X\x1c\x93uZ³\x00\x00FÀ[0m" 400 -
34.19.127.220 - - [23/Sep/2025 09:05:46] code 400, message Bad HTTP/0.9 request type ('\x16\x03\x01\x00®\x01\x00\x00ª\x03\x01«\x8bóÆÙÑlxÒ\x061ýÂ\x84v\x97ØÚ')
34.19.127.220 - - [23/Sep/2025 09:05:46] "[31m[1m\x16\x03\x01\x00®\x01\x00\x00ª\x03\x01«\x8bóÆÙÑlxÒ\x061ýÂ\x84v\x97ØÚ\x85£AíÊY\x18Hz\x83Ãà¬°\x00\x00FÀ[0m" 400 -
138.197.103.91 - - [23/Sep/2025 09:09:59] "GET / HTTP/1.1" 200 -
138.197.103.91 - - [23/Sep/2025 09:10:00] "[33mGET /favicon.ico HTTP/1.1[0m" 404 -
2025-09-23 10:29:52.986 Uncaught app execution
Traceback (most recent call last):
  File "/home/ec2-user/.local/lib/python3.11/site-packages/sqlalchemy/engine/base.py", line 1967, in _exec_single_context
    self.dialect.do_execute(
  File "/home/ec2-user/.local/lib/python3.11/site-packages/sqlalchemy/engine/default.py", line 951, in do_execute
    cursor.execute(statement, parameters)
pyodbc.ProgrammingError: ('42000', "[42000] [Microsoft][ODBC Driver 17 for SQL Server][SQL Server]Incorrect syntax near the keyword 'Group'. (156) (SQLExecDirectW)")

The above exception was the direct cause of the following exception:

Traceback (most recent call last):
  File "/home/ec2-user/.local/lib/python3.11/site-packages/streamlit/runtime/scriptrunner/exec_code.py", line 128, in exec_func_with_error_handling
    result = func()
             ^^^^^^
  File "/home/ec2-user/.local/lib/python3.11/site-packages/streamlit/runtime/scriptrunner/script_runner.py", line 669, in code_to_exec
    exec(code, module.__dict__)  # noqa: S102
    ^^^^^^^^^^^^^^^^^^^^^^^^^^^
  File "/home/ec2-user/NEW_REPO_DATAGENIE/Back_test.py", line 450, in <module>
    df = pd.read_sql(query, engine)
         ^^^^^^^^^^^^^^^^^^^^^^^^^^
  File "/home/ec2-user/.local/lib/python3.11/site-packages/pandas/io/sql.py", line 736, in read_sql
    return pandas_sql.read_query(
           ^^^^^^^^^^^^^^^^^^^^^^
  File "/home/ec2-user/.local/lib/python3.11/site-packages/pandas/io/sql.py", line 1848, in read_query
    result = self.execute(sql, params)
             ^^^^^^^^^^^^^^^^^^^^^^^^^
  File "/home/ec2-user/.local/lib/python3.11/site-packages/pandas/io/sql.py", line 1671, in execute
    return self.con.exec_driver_sql(sql, *args)
           ^^^^^^^^^^^^^^^^^^^^^^^^^^^^^^^^^^^^
  File "/home/ec2-user/.local/lib/python3.11/site-packages/sqlalchemy/engine/base.py", line 1779, in exec_driver_sql
    ret = self._execute_context(
          ^^^^^^^^^^^^^^^^^^^^^^
  File "/home/ec2-user/.local/lib/python3.11/site-packages/sqlalchemy/engine/base.py", line 1846, in _execute_context
    return self._exec_single_context(
           ^^^^^^^^^^^^^^^^^^^^^^^^^^
  File "/home/ec2-user/.local/lib/python3.11/site-packages/sqlalchemy/engine/base.py", line 1986, in _exec_single_context
    self._handle_dbapi_exception(
  File "/home/ec2-user/.local/lib/python3.11/site-packages/sqlalchemy/engine/base.py", line 2355, in _handle_dbapi_exception
    raise sqlalchemy_exception.with_traceback(exc_info[2]) from e
  File "/home/ec2-user/.local/lib/python3.11/site-packages/sqlalchemy/engine/base.py", line 1967, in _exec_single_context
    self.dialect.do_execute(
  File "/home/ec2-user/.local/lib/python3.11/site-packages/sqlalchemy/engine/default.py", line 951, in do_execute
    cursor.execute(statement, parameters)
sqlalchemy.exc.ProgrammingError: (pyodbc.ProgrammingError) ('42000', "[42000] [Microsoft][ODBC Driver 17 for SQL Server][SQL Server]Incorrect syntax near the keyword 'Group'. (156) (SQLExecDirectW)")
[SQL: SELECT
    AdventureWorks2022.Sales.SalesTerritory.Group,
    SUM(CASE WHEN DATEPART(QUARTER, AdventureWorks2022.Sales.SalesOrderHeader.OrderDate) = 2 THEN AdventureWorks2022.Sales.SalesOrderDetail.LineTotal ELSE 0 END) AS Q2Sales,
    SUM(CASE WHEN DATEPART(QUARTER, AdventureWorks2022.Sales.SalesOrderHeader.OrderDate) = 3 THEN AdventureWorks2022.Sales.SalesOrderDetail.LineTotal ELSE 0 END) AS Q3Sales
FROM
    AdventureWorks2022.Sales.SalesOrderHeader
INNER JOIN
    AdventureWorks2022.Sales.SalesOrderDetail ON AdventureWorks2022.Sales.SalesOrderHeader.SalesOrderID = AdventureWorks2022.Sales.SalesOrderDetail.SalesOrderID
INNER JOIN
    AdventureWorks2022.Sales.SalesTerritory ON AdventureWorks2022.Sales.SalesOrderHeader.TerritoryID = AdventureWorks2022.Sales.SalesTerritory.TerritoryID
WHERE
    YEAR(AdventureWorks2022.Sales.SalesOrderHeader.OrderDate) = 2013
GROUP BY
    AdventureWorks2022.Sales.SalesTerritory.Group
ORDER BY
    AdventureWorks2022.Sales.SalesTerritory.Group;]
(Background on this error at: https://sqlalche.me/e/20/f405)
2025-09-23 10:30:10.958 Uncaught app execution
Traceback (most recent call last):
  File "/home/ec2-user/.local/lib/python3.11/site-packages/sqlalchemy/engine/base.py", line 1967, in _exec_single_context
    self.dialect.do_execute(
  File "/home/ec2-user/.local/lib/python3.11/site-packages/sqlalchemy/engine/default.py", line 951, in do_execute
    cursor.execute(statement, parameters)
pyodbc.ProgrammingError: ('42000', "[42000] [Microsoft][ODBC Driver 17 for SQL Server][SQL Server]Incorrect syntax near the keyword 'Group'. (156) (SQLExecDirectW)")

The above exception was the direct cause of the following exception:

Traceback (most recent call last):
  File "/home/ec2-user/.local/lib/python3.11/site-packages/streamlit/runtime/scriptrunner/exec_code.py", line 128, in exec_func_with_error_handling
    result = func()
             ^^^^^^
  File "/home/ec2-user/.local/lib/python3.11/site-packages/streamlit/runtime/scriptrunner/script_runner.py", line 669, in code_to_exec
    exec(code, module.__dict__)  # noqa: S102
    ^^^^^^^^^^^^^^^^^^^^^^^^^^^
  File "/home/ec2-user/NEW_REPO_DATAGENIE/Back_test.py", line 450, in <module>
    df = pd.read_sql(query, engine)
         ^^^^^^^^^^^^^^^^^^^^^^^^^^
  File "/home/ec2-user/.local/lib/python3.11/site-packages/pandas/io/sql.py", line 736, in read_sql
    return pandas_sql.read_query(
           ^^^^^^^^^^^^^^^^^^^^^^
  File "/home/ec2-user/.local/lib/python3.11/site-packages/pandas/io/sql.py", line 1848, in read_query
    result = self.execute(sql, params)
             ^^^^^^^^^^^^^^^^^^^^^^^^^
  File "/home/ec2-user/.local/lib/python3.11/site-packages/pandas/io/sql.py", line 1671, in execute
    return self.con.exec_driver_sql(sql, *args)
           ^^^^^^^^^^^^^^^^^^^^^^^^^^^^^^^^^^^^
  File "/home/ec2-user/.local/lib/python3.11/site-packages/sqlalchemy/engine/base.py", line 1779, in exec_driver_sql
    ret = self._execute_context(
          ^^^^^^^^^^^^^^^^^^^^^^
  File "/home/ec2-user/.local/lib/python3.11/site-packages/sqlalchemy/engine/base.py", line 1846, in _execute_context
    return self._exec_single_context(
           ^^^^^^^^^^^^^^^^^^^^^^^^^^
  File "/home/ec2-user/.local/lib/python3.11/site-packages/sqlalchemy/engine/base.py", line 1986, in _exec_single_context
    self._handle_dbapi_exception(
  File "/home/ec2-user/.local/lib/python3.11/site-packages/sqlalchemy/engine/base.py", line 2355, in _handle_dbapi_exception
    raise sqlalchemy_exception.with_traceback(exc_info[2]) from e
  File "/home/ec2-user/.local/lib/python3.11/site-packages/sqlalchemy/engine/base.py", line 1967, in _exec_single_context
    self.dialect.do_execute(
  File "/home/ec2-user/.local/lib/python3.11/site-packages/sqlalchemy/engine/default.py", line 951, in do_execute
    cursor.execute(statement, parameters)
sqlalchemy.exc.ProgrammingError: (pyodbc.ProgrammingError) ('42000', "[42000] [Microsoft][ODBC Driver 17 for SQL Server][SQL Server]Incorrect syntax near the keyword 'Group'. (156) (SQLExecDirectW)")
[SQL: SELECT
    AdventureWorks2022.Sales.SalesTerritory.Group,
    SUM(CASE WHEN DATEPART(QUARTER, AdventureWorks2022.Sales.SalesOrderHeader.OrderDate) = 3 THEN AdventureWorks2022.Sales.SalesOrderDetail.LineTotal ELSE 0 END) AS Q3Sales,
    SUM(CASE WHEN DATEPART(QUARTER, AdventureWorks2022.Sales.SalesOrderHeader.OrderDate) = 4 THEN AdventureWorks2022.Sales.SalesOrderDetail.LineTotal ELSE 0 END) AS Q4Sales
FROM
    AdventureWorks2022.Sales.SalesOrderHeader
INNER JOIN
    AdventureWorks2022.Sales.SalesOrderDetail ON AdventureWorks2022.Sales.SalesOrderHeader.SalesOrderID = AdventureWorks2022.Sales.SalesOrderDetail.SalesOrderID
INNER JOIN
    AdventureWorks2022.Sales.SalesTerritory ON AdventureWorks2022.Sales.SalesOrderHeader.TerritoryID = AdventureWorks2022.Sales.SalesTerritory.TerritoryID
WHERE
    YEAR(AdventureWorks2022.Sales.SalesOrderHeader.OrderDate) = 2013
GROUP BY
    AdventureWorks2022.Sales.SalesTerritory.Group;]
(Background on this error at: https://sqlalche.me/e/20/f405)

Query
sql query: ```sql
-- SSMS Query Start
SELECT
    AdventureWorks2022.Sales.SalesTerritory.SalesYTD,
    AdventureWorks2022.Sales.SalesTerritory.Name
FROM AdventureWorks2022.Sales.SalesTerritory
WHERE
    AdventureWorks2022.Sales.SalesTerritory.ModifiedDate BETWEEN DATEADD(quarter, -2, GETDATE()) AND GETDATE() and YEAR(AdventureWorks2022.Sales.SalesTerritory.ModifiedDate) = 2013

```
query: SELECT
    AdventureWorks2022.Sales.SalesTerritory.SalesYTD,
    AdventureWorks2022.Sales.SalesTerritory.Name
FROM AdventureWorks2022.Sales.SalesTerritory
WHERE
    AdventureWorks2022.Sales.SalesTerritory.ModifiedDate BETWEEN DATEADD(quarter, -2, GETDATE()) AND GETDATE() and YEAR(AdventureWorks2022.Sales.SalesTerritory.ModifiedDate) = 2013
Query
sql query: ```sql
-- SSMS Query Start
SELECT
    AdventureWorks2022.Sales.SalesTerritory.Group,
    SUM(CASE WHEN DATEPART(QUARTER, AdventureWorks2022.Sales.SalesOrderHeader.OrderDate) = 2 THEN AdventureWorks2022.Sales.SalesOrderDetail.LineTotal ELSE 0 END) AS Q2Sales,
    SUM(CASE WHEN DATEPART(QUARTER, AdventureWorks2022.Sales.SalesOrderHeader.OrderDate) = 3 THEN AdventureWorks2022.Sales.SalesOrderDetail.LineTotal ELSE 0 END) AS Q3Sales
FROM
    AdventureWorks2022.Sales.SalesOrderHeader
INNER JOIN
    AdventureWorks2022.Sales.SalesOrderDetail ON AdventureWorks2022.Sales.SalesOrderHeader.SalesOrderID = AdventureWorks2022.Sales.SalesOrderDetail.SalesOrderID
INNER JOIN
    AdventureWorks2022.Sales.SalesTerritory ON AdventureWorks2022.Sales.SalesOrderHeader.TerritoryID = AdventureWorks2022.Sales.SalesTerritory.TerritoryID
WHERE
    YEAR(AdventureWorks2022.Sales.SalesOrderHeader.OrderDate) = 2013
GROUP BY
    AdventureWorks2022.Sales.SalesTerritory.Group
ORDER BY
    AdventureWorks2022.Sales.SalesTerritory.Group;
```
query: SELECT
    AdventureWorks2022.Sales.SalesTerritory.Group,
    SUM(CASE WHEN DATEPART(QUARTER, AdventureWorks2022.Sales.SalesOrderHeader.OrderDate) = 2 THEN AdventureWorks2022.Sales.SalesOrderDetail.LineTotal ELSE 0 END) AS Q2Sales,
    SUM(CASE WHEN DATEPART(QUARTER, AdventureWorks2022.Sales.SalesOrderHeader.OrderDate) = 3 THEN AdventureWorks2022.Sales.SalesOrderDetail.LineTotal ELSE 0 END) AS Q3Sales
FROM
    AdventureWorks2022.Sales.SalesOrderHeader
INNER JOIN
    AdventureWorks2022.Sales.SalesOrderDetail ON AdventureWorks2022.Sales.SalesOrderHeader.SalesOrderID = AdventureWorks2022.Sales.SalesOrderDetail.SalesOrderID
INNER JOIN
    AdventureWorks2022.Sales.SalesTerritory ON AdventureWorks2022.Sales.SalesOrderHeader.TerritoryID = AdventureWorks2022.Sales.SalesTerritory.TerritoryID
WHERE
    YEAR(AdventureWorks2022.Sales.SalesOrderHeader.OrderDate) = 2013
GROUP BY
    AdventureWorks2022.Sales.SalesTerritory.Group
ORDER BY
    AdventureWorks2022.Sales.SalesTerritory.Group;
Query
sql query: ```sql
-- SSMS Query Start
SELECT
    AdventureWorks2022.Sales.SalesTerritory.Group,
    SUM(CASE WHEN DATEPART(QUARTER, AdventureWorks2022.Sales.SalesOrderHeader.OrderDate) = 3 THEN AdventureWorks2022.Sales.SalesOrderDetail.LineTotal ELSE 0 END) AS Q3Sales,
    SUM(CASE WHEN DATEPART(QUARTER, AdventureWorks2022.Sales.SalesOrderHeader.OrderDate) = 4 THEN AdventureWorks2022.Sales.SalesOrderDetail.LineTotal ELSE 0 END) AS Q4Sales
FROM
    AdventureWorks2022.Sales.SalesOrderHeader
INNER JOIN
    AdventureWorks2022.Sales.SalesOrderDetail ON AdventureWorks2022.Sales.SalesOrderHeader.SalesOrderID = AdventureWorks2022.Sales.SalesOrderDetail.SalesOrderID
INNER JOIN
    AdventureWorks2022.Sales.SalesTerritory ON AdventureWorks2022.Sales.SalesOrderHeader.TerritoryID = AdventureWorks2022.Sales.SalesTerritory.TerritoryID
WHERE
    YEAR(AdventureWorks2022.Sales.SalesOrderHeader.OrderDate) = 2013
GROUP BY
    AdventureWorks2022.Sales.SalesTerritory.Group;
```
query: SELECT
    AdventureWorks2022.Sales.SalesTerritory.Group,
    SUM(CASE WHEN DATEPART(QUARTER, AdventureWorks2022.Sales.SalesOrderHeader.OrderDate) = 3 THEN AdventureWorks2022.Sales.SalesOrderDetail.LineTotal ELSE 0 END) AS Q3Sales,
    SUM(CASE WHEN DATEPART(QUARTER, AdventureWorks2022.Sales.SalesOrderHeader.OrderDate) = 4 THEN AdventureWorks2022.Sales.SalesOrderDetail.LineTotal ELSE 0 END) AS Q4Sales
FROM
    AdventureWorks2022.Sales.SalesOrderHeader
INNER JOIN
    AdventureWorks2022.Sales.SalesOrderDetail ON AdventureWorks2022.Sales.SalesOrderHeader.SalesOrderID = AdventureWorks2022.Sales.SalesOrderDetail.SalesOrderID
INNER JOIN
    AdventureWorks2022.Sales.SalesTerritory ON AdventureWorks2022.Sales.SalesOrderHeader.TerritoryID = AdventureWorks2022.Sales.SalesTerritory.TerritoryID
WHERE
    YEAR(AdventureWorks2022.Sales.SalesOrderHeader.OrderDate) = 2013
GROUP BY
    AdventureWorks2022.Sales.SalesTerritory.Group;
Query
sql query: ```sql
-- SSMS Query Start
SELECT
    AdventureWorks2022.Sales.SalesOrderHeader.TerritoryID,
    SUM(AdventureWorks2022.Sales.SalesOrderDetail.LineTotal) as TotalSalesQ3,
    'Q3' AS Quarter
FROM AdventureWorks2022.Sales.SalesOrderHeader
INNER JOIN AdventureWorks2022.Sales.SalesOrderDetail
ON AdventureWorks2022.Sales.SalesOrderHeader.SalesOrderID = AdventureWorks2022.Sales.SalesOrderDetail.SalesOrderID
where AdventureWorks2022.Sales.SalesOrderHeader.OrderDate >= '2013-07-01' and AdventureWorks2022.Sales.SalesOrderHeader.OrderDate < '2013-10-01'
GROUP BY AdventureWorks2022.Sales.SalesOrderHeader.TerritoryID

UNION

SELECT
    AdventureWorks2022.Sales.SalesOrderHeader.TerritoryID,
    SUM(AdventureWorks2022.Sales.SalesOrderDetail.LineTotal) as TotalSalesQ4,
    'Q4' AS Quarter
FROM AdventureWorks2022.Sales.SalesOrderHeader
INNER JOIN AdventureWorks2022.Sales.SalesOrderDetail
ON AdventureWorks2022.Sales.SalesOrderHeader.SalesOrderID = AdventureWorks2022.Sales.SalesOrderDetail.SalesOrderID
where AdventureWorks2022.Sales.SalesOrderHeader.OrderDate >= '2013-10-01' and AdventureWorks2022.Sales.SalesOrderHeader.OrderDate < '2014-01-01'
GROUP BY AdventureWorks2022.Sales.SalesOrderHeader.TerritoryID
ORDER BY Quarter
```

query: SELECT
    AdventureWorks2022.Sales.SalesOrderHeader.TerritoryID,
    SUM(AdventureWorks2022.Sales.SalesOrderDetail.LineTotal) as TotalSalesQ3,
    'Q3' AS Quarter
FROM AdventureWorks2022.Sales.SalesOrderHeader
INNER JOIN AdventureWorks2022.Sales.SalesOrderDetail
ON AdventureWorks2022.Sales.SalesOrderHeader.SalesOrderID = AdventureWorks2022.Sales.SalesOrderDetail.SalesOrderID
where AdventureWorks2022.Sales.SalesOrderHeader.OrderDate >= '2013-07-01' and AdventureWorks2022.Sales.SalesOrderHeader.OrderDate < '2013-10-01'
GROUP BY AdventureWorks2022.Sales.SalesOrderHeader.TerritoryID

UNION

SELECT
    AdventureWorks2022.Sales.SalesOrderHeader.TerritoryID,
    SUM(AdventureWorks2022.Sales.SalesOrderDetail.LineTotal) as TotalSalesQ4,
    'Q4' AS Quarter
FROM AdventureWorks2022.Sales.SalesOrderHeader
INNER JOIN AdventureWorks2022.Sales.SalesOrderDetail
ON AdventureWorks2022.Sales.SalesOrderHeader.SalesOrderID = AdventureWorks2022.Sales.SalesOrderDetail.SalesOrderID
where AdventureWorks2022.Sales.SalesOrderHeader.OrderDate >= '2013-10-01' and AdventureWorks2022.Sales.SalesOrderHeader.OrderDate < '2014-01-01'
GROUP BY AdventureWorks2022.Sales.SalesOrderHeader.TerritoryID
ORDER BY Quarter
Query
sql query: ```sql
-- SSMS Query Start
SELECT
    SOH.AdventureWorks2022.Sales.SalesOrderHeader.TerritoryID,
    ST.AdventureWorks2022.Sales.SalesTerritory.Name AS TerritoryName,
    SUM(SOD.AdventureWorks2022.Sales.SalesOrderDetail.LineTotal) as TotalSalesQ3,
    'Q3' AS Quarter
FROM AdventureWorks2022.Sales.SalesOrderHeader AS SOH
INNER JOIN AdventureWorks2022.Sales.SalesOrderDetail AS SOD
ON SOH.AdventureWorks2022.Sales.SalesOrderHeader.SalesOrderID = SOD.AdventureWorks2022.Sales.SalesOrderDetail.SalesOrderID
INNER JOIN AdventureWorks2022.Sales.SalesTerritory AS ST
ON SOH.AdventureWorks2022.Sales.SalesOrderHeader.TerritoryID = ST.AdventureWorks2022.Sales.SalesTerritory.TerritoryID
where SOH.AdventureWorks2022.Sales.SalesOrderHeader.OrderDate >= '2013-07-01' and SOH.AdventureWorks2022.Sales.SalesOrderHeader.OrderDate < '2013-10-01'
GROUP BY SOH.AdventureWorks2022.Sales.SalesOrderHeader.TerritoryID, ST.AdventureWorks2022.Sales.SalesTerritory.Name

UNION

SELECT
    SOH.AdventureWorks2022.Sales.SalesOrderHeader.TerritoryID,
    ST.AdventureWorks2022.Sales.SalesTerritory.Name AS TerritoryName,
    SUM(SOD.AdventureWorks2022.Sales.SalesOrderDetail.LineTotal) as TotalSalesQ4,
    'Q4' AS Quarter
FROM AdventureWorks2022.Sales.SalesOrderHeader AS SOH
INNER JOIN AdventureWorks2022.Sales.SalesOrderDetail AS SOD
ON SOH.AdventureWorks2022.Sales.SalesOrderHeader.SalesOrderID = SOD.AdventureWorks2022.Sales.SalesOrderDetail.SalesOrderID
INNER JOIN AdventureWorks2022.Sales.SalesTerritory AS ST
ON SOH.AdventureWorks2022.Sales.SalesOrderHeader.TerritoryID = ST.AdventureWorks2022.Sales.SalesTerritory.TerritoryID
where SOH.AdventureWorks2022.Sales.SalesOrderHeader.OrderDate >= '2013-10-01' and SOH.AdventureWorks2022.Sales.SalesOrderHeader.OrderDate < '2014-01-01'
GROUP BY SOH.AdventureWorks2022.Sales.SalesOrderHeader.TerritoryID, ST.AdventureWorks2022.Sales.SalesTerritory.Name
ORDER BY Quarter
```2025-09-23 10:31:11.994 Uncaught app execution
Traceback (most recent call last):
  File "/home/ec2-user/.local/lib/python3.11/site-packages/sqlalchemy/engine/base.py", line 1967, in _exec_single_context
    self.dialect.do_execute(
  File "/home/ec2-user/.local/lib/python3.11/site-packages/sqlalchemy/engine/default.py", line 951, in do_execute
    cursor.execute(statement, parameters)
pyodbc.ProgrammingError: ('42S22', "[42S22] [Microsoft][ODBC Driver 17 for SQL Server][SQL Server]Invalid column name 'AdventureWorks2022'. (207) (SQLExecDirectW)")

The above exception was the direct cause of the following exception:

Traceback (most recent call last):
  File "/home/ec2-user/.local/lib/python3.11/site-packages/streamlit/runtime/scriptrunner/exec_code.py", line 128, in exec_func_with_error_handling
    result = func()
             ^^^^^^
  File "/home/ec2-user/.local/lib/python3.11/site-packages/streamlit/runtime/scriptrunner/script_runner.py", line 669, in code_to_exec
    exec(code, module.__dict__)  # noqa: S102
    ^^^^^^^^^^^^^^^^^^^^^^^^^^^
  File "/home/ec2-user/NEW_REPO_DATAGENIE/Back_test.py", line 450, in <module>
    df = pd.read_sql(query, engine)
         ^^^^^^^^^^^^^^^^^^^^^^^^^^
  File "/home/ec2-user/.local/lib/python3.11/site-packages/pandas/io/sql.py", line 736, in read_sql
    return pandas_sql.read_query(
           ^^^^^^^^^^^^^^^^^^^^^^
  File "/home/ec2-user/.local/lib/python3.11/site-packages/pandas/io/sql.py", line 1848, in read_query
    result = self.execute(sql, params)
             ^^^^^^^^^^^^^^^^^^^^^^^^^
  File "/home/ec2-user/.local/lib/python3.11/site-packages/pandas/io/sql.py", line 1671, in execute
    return self.con.exec_driver_sql(sql, *args)
           ^^^^^^^^^^^^^^^^^^^^^^^^^^^^^^^^^^^^
  File "/home/ec2-user/.local/lib/python3.11/site-packages/sqlalchemy/engine/base.py", line 1779, in exec_driver_sql
    ret = self._execute_context(
          ^^^^^^^^^^^^^^^^^^^^^^
  File "/home/ec2-user/.local/lib/python3.11/site-packages/sqlalchemy/engine/base.py", line 1846, in _execute_context
    return self._exec_single_context(
           ^^^^^^^^^^^^^^^^^^^^^^^^^^
  File "/home/ec2-user/.local/lib/python3.11/site-packages/sqlalchemy/engine/base.py", line 1986, in _exec_single_context
    self._handle_dbapi_exception(
  File "/home/ec2-user/.local/lib/python3.11/site-packages/sqlalchemy/engine/base.py", line 2355, in _handle_dbapi_exception
    raise sqlalchemy_exception.with_traceback(exc_info[2]) from e
  File "/home/ec2-user/.local/lib/python3.11/site-packages/sqlalchemy/engine/base.py", line 1967, in _exec_single_context
    self.dialect.do_execute(
  File "/home/ec2-user/.local/lib/python3.11/site-packages/sqlalchemy/engine/default.py", line 951, in do_execute
    cursor.execute(statement, parameters)
sqlalchemy.exc.ProgrammingError: (pyodbc.ProgrammingError) ('42S22', "[42S22] [Microsoft][ODBC Driver 17 for SQL Server][SQL Server]Invalid column name 'AdventureWorks2022'. (207) (SQLExecDirectW)")
[SQL: SELECT
    SOH.AdventureWorks2022.Sales.SalesOrderHeader.TerritoryID,
    ST.AdventureWorks2022.Sales.SalesTerritory.Name AS TerritoryName,
    SUM(SOD.AdventureWorks2022.Sales.SalesOrderDetail.LineTotal) as TotalSalesQ3,
    'Q3' AS Quarter
FROM AdventureWorks2022.Sales.SalesOrderHeader AS SOH
INNER JOIN AdventureWorks2022.Sales.SalesOrderDetail AS SOD
ON SOH.AdventureWorks2022.Sales.SalesOrderHeader.SalesOrderID = SOD.AdventureWorks2022.Sales.SalesOrderDetail.SalesOrderID
INNER JOIN AdventureWorks2022.Sales.SalesTerritory AS ST
ON SOH.AdventureWorks2022.Sales.SalesOrderHeader.TerritoryID = ST.AdventureWorks2022.Sales.SalesTerritory.TerritoryID
where SOH.AdventureWorks2022.Sales.SalesOrderHeader.OrderDate >= '2013-07-01' and SOH.AdventureWorks2022.Sales.SalesOrderHeader.OrderDate < '2013-10-01'
GROUP BY SOH.AdventureWorks2022.Sales.SalesOrderHeader.TerritoryID, ST.AdventureWorks2022.Sales.SalesTerritory.Name

UNION

SELECT
    SOH.AdventureWorks2022.Sales.SalesOrderHeader.TerritoryID,
    ST.AdventureWorks2022.Sales.SalesTerritory.Name AS TerritoryName,
    SUM(SOD.AdventureWorks2022.Sales.SalesOrderDetail.LineTotal) as TotalSalesQ4,
    'Q4' AS Quarter
FROM AdventureWorks2022.Sales.SalesOrderHeader AS SOH
INNER JOIN AdventureWorks2022.Sales.SalesOrderDetail AS SOD
ON SOH.AdventureWorks2022.Sales.SalesOrderHeader.SalesOrderID = SOD.AdventureWorks2022.Sales.SalesOrderDetail.SalesOrderID
INNER JOIN AdventureWorks2022.Sales.SalesTerritory AS ST
ON SOH.AdventureWorks2022.Sales.SalesOrderHeader.TerritoryID = ST.AdventureWorks2022.Sales.SalesTerritory.TerritoryID
where SOH.AdventureWorks2022.Sales.SalesOrderHeader.OrderDate >= '2013-10-01' and SOH.AdventureWorks2022.Sales.SalesOrderHeader.OrderDate < '2014-01-01'
GROUP BY SOH.AdventureWorks2022.Sales.SalesOrderHeader.TerritoryID, ST.AdventureWorks2022.Sales.SalesTerritory.Name
ORDER BY Quarter]
(Background on this error at: https://sqlalche.me/e/20/f405)

query: SELECT
    SOH.AdventureWorks2022.Sales.SalesOrderHeader.TerritoryID,
    ST.AdventureWorks2022.Sales.SalesTerritory.Name AS TerritoryName,
    SUM(SOD.AdventureWorks2022.Sales.SalesOrderDetail.LineTotal) as TotalSalesQ3,
    'Q3' AS Quarter
FROM AdventureWorks2022.Sales.SalesOrderHeader AS SOH
INNER JOIN AdventureWorks2022.Sales.SalesOrderDetail AS SOD
ON SOH.AdventureWorks2022.Sales.SalesOrderHeader.SalesOrderID = SOD.AdventureWorks2022.Sales.SalesOrderDetail.SalesOrderID
INNER JOIN AdventureWorks2022.Sales.SalesTerritory AS ST
ON SOH.AdventureWorks2022.Sales.SalesOrderHeader.TerritoryID = ST.AdventureWorks2022.Sales.SalesTerritory.TerritoryID
where SOH.AdventureWorks2022.Sales.SalesOrderHeader.OrderDate >= '2013-07-01' and SOH.AdventureWorks2022.Sales.SalesOrderHeader.OrderDate < '2013-10-01'
GROUP BY SOH.AdventureWorks2022.Sales.SalesOrderHeader.TerritoryID, ST.AdventureWorks2022.Sales.SalesTerritory.Name

UNION

SELECT
    SOH.AdventureWorks2022.Sales.SalesOrderHeader.TerritoryID,
    ST.AdventureWorks2022.Sales.SalesTerritory.Name AS TerritoryName,
    SUM(SOD.AdventureWorks2022.Sales.SalesOrderDetail.LineTotal) as TotalSalesQ4,
    'Q4' AS Quarter
FROM AdventureWorks2022.Sales.SalesOrderHeader AS SOH
INNER JOIN AdventureWorks2022.Sales.SalesOrderDetail AS SOD
ON SOH.AdventureWorks2022.Sales.SalesOrderHeader.SalesOrderID = SOD.AdventureWorks2022.Sales.SalesOrderDetail.SalesOrderID
INNER JOIN AdventureWorks2022.Sales.SalesTerritory AS ST
ON SOH.AdventureWorks2022.Sales.SalesOrderHeader.TerritoryID = ST.AdventureWorks2022.Sales.SalesTerritory.TerritoryID
where SOH.AdventureWorks2022.Sales.SalesOrderHeader.OrderDate >= '2013-10-01' and SOH.AdventureWorks2022.Sales.SalesOrderHeader.OrderDate < '2014-01-01'
GROUP BY SOH.AdventureWorks2022.Sales.SalesOrderHeader.TerritoryID, ST.AdventureWorks2022.Sales.SalesTerritory.Name
ORDER BY Quarter
Query
sql query: ```sql
-- SSMS Query Start
SELECT AdventureWorks2022.Sales.SalesTerritory.Name FROM AdventureWorks2022.Sales.SalesTerritory
```
query: SELECT AdventureWorks2022.Sales.SalesTerritory.Name FROM AdventureWorks2022.Sales.SalesTerritory
Query
sql query: ```sql
-- SSMS Query Start
SELECT AdventureWorks2022.Sales.SalesTerritory.Name,
SUM(CASE WHEN DATEPART(QUARTER, AdventureWorks2022.Sales.SalesOrderHeader.OrderDate) = 1 THEN AdventureWorks2022.Sales.SalesOrderDetail.LineTotal ELSE 0 END) AS Q1Sales,
SUM(CASE WHEN DATEPART(QUARTER, AdventureWorks2022.Sales.SalesOrderHeader.OrderDate) = 2 THEN AdventureWorks2022.Sales.SalesOrderDetail.LineTotal ELSE 0 END) AS Q2Sales,
SUM(CASE WHEN DATEPART(QUARTER, AdventureWorks2022.Sales.SalesOrderHeader.OrderDate) = 3 THEN AdventureWorks2022.Sales.SalesOrderDetail.LineTotal ELSE 0 END) AS Q3Sales,
SUM(CASE WHEN DATEPART(QUARTER, AdventureWorks2022.Sales.SalesOrderHeader.OrderDate) = 4 THEN AdventureWorks2022.Sales.SalesOrderDetail.LineTotal ELSE 0 END) AS Q4Sales
FROM AdventureWorks2022.Sales.SalesOrderHeader
INNER JOIN AdventureWorks2022.Sales.SalesOrderDetail ON AdventureWorks2022.Sales.SalesOrderHeader.SalesOrderID = AdventureWorks2022.Sales.SalesOrderDetail.SalesOrderID
INNER JOIN AdventureWorks2022.Sales.SalesTerritory ON AdventureWorks2022.Sales.SalesOrderHeader.TerritoryID = AdventureWorks2022.Sales.SalesTerritory.TerritoryID
WHERE YEAR(AdventureWorks2022.Sales.SalesOrderHeader.OrderDate) = 2013
GROUP BY AdventureWorks2022.Sales.SalesTerritory.Name
ORDER BY AdventureWorks2022.Sales.SalesTerritory.Name;
```

query: SELECT AdventureWorks2022.Sales.SalesTerritory.Name,
SUM(CASE WHEN DATEPART(QUARTER, AdventureWorks2022.Sales.SalesOrderHeader.OrderDate) = 1 THEN AdventureWorks2022.Sales.SalesOrderDetail.LineTotal ELSE 0 END) AS Q1Sales,
SUM(CASE WHEN DATEPART(QUARTER, AdventureWorks2022.Sales.SalesOrderHeader.OrderDate) = 2 THEN AdventureWorks2022.Sales.SalesOrderDetail.LineTotal ELSE 0 END) AS Q2Sales,
SUM(CASE WHEN DATEPART(QUARTER, AdventureWorks2022.Sales.SalesOrderHeader.OrderDate) = 3 THEN AdventureWorks2022.Sales.SalesOrderDetail.LineTotal ELSE 0 END) AS Q3Sales,
SUM(CASE WHEN DATEPART(QUARTER, AdventureWorks2022.Sales.SalesOrderHeader.OrderDate) = 4 THEN AdventureWorks2022.Sales.SalesOrderDetail.LineTotal ELSE 0 END) AS Q4Sales
FROM AdventureWorks2022.Sales.SalesOrderHeader
INNER JOIN AdventureWorks2022.Sales.SalesOrderDetail ON AdventureWorks2022.Sales.SalesOrderHeader.SalesOrderID = AdventureWorks2022.Sales.SalesOrderDetail.SalesOrderID
INNER JOIN AdventureWorks2022.Sales.SalesTerritory ON AdventureWorks2022.Sales.SalesOrderHeader.TerritoryID = AdventureWorks2022.Sales.SalesTerritory.TerritoryID
WHERE YEAR(AdventureWorks2022.Sales.SalesOrderHeader.OrderDate) = 2013
GROUP BY AdventureWorks2022.Sales.SalesTerritory.Name
ORDER BY AdventureWorks2022.Sales.SalesTerritory.Name;
chart code :  ```python
import plotly.express as px
import pandas as pd

# Assuming df is already defined and populated

# Drop rows with NaN or blank strings in the specified columns
df = df.dropna(subset=['Q1Sales', 'Q2Sales', 'Name'])
df = df[df['Name'].astype(str).str.strip() != '']

fig = px.bar(df, x=['Q1Sales', 'Q2Sales'], y='Name', barmode='group')
fig.show()

```
  Stopping...
DataGenie Running on http://13.202.180.165:5000
sql1
13.202.180.165
cursror connected
Flask Server Is Starting...
 * Serving Flask app 'login'
 * Debug mode: on
[31m[1mWARNING: This is a development server. Do not use it in a production deployment. Use a production WSGI server instead.[0m
 * Running on all addresses (0.0.0.0)
 * Running on http://127.0.0.1:5000
 * Running on http://172.31.13.254:5000
[33mPress CTRL+C to quit[0m
 * Restarting with watchdog (inotify)
 * Debugger is active!
 * Debugger PIN: 102-189-630
103.27.49.70 - - [03/Oct/2025 05:04:39] "[32mPOST /login HTTP/1.1[0m" 302 -

Collecting usage statistics. To deactivate, set browser.gatherUsageStats to false.


  You can now view your Streamlit app in your browser.

  URL: http://0.0.0.0:8501

152.59.33.46 - - [03/Oct/2025 05:18:49] "GET / HTTP/1.1" 200 -
152.59.33.46 - - [03/Oct/2025 05:18:50] "GET /static/style2.css HTTP/1.1" 200 -
152.59.33.46 - - [03/Oct/2025 05:18:52] "[33mGET /favicon.ico HTTP/1.1[0m" 404 -
152.59.33.46 - - [03/Oct/2025 05:19:02] "[32mPOST /login HTTP/1.1[0m" 302 -

Collecting usage statistics. To deactivate, set browser.gatherUsageStats to false.

2025-10-03 05:19:03.170 Port 8501 is already in use
198.235.24.56 - - [03/Oct/2025 05:45:05] "GET / HTTP/1.1" 200 -
152.59.33.46 - - [03/Oct/2025 06:36:21] "GET / HTTP/1.1" 200 -
152.59.33.46 - - [03/Oct/2025 06:36:21] "[36mGET /static/style2.css HTTP/1.1[0m" 304 -
152.59.33.46 - - [03/Oct/2025 06:36:21] "[33mGET /favicon.ico HTTP/1.1[0m" 404 -
152.59.33.46 - - [03/Oct/2025 06:36:32] "[32mPOST /login HTTP/1.1[0m" 302 -

Collecting usage statistics. To deactivate, set browser.gatherUsageStats to false.

2025-10-03 06:36:32.500 Port 8501 is already in use
2025-10-03 06:44:27.334 Uncaught app execution
Traceback (most recent call last):
  File "/home/ec2-user/.local/lib/python3.11/site-packages/sqlalchemy/engine/base.py", line 1967, in _exec_single_context
    self.dialect.do_execute(
  File "/home/ec2-user/.local/lib/python3.11/site-packages/sqlalchemy/engine/default.py", line 951, in do_execute
    cursor.execute(statement, parameters)
pyodbc.ProgrammingError: ('42000', '[42000] [Microsoft][ODBC Driver 17 for SQL Server][SQL Server]The multi-part identifier "AdventureWorks2022.Sales.SalesOrderHeader.CustomerID" could not be bound. (4104) (SQLExecDirectW)')

The above exception was the direct cause of the following exception:

Traceback (most recent call last):
  File "/home/ec2-user/.local/lib/python3.11/site-packages/streamlit/runtime/scriptrunner/exec_code.py", line 128, in exec_func_with_error_handling
    result = func()
             ^^^^^^
  File "/home/ec2-user/.local/lib/python3.11/site-packages/streamlit/runtime/scriptrunner/script_runner.py", line 669, in code_to_exec
    exec(code, module.__dict__)  # noqa: S102
    ^^^^^^^^^^^^^^^^^^^^^^^^^^^
  File "/home/ec2-user/NEW_REPO_DATAGENIE/Back_test.py", line 450, in <module>
    df = pd.read_sql(query, engine)
         ^^^^^^^^^^^^^^^^^^^^^^^^^^
  File "/home/ec2-user/.local/lib/python3.11/site-packages/pandas/io/sql.py", line 736, in read_sql
    return pandas_sql.read_query(
           ^^^^^^^^^^^^^^^^^^^^^^
  File "/home/ec2-user/.local/lib/python3.11/site-packages/pandas/io/sql.py", line 1848, in read_query
    result = self.execute(sql, params)
             ^^^^^^^^^^^^^^^^^^^^^^^^^
  File "/home/ec2-user/.local/lib/python3.11/site-packages/pandas/io/sql.py", line 1671, in execute
    return self.con.exec_driver_sql(sql, *args)
           ^^^^^^^^^^^^^^^^^^^^^^^^^^^^^^^^^^^^
  File "/home/ec2-user/.local/lib/python3.11/site-packages/sqlalchemy/engine/base.py", line 1779, in exec_driver_sql
    ret = self._execute_context(
          ^^^^^^^^^^^^^^^^^^^^^^
  File "/home/ec2-user/.local/lib/python3.11/site-packages/sqlalchemy/engine/base.py", line 1846, in _execute_context
    return self._exec_single_context(
           ^^^^^^^^^^^^^^^^^^^^^^^^^^
  File "/home/ec2-user/.local/lib/python3.11/site-packages/sqlalchemy/engine/base.py", line 1986, in _exec_single_context
    self._handle_dbapi_exception(
  File "/home/ec2-user/.local/lib/python3.11/site-packages/sqlalchemy/engine/base.py", line 2355, in _handle_dbapi_exception
    raise sqlalchemy_exception.with_traceback(exc_info[2]) from e
  File "/home/ec2-user/.local/lib/python3.11/site-packages/sqlalchemy/engine/base.py", line 1967, in _exec_single_context
    self.dialect.do_execute(
  File "/home/ec2-user/.local/lib/python3.11/site-packages/sqlalchemy/engine/default.py", line 951, in do_execute
    cursor.execute(statement, parameters)
sqlalchemy.exc.ProgrammingError: (pyodbc.ProgrammingError) ('42000', '[42000] [Microsoft][ODBC Driver 17 for SQL Server][SQL Server]The multi-part identifier "AdventureWorks2022.Sales.SalesOrderHeader.CustomerID" could not be bound. (4104) (SQLExecDirectW)')
[SQL: SELECT
  AdventureWorks2022.Person.Person.FirstName,
  AdventureWorks2022.Person.Person.MiddleName,
  AdventureWorks2022.Person.Person.LastName,
  SUM(AdventureWorks2022.Sales.SalesOrderDetail.OrderQty) AS TotalOrderQuantity,
  SUM(AdventureWorks2022.Sales.SalesOrderHeader.Freight) AS TotalFreightAmount,
  SUM(AdventureWorks2022.Sales.SalesOrderHeader.TotalDue) AS TotalSalesTotal
FROM AdventureWorks2022.Sales.SalesOrderHeader AS T1
INNER JOIN AdventureWorks2022.Sales.Customer AS T3
  ON T1.CustomerID = T3.CustomerID
INNER JOIN AdventureWorks2022.Person.Person AS T2
  ON T3.PersonID = T2.BusinessEntityID
INNER JOIN AdventureWorks2022.Sales.SalesOrderDetail AS T4
  ON T1.SalesOrderID = T4.SalesOrderID
WHERE
  YEAR(T1.OrderDate) = 2013
GROUP BY
  AdventureWorks2022.Sales.SalesOrderHeader.CustomerID,
  AdventureWorks2022.Person.Person.FirstName,
  AdventureWorks2022.Person.Person.MiddleName,
  AdventureWorks2022.Person.Person.LastName
HAVING
  COUNT(DISTINCT AdventureWorks2022.Sales.SalesOrderHeader.SalesOrderID) > 2]
(Background on this error at: https://sqlalche.me/e/20/f405)
2025-10-03 06:46:31.316 Uncaught app execution
Traceback (most recent call last):
  File "/home/ec2-user/.local/lib/python3.11/site-packages/sqlalchemy/engine/base.py", line 1967, in _exec_single_context
    self.dialect.do_execute(
  File "/home/ec2-user/.local/lib/python3.11/site-packages/sqlalchemy/engine/default.py", line 951, in do_execute
    cursor.execute(statement, parameters)
pyodbc.ProgrammingError: ('42000', '[42000] [Microsoft][ODBC Driver 17 for SQL Server][SQL Server]The multi-part identifier "AdventureWorks2022.Sales.SalesOrderDetail.OrderQty" could not be bound. (4104) (SQLExecDirectW)')

The above exception was the direct cause of the following exception:

Traceback (most recent call last):
  File "/home/ec2-user/.local/lib/python3.11/site-packages/streamlit/runtime/scriptrunner/exec_code.py", line 128, in exec_func_with_error_handling
    result = func()
             ^^^^^^
  File "/home/ec2-user/.local/lib/python3.11/site-packages/streamlit/runtime/scriptrunner/script_runner.py", line 669, in code_to_exec
    exec(code, module.__dict__)  # noqa: S102
    ^^^^^^^^^^^^^^^^^^^^^^^^^^^
  File "/home/ec2-user/NEW_REPO_DATAGENIE/Back_test.py", line 450, in <module>
    df = pd.read_sql(query, engine)
         ^^^^^^^^^^^^^^^^^^^^^^^^^^
  File "/home/ec2-user/.local/lib/python3.11/site-packages/pandas/io/sql.py", line 736, in read_sql
    return pandas_sql.read_query(
           ^^^^^^^^^^^^^^^^^^^^^^
  File "/home/ec2-user/.local/lib/python3.11/site-packages/pandas/io/sql.py", line 1848, in read_query
    result = self.execute(sql, params)
             ^^^^^^^^^^^^^^^^^^^^^^^^^
  File "/home/ec2-user/.local/lib/python3.11/site-packages/pandas/io/sql.py", line 1671, in execute
    return self.con.exec_driver_sql(sql, *args)
           ^^^^^^^^^^^^^^^^^^^^^^^^^^^^^^^^^^^^
  File "/home/ec2-user/.local/lib/python3.11/site-packages/sqlalchemy/engine/base.py", line 1779, in exec_driver_sql
    ret = self._execute_context(
          ^^^^^^^^^^^^^^^^^^^^^^
  File "/home/ec2-user/.local/lib/python3.11/site-packages/sqlalchemy/engine/base.py", line 1846, in _execute_context
    return self._exec_single_context(
           ^^^^^^^^^^^^^^^^^^^^^^^^^^
  File "/home/ec2-user/.local/lib/python3.11/site-packages/sqlalchemy/engine/base.py", line 1986, in _exec_single_context
    self._handle_dbapi_exception(
  File "/home/ec2-user/.local/lib/python3.11/site-packages/sqlalchemy/engine/base.py", line 2355, in _handle_dbapi_exception
    raise sqlalchemy_exception.with_traceback(exc_info[2]) from e
  File "/home/ec2-user/.local/lib/python3.11/site-packages/sqlalchemy/engine/base.py", line 1967, in _exec_single_context
    self.dialect.do_execute(
  File "/home/ec2-user/.local/lib/python3.11/site-packages/sqlalchemy/engine/default.py", line 951, in do_execute
    cursor.execute(statement, parameters)
sqlalchemy.exc.ProgrammingError: (pyodbc.ProgrammingError) ('42000', '[42000] [Microsoft][ODBC Driver 17 for SQL Server][SQL Server]The multi-part identifier "AdventureWorks2022.Sales.SalesOrderDetail.OrderQty" could not be bound. (4104) (SQLExecDirectW)')
[SQL: SELECT
  SUM(AdventureWorks2022.Sales.SalesOrderDetail.OrderQty) AS TotalOrderQuantity,
  SUM(AdventureWorks2022.Sales.SalesOrderHeader.Freight) AS TotalFreightAmount,
  SUM(AdventureWorks2022.Sales.SalesOrderHeader.TotalDue) AS TotalSalesTotal
FROM AdventureWorks2022.Sales.SalesOrderHeader AS T1
INNER JOIN AdventureWorks2022.Sales.SalesOrderDetail AS T4
  ON T1.SalesOrderID = T4.SalesOrderID
WHERE
  YEAR(T1.OrderDate) = 2013]
(Background on this error at: https://sqlalche.me/e/20/f405)
2025-10-03 06:54:06.966 Uncaught app execution
Traceback (most recent call last):
  File "/home/ec2-user/.local/lib/python3.11/site-packages/sqlalchemy/engine/base.py", line 1967, in _exec_single_context
    self.dialect.do_execute(
  File "/home/ec2-user/.local/lib/python3.11/site-packages/sqlalchemy/engine/default.py", line 951, in do_execute
    cursor.execute(statement, parameters)
pyodbc.ProgrammingError: ('42000', '[42000] [Microsoft][ODBC Driver 17 for SQL Server][SQL Server]The multi-part identifier "AdventureWorks2022.Sales.Customer.CustomerID" could not be bound. (4104) (SQLExecDirectW)')

The above exception was the direct cause of the following exception:

Traceback (most recent call last):
  File "/home/ec2-user/.local/lib/python3.11/site-packages/streamlit/runtime/scriptrunner/exec_code.py", line 128, in exec_func_with_error_handling
    result = func()
             ^^^^^^
  File "/home/ec2-user/.local/lib/python3.11/site-packages/streamlit/runtime/scriptrunner/script_runner.py", line 669, in code_to_exec
    exec(code, module.__dict__)  # noqa: S102
    ^^^^^^^^^^^^^^^^^^^^^^^^^^^
  File "/home/ec2-user/NEW_REPO_DATAGENIE/Back_test.py", line 450, in <module>
    df = pd.read_sql(query, engine)
         ^^^^^^^^^^^^^^^^^^^^^^^^^^
  File "/home/ec2-user/.local/lib/python3.11/site-packages/pandas/io/sql.py", line 736, in read_sql
    return pandas_sql.read_query(
           ^^^^^^^^^^^^^^^^^^^^^^
  File "/home/ec2-user/.local/lib/python3.11/site-packages/pandas/io/sql.py", line 1848, in read_query
    result = self.execute(sql, params)
             ^^^^^^^^^^^^^^^^^^^^^^^^^
  File "/home/ec2-user/.local/lib/python3.11/site-packages/pandas/io/sql.py", line 1671, in execute
    return self.con.exec_driver_sql(sql, *args)
           ^^^^^^^^^^^^^^^^^^^^^^^^^^^^^^^^^^^^
  File "/home/ec2-user/.local/lib/python3.11/site-packages/sqlalchemy/engine/base.py", line 1779, in exec_driver_sql
    ret = self._execute_context(
          ^^^^^^^^^^^^^^^^^^^^^^
  File "/home/ec2-user/.local/lib/python3.11/site-packages/sqlalchemy/engine/base.py", line 1846, in _execute_context
    return self._exec_single_context(
           ^^^^^^^^^^^^^^^^^^^^^^^^^^
  File "/home/ec2-user/.local/lib/python3.11/site-packages/sqlalchemy/engine/base.py", line 1986, in _exec_single_context
    self._handle_dbapi_exception(
  File "/home/ec2-user/.local/lib/python3.11/site-packages/sqlalchemy/engine/base.py", line 2355, in _handle_dbapi_exception
    raise sqlalchemy_exception.with_traceback(exc_info[2]) from e
  File "/home/ec2-user/.local/lib/python3.11/site-packages/sqlalchemy/engine/base.py", line 1967, in _exec_single_context
    self.dialect.do_execute(
  File "/home/ec2-user/.local/lib/python3.11/site-packages/sqlalchemy/engine/default.py", line 951, in do_execute
    cursor.execute(statement, parameters)
sqlalchemy.exc.ProgrammingError: (pyodbc.ProgrammingError) ('42000', '[42000] [Microsoft][ODBC Driver 17 for SQL Server][SQL Server]The multi-part identifier "AdventureWorks2022.Sales.Customer.CustomerID" could not be bound. (4104) (SQLExecDirectW)')
[SQL: SELECT
  TOP 10
  AdventureWorks2022.Sales.Customer.CustomerID,
  COALESCE(
    AdventureWorks2022.Sales.vIndividualCustomer.FirstName + ' ' + ISNULL(AdventureWorks2022.Sales.vIndividualCustomer.MiddleName + ' ', '') + AdventureWorks2022.Sales.vIndividualCustomer.LastName,
    AdventureWorks2022.Sales.vStoreWithDemographics.Name
  ) AS CustomerName,
  SUM(AdventureWorks2022.Sales.SalesOrderHeader.TotalDue) AS TotalPurchaseValue
FROM AdventureWorks2022.Sales.SalesOrderHeader AS T1
INNER JOIN AdventureWorks2022.Sales.Customer AS T2
  ON T1.CustomerID = T2.CustomerID
LEFT JOIN AdventureWorks2022.Sales.vIndividualCustomer AS T3
  ON T2.PersonID = T3.BusinessEntityID
LEFT JOIN AdventureWorks2022.Sales.vStoreWithDemographics AS T4
  ON T2.StoreID = T4.BusinessEntityID
WHERE
  YEAR(T1.OrderDate) BETWEEN 2013 AND 2014
GROUP BY
  AdventureWorks2022.Sales.Customer.CustomerID,
  COALESCE(
    AdventureWorks2022.Sales.vIndividualCustomer.FirstName + ' ' + ISNULL(AdventureWorks2022.Sales.vIndividualCustomer.MiddleName + ' ', '') + AdventureWorks2022.Sales.vIndividualCustomer.LastName,
    AdventureWorks2022.Sales.vStoreWithDemographics.Name
  )
ORDER BY
  TotalPurchaseValue DESC]
(Background on this error at: https://sqlalche.me/e/20/f405)
Query
sql query: -- SSMS Query Start
SELECT
  DISTINCT T2.FirstName,
  T2.MiddleName,
  T2.LastName
FROM AdventureWorks2022.Sales.SalesOrderHeader AS T1
INNER JOIN AdventureWorks2022.Sales.Customer AS T3
  ON T1.CustomerID = T3.CustomerID
INNER JOIN AdventureWorks2022.Person.Person AS T2
  ON T3.PersonID = T2.BusinessEntityID
WHERE
  YEAR(T1.OrderDate) = 2013
GROUP BY
  T1.CustomerID,
  T2.FirstName,
  T2.MiddleName,
  T2.LastName
HAVING
  COUNT(T1.SalesOrderID) > 2;
query: SELECT
  DISTINCT T2.FirstName,
  T2.MiddleName,
  T2.LastName
FROM AdventureWorks2022.Sales.SalesOrderHeader AS T1
INNER JOIN AdventureWorks2022.Sales.Customer AS T3
  ON T1.CustomerID = T3.CustomerID
INNER JOIN AdventureWorks2022.Person.Person AS T2
  ON T3.PersonID = T2.BusinessEntityID
WHERE
  YEAR(T1.OrderDate) = 2013
GROUP BY
  T1.CustomerID,
  T2.FirstName,
  T2.MiddleName,
  T2.LastName
HAVING
  COUNT(T1.SalesOrderID) > 2
Query
sql query: -- SSMS Query Start
SELECT
  AdventureWorks2022.Person.Person.FirstName,
  AdventureWorks2022.Person.Person.MiddleName,
  AdventureWorks2022.Person.Person.LastName,
  SUM(AdventureWorks2022.Sales.SalesOrderDetail.OrderQty) AS TotalOrderQuantity,
  SUM(AdventureWorks2022.Sales.SalesOrderHeader.Freight) AS TotalFreightAmount,
  SUM(AdventureWorks2022.Sales.SalesOrderHeader.TotalDue) AS TotalSalesTotal
FROM AdventureWorks2022.Sales.SalesOrderHeader AS T1
INNER JOIN AdventureWorks2022.Sales.Customer AS T3
  ON T1.CustomerID = T3.CustomerID
INNER JOIN AdventureWorks2022.Person.Person AS T2
  ON T3.PersonID = T2.BusinessEntityID
INNER JOIN AdventureWorks2022.Sales.SalesOrderDetail AS T4
  ON T1.SalesOrderID = T4.SalesOrderID
WHERE
  YEAR(T1.OrderDate) = 2013
GROUP BY
  AdventureWorks2022.Sales.SalesOrderHeader.CustomerID,
  AdventureWorks2022.Person.Person.FirstName,
  AdventureWorks2022.Person.Person.MiddleName,
  AdventureWorks2022.Person.Person.LastName
HAVING
  COUNT(DISTINCT AdventureWorks2022.Sales.SalesOrderHeader.SalesOrderID) > 2
query: SELECT
  AdventureWorks2022.Person.Person.FirstName,
  AdventureWorks2022.Person.Person.MiddleName,
  AdventureWorks2022.Person.Person.LastName,
  SUM(AdventureWorks2022.Sales.SalesOrderDetail.OrderQty) AS TotalOrderQuantity,
  SUM(AdventureWorks2022.Sales.SalesOrderHeader.Freight) AS TotalFreightAmount,
  SUM(AdventureWorks2022.Sales.SalesOrderHeader.TotalDue) AS TotalSalesTotal
FROM AdventureWorks2022.Sales.SalesOrderHeader AS T1
INNER JOIN AdventureWorks2022.Sales.Customer AS T3
  ON T1.CustomerID = T3.CustomerID
INNER JOIN AdventureWorks2022.Person.Person AS T2
  ON T3.PersonID = T2.BusinessEntityID
INNER JOIN AdventureWorks2022.Sales.SalesOrderDetail AS T4
  ON T1.SalesOrderID = T4.SalesOrderID
WHERE
  YEAR(T1.OrderDate) = 2013
GROUP BY
  AdventureWorks2022.Sales.SalesOrderHeader.CustomerID,
  AdventureWorks2022.Person.Person.FirstName,
  AdventureWorks2022.Person.Person.MiddleName,
  AdventureWorks2022.Person.Person.LastName
HAVING
  COUNT(DISTINCT AdventureWorks2022.Sales.SalesOrderHeader.SalesOrderID) > 2
Query
sql query: -- SSMS Query Start
SELECT
  SUM(AdventureWorks2022.Sales.SalesOrderDetail.OrderQty) AS TotalOrderQuantity,
  SUM(AdventureWorks2022.Sales.SalesOrderHeader.Freight) AS TotalFreightAmount,
  SUM(AdventureWorks2022.Sales.SalesOrderHeader.TotalDue) AS TotalSalesTotal
FROM AdventureWorks2022.Sales.SalesOrderHeader AS T1
INNER JOIN AdventureWorks2022.Sales.SalesOrderDetail AS T4
  ON T1.SalesOrderID = T4.SalesOrderID
WHERE
  YEAR(T1.OrderDate) = 2013;
query: SELECT
  SUM(AdventureWorks2022.Sales.SalesOrderDetail.OrderQty) AS TotalOrderQuantity,
  SUM(AdventureWorks2022.Sales.SalesOrderHeader.Freight) AS TotalFreightAmount,
  SUM(AdventureWorks2022.Sales.SalesOrderHeader.TotalDue) AS TotalSalesTotal
FROM AdventureWorks2022.Sales.SalesOrderHeader AS T1
INNER JOIN AdventureWorks2022.Sales.SalesOrderDetail AS T4
  ON T1.SalesOrderID = T4.SalesOrderID
WHERE
  YEAR(T1.OrderDate) = 2013
Query
sql query: -- SSMS Query Start
SELECT
  TOP 10
  AdventureWorks2022.Sales.Customer.CustomerID,
  COALESCE(
    AdventureWorks2022.Sales.vIndividualCustomer.FirstName + ' ' + ISNULL(AdventureWorks2022.Sales.vIndividualCustomer.MiddleName + ' ', '') + AdventureWorks2022.Sales.vIndividualCustomer.LastName,
    AdventureWorks2022.Sales.vStoreWithDemographics.Name
  ) AS CustomerName,
  SUM(AdventureWorks2022.Sales.SalesOrderHeader.TotalDue) AS TotalPurchaseValue
FROM AdventureWorks2022.Sales.SalesOrderHeader AS T1
INNER JOIN AdventureWorks2022.Sales.Customer AS T2
  ON T1.CustomerID = T2.CustomerID
LEFT JOIN AdventureWorks2022.Sales.vIndividualCustomer AS T3
  ON T2.PersonID = T3.BusinessEntityID
LEFT JOIN AdventureWorks2022.Sales.vStoreWithDemographics AS T4
  ON T2.StoreID = T4.BusinessEntityID
WHERE
  YEAR(T1.OrderDate) BETWEEN 2013 AND 2014
GROUP BY
  AdventureWorks2022.Sales.Customer.CustomerID,
  COALESCE(
    AdventureWorks2022.Sales.vIndividualCustomer.FirstName + ' ' + ISNULL(AdventureWorks2022.Sales.vIndividualCustomer.MiddleName + ' ', '') + AdventureWorks2022.Sales.vIndividualCustomer.LastName,
    AdventureWorks2022.Sales.vStoreWithDemographics.Name
  )
ORDER BY
  TotalPurchaseValue DESC;
query: SELECT
  TOP 10
  AdventureWorks2022.Sales.Customer.CustomerID,
  COALESCE(
    AdventureWorks2022.Sales.vIndividualCustomer.FirstName + ' ' + ISNULL(AdventureWorks2022.Sales.vIndividualCustomer.MiddleName + ' ', '') + AdventureWorks2022.Sales.vIndividualCustomer.LastName,
    AdventureWorks2022.Sales.vStoreWithDemographics.Name
  ) AS CustomerName,
  SUM(AdventureWorks2022.Sales.SalesOrderHeader.TotalDue) AS TotalPurchaseValue
FROM AdventureWorks2022.Sales.SalesOrderHeader AS T1
INNER JOIN AdventureWorks2022.Sales.Customer AS T2
  ON T1.CustomerID = T2.CustomerID
LEFT JOIN AdventureWorks2022.Sales.vIndividualCustomer AS T3
  ON T2.PersonID = T3.BusinessEntityID
LEFT JOIN AdventureWorks2022.Sales.vStoreWithDemographics AS T4
  ON T2.StoreID = T4.BusinessEntityID
WHERE
  YEAR(T1.OrderDate) BETWEEN 2013 AND 2014
GROUP BY
  AdventureWorks2022.Sales.Customer.CustomerID,
  COALESCE(
    AdventureWorks2022.Sales.vIndividualCustomer.FirstName + ' ' + ISNULL(AdventureWorks2022.Sales.vIndividualCustomer.MiddleName + ' ', '') + AdventureWorks2022.Sales.vIndividualCustomer.LastName,
    AdventureWorks2022.Sales.vStoreWithDemographics.Name
  )
ORDER BY
  TotalPurchaseValue DESC
Query
sql query: -- SSMS Query Start
```sql
SELECT
  TOP 10
  AdventureWorks2022.Sales.Customer.CustomerID,
  COALESCE(
    AdventureWorks2022.Sales.vIndividualCustomer.FirstName + ' ' + ISNULL(AdventureWorks2022.Sales.vIndividualCustomer.MiddleName + ' ', '') + AdventureWorks2022.Sales.vIndividualCustomer.LastName,
    AdventureWorks2022.Sales.vStoreWithDemographics.Name
  ) AS CustomerName,
  SUM(AdventureWorks2022.Sales.SalesOrderHeader.TotalDue) AS TotalPurchaseValue
FROM AdventureWorks2022.Sales.SalesOrderHeader AS T1
INNER JOIN AdventureWorks2022.Sales.Customer AS T2
  ON T1.CustomerID = T2.CustomerID
INNER JOIN AdventureWorks2022.Sales.SalesTerritory AS T5
  ON T1.TerritoryID = T5.TerritoryID
LEFT JOIN AdventureWorks2022.Sales.vIndividualCustomer AS T3
  ON T2.PersonID = T3.BusinessEntityID
LEFT JOIN AdventureWorks2022.Sales.vStoreWithDemographics AS T4
  ON T2.StoreID = T4.BusinessEntityID
WHERE
  YEAR(T1.OrderDate) BETWEEN 2014 AND 2023 AND T5.CountryRegionCode = 'US'
GROUP BY
  AdventureWorks2022.Sales.Customer.CustomerID,
  COALESCE(
    AdventureWorks2022.Sales.vIndividualCustomer.FirstName + ' ' + ISNULL(AdventureWorks2022.Sales.vIndividualCustomer.MiddleName + ' ', '') + AdventureWorks2022.Sales.vIndividualCustomer.LastName,
    AdventureWorks2022.Sales.vStoreWithDemographics.Name
  )
ORDER BY
  TotalPurchaseValue DESC;
```
query: SELECT
  TOP 10
  AdventureWorks2022.Sales.Customer.CustomerID,
  COALESCE(
    AdventureWorks2022.Sales.vIndividualCustomer.FirstName + ' ' + ISNULL(AdventureWorks2022.Sales.vIndividualCustomer.MiddleName + ' ', '') + AdventureWorks2022.Sales.vIndividualCustomer.LastName,
    AdventureWorks2022.Sales.vStoreWithDemographics.Name
  ) AS CustomerName,
  SUM(AdventureWorks2022.Sales.SalesOrderHeader.TotalDue) AS TotalPurchaseValue
FROM AdventureWorks2022.Sales.SalesOrderHeader AS T1
INNER JOIN AdventureWorks2022.Sales.Customer AS T2
  ON T1.CustomerID = T2.CustomerID
INNER JOIN AdventureWorks2022.Sales.SalesTerritory AS T5
  ON T1.TerritoryID = T5.TerritoryID
LEFT JOIN AdventureWorks2022.Sales.vIndividualCustomer AS T3
  ON T2.PersonID = T3.BusinessEntityID
LEFT JOIN AdventureWorks2022.Sales.vStoreWithDemographics AS T4
  ON T2.StoreID = T4.BusinessEntityID
WHERE
  YEAR(T1.OrderDate) BETWEEN 2014 AND 2023 AND T5.CountryRegionCode = 'US'
GROUP BY
  AdventureWorks2022.Sales.Customer.CustomerID,
  COALESCE(
    AdventureWorks2022.Sales.vIndividualCustomer.FirstName + ' ' + ISNULL(AdventureWorks2022.Sales.vIndividualCustomer.MiddleName + ' ', '') + AdventureWorks2022.Sales.vIndividualCustomer.LastName,
    AdventureWorks2022.Sales.vStoreWithDemographics.Name
  )
ORDER BY
  TotalPurchaseValue DESC;2025-10-03 06:54:59.688 Uncaught app execution
Traceback (most recent call last):
  File "/home/ec2-user/.local/lib/python3.11/site-packages/sqlalchemy/engine/base.py", line 1967, in _exec_single_context
    self.dialect.do_execute(
  File "/home/ec2-user/.local/lib/python3.11/site-packages/sqlalchemy/engine/default.py", line 951, in do_execute
    cursor.execute(statement, parameters)
pyodbc.ProgrammingError: ('42000', '[42000] [Microsoft][ODBC Driver 17 for SQL Server][SQL Server]The multi-part identifier "AdventureWorks2022.Sales.Customer.CustomerID" could not be bound. (4104) (SQLExecDirectW)')

The above exception was the direct cause of the following exception:

Traceback (most recent call last):
  File "/home/ec2-user/.local/lib/python3.11/site-packages/streamlit/runtime/scriptrunner/exec_code.py", line 128, in exec_func_with_error_handling
    result = func()
             ^^^^^^
  File "/home/ec2-user/.local/lib/python3.11/site-packages/streamlit/runtime/scriptrunner/script_runner.py", line 669, in code_to_exec
    exec(code, module.__dict__)  # noqa: S102
    ^^^^^^^^^^^^^^^^^^^^^^^^^^^
  File "/home/ec2-user/NEW_REPO_DATAGENIE/Back_test.py", line 450, in <module>
    df = pd.read_sql(query, engine)
         ^^^^^^^^^^^^^^^^^^^^^^^^^^
  File "/home/ec2-user/.local/lib/python3.11/site-packages/pandas/io/sql.py", line 736, in read_sql
    return pandas_sql.read_query(
           ^^^^^^^^^^^^^^^^^^^^^^
  File "/home/ec2-user/.local/lib/python3.11/site-packages/pandas/io/sql.py", line 1848, in read_query
    result = self.execute(sql, params)
             ^^^^^^^^^^^^^^^^^^^^^^^^^
  File "/home/ec2-user/.local/lib/python3.11/site-packages/pandas/io/sql.py", line 1671, in execute
    return self.con.exec_driver_sql(sql, *args)
           ^^^^^^^^^^^^^^^^^^^^^^^^^^^^^^^^^^^^
  File "/home/ec2-user/.local/lib/python3.11/site-packages/sqlalchemy/engine/base.py", line 1779, in exec_driver_sql
    ret = self._execute_context(
          ^^^^^^^^^^^^^^^^^^^^^^
  File "/home/ec2-user/.local/lib/python3.11/site-packages/sqlalchemy/engine/base.py", line 1846, in _execute_context
    return self._exec_single_context(
           ^^^^^^^^^^^^^^^^^^^^^^^^^^
  File "/home/ec2-user/.local/lib/python3.11/site-packages/sqlalchemy/engine/base.py", line 1986, in _exec_single_context
    self._handle_dbapi_exception(
  File "/home/ec2-user/.local/lib/python3.11/site-packages/sqlalchemy/engine/base.py", line 2355, in _handle_dbapi_exception
    raise sqlalchemy_exception.with_traceback(exc_info[2]) from e
  File "/home/ec2-user/.local/lib/python3.11/site-packages/sqlalchemy/engine/base.py", line 1967, in _exec_single_context
    self.dialect.do_execute(
  File "/home/ec2-user/.local/lib/python3.11/site-packages/sqlalchemy/engine/default.py", line 951, in do_execute
    cursor.execute(statement, parameters)
sqlalchemy.exc.ProgrammingError: (pyodbc.ProgrammingError) ('42000', '[42000] [Microsoft][ODBC Driver 17 for SQL Server][SQL Server]The multi-part identifier "AdventureWorks2022.Sales.Customer.CustomerID" could not be bound. (4104) (SQLExecDirectW)')
[SQL: SELECT
  TOP 10
  AdventureWorks2022.Sales.Customer.CustomerID,
  COALESCE(
    AdventureWorks2022.Sales.vIndividualCustomer.FirstName + ' ' + ISNULL(AdventureWorks2022.Sales.vIndividualCustomer.MiddleName + ' ', '') + AdventureWorks2022.Sales.vIndividualCustomer.LastName,
    AdventureWorks2022.Sales.vStoreWithDemographics.Name
  ) AS CustomerName,
  SUM(AdventureWorks2022.Sales.SalesOrderHeader.TotalDue) AS TotalPurchaseValue
FROM AdventureWorks2022.Sales.SalesOrderHeader AS T1
INNER JOIN AdventureWorks2022.Sales.Customer AS T2
  ON T1.CustomerID = T2.CustomerID
INNER JOIN AdventureWorks2022.Sales.SalesTerritory AS T5
  ON T1.TerritoryID = T5.TerritoryID
LEFT JOIN AdventureWorks2022.Sales.vIndividualCustomer AS T3
  ON T2.PersonID = T3.BusinessEntityID
LEFT JOIN AdventureWorks2022.Sales.vStoreWithDemographics AS T4
  ON T2.StoreID = T4.BusinessEntityID
WHERE
  YEAR(T1.OrderDate) BETWEEN 2014 AND 2023 AND T5.CountryRegionCode = 'US'
GROUP BY
  AdventureWorks2022.Sales.Customer.CustomerID,
  COALESCE(
    AdventureWorks2022.Sales.vIndividualCustomer.FirstName + ' ' + ISNULL(AdventureWorks2022.Sales.vIndividualCustomer.MiddleName + ' ', '') + AdventureWorks2022.Sales.vIndividualCustomer.LastName,
    AdventureWorks2022.Sales.vStoreWithDemographics.Name
  )
ORDER BY
  TotalPurchaseValue DESC;]
(Background on this error at: https://sqlalche.me/e/20/f405)

Query
sql query: -- SSMS Query Start
SELECT
  YEAR(AdventureWorks2022.Sales.SalesOrderHeader.OrderDate) AS OrderYear,
  SUM(AdventureWorks2022.Sales.SalesOrderDetail.OrderQty) AS TotalOrderQuantity
FROM AdventureWorks2022.Sales.SalesOrderHeader
INNER JOIN AdventureWorks2022.Sales.SalesOrderDetail
  ON AdventureWorks2022.Sales.SalesOrderHeader.SalesOrderID = AdventureWorks2022.Sales.SalesOrderDetail.SalesOrderID
GROUP BY
  YEAR(AdventureWorks2022.Sales.SalesOrderHeader.OrderDate)
ORDER BY
  OrderYear;
query: SELECT
  YEAR(AdventureWorks2022.Sales.SalesOrderHeader.OrderDate) AS OrderYear,
  SUM(AdventureWorks2022.Sales.SalesOrderDetail.OrderQty) AS TotalOrderQuantity
FROM AdventureWorks2022.Sales.SalesOrderHeader
INNER JOIN AdventureWorks2022.Sales.SalesOrderDetail
  ON AdventureWorks2022.Sales.SalesOrderHeader.SalesOrderID = AdventureWorks2022.Sales.SalesOrderDetail.SalesOrderID
GROUP BY
  YEAR(AdventureWorks2022.Sales.SalesOrderHeader.OrderDate)
ORDER BY
  OrderYear
Query
sql query: -- SSMS Query Start
SELECT
  YEAR(AdventureWorks2022.Sales.SalesOrderHeader.OrderDate) AS OrderYear,
  SUM(AdventureWorks2022.Sales.SalesOrderDetail.OrderQty) AS TotalOrderQuantity,
  SUM(AdventureWorks2022.Sales.SalesOrderDetail.UnitPrice) AS TotalUnitPrice
FROM AdventureWorks2022.Sales.SalesOrderHeader
INNER JOIN AdventureWorks2022.Sales.SalesOrderDetail
  ON AdventureWorks2022.Sales.SalesOrderHeader.SalesOrderID = AdventureWorks2022.Sales.SalesOrderDetail.SalesOrderID
GROUP BY
  YEAR(AdventureWorks2022.Sales.SalesOrderHeader.OrderDate)
ORDER BY
  OrderYear
query: SELECT
  YEAR(AdventureWorks2022.Sales.SalesOrderHeader.OrderDate) AS OrderYear,
  SUM(AdventureWorks2022.Sales.SalesOrderDetail.OrderQty) AS TotalOrderQuantity,
  SUM(AdventureWorks2022.Sales.SalesOrderDetail.UnitPrice) AS TotalUnitPrice
FROM AdventureWorks2022.Sales.SalesOrderHeader
INNER JOIN AdventureWorks2022.Sales.SalesOrderDetail
  ON AdventureWorks2022.Sales.SalesOrderHeader.SalesOrderID = AdventureWorks2022.Sales.SalesOrderDetail.SalesOrderID
GROUP BY
  YEAR(AdventureWorks2022.Sales.SalesOrderHeader.OrderDate)
ORDER BY
  OrderYear
Query
sql query: -- SSMS Query Start
SELECT
  AdventureWorks2022.Sales.SalesTerritory.Name AS TerritoryName,
  SUM(AdventureWorks2022.Sales.SalesOrderHeader.TotalDue) AS TotalSales
FROM AdventureWorks2022.Sales.SalesOrderHeader
INNER JOIN AdventureWorks2022.Sales.SalesTerritory
  ON AdventureWorks2022.Sales.SalesOrderHeader.TerritoryID = AdventureWorks2022.Sales.SalesTerritory.TerritoryID
WHERE
  YEAR(AdventureWorks2022.Sales.SalesOrderHeader.OrderDate) = 2013 AND DATEPART(qq, AdventureWorks2022.Sales.SalesOrderHeader.OrderDate) IN (3, 4)
GROUP BY
  AdventureWorks2022.Sales.SalesTerritory.Name
ORDER BY
  TerritoryName;
query: SELECT
  AdventureWorks2022.Sales.SalesTerritory.Name AS TerritoryName,
  SUM(AdventureWorks2022.Sales.SalesOrderHeader.TotalDue) AS TotalSales
FROM AdventureWorks2022.Sales.SalesOrderHeader
INNER JOIN AdventureWorks2022.Sales.SalesTerritory
  ON AdventureWorks2022.Sales.SalesOrderHeader.TerritoryID = AdventureWorks2022.Sales.SalesTerritory.TerritoryID
WHERE
  YEAR(AdventureWorks2022.Sales.SalesOrderHeader.OrderDate) = 2013 AND DATEPART(qq, AdventureWorks2022.Sales.SalesOrderHeader.OrderDate) IN (3, 4)
GROUP BY
  AdventureWorks2022.Sales.SalesTerritory.Name
ORDER BY
  TerritoryName
Query
sql query: -- SSMS Query Start
SELECT
  YEAR(AdventureWorks2022.Sales.SalesOrderHeader.OrderDate) AS OrderYear,
  DATEPART(qq, AdventureWorks2022.Sales.SalesOrderHeader.OrderDate) AS OrderQuarter,
  AdventureWorks2022.Production.Product.Name AS ProductName,
  AdventureWorks2022.Sales.SalesTerritory.Name AS TerritoryName,
  SUM(AdventureWorks2022.Sales.SalesOrderHeader.TotalDue) AS TotalSales
FROM AdventureWorks2022.Sales.SalesOrderHeader
INNER JOIN AdventureWorks2022.Sales.SalesTerritory
  ON AdventureWorks2022.Sales.SalesOrderHeader.TerritoryID = AdventureWorks2022.Sales.SalesTerritory.TerritoryID
INNER JOIN AdventureWorks2022.Sales.SalesOrderDetail
  ON AdventureWorks2022.Sales.SalesOrderHeader.SalesOrderID = AdventureWorks2022.Sales.SalesOrderDetail.SalesOrderID
INNER JOIN AdventureWorks2022.Production.Product
  ON AdventureWorks2022.Sales.SalesOrderDetail.ProductID = AdventureWorks2022.Production.Product.ProductID
WHERE
  YEAR(AdventureWorks2022.Sales.SalesOrderHeader.OrderDate) = 2013 AND DATEPART(qq, AdventureWorks2022.Sales.SalesOrderHeader.OrderDate) IN (3, 4)
GROUP BY
  YEAR(AdventureWorks2022.Sales.SalesOrderHeader.OrderDate),
  DATEPART(qq, AdventureWorks2022.Sales.SalesOrderHeader.OrderDate),
  AdventureWorks2022.Production.Product.Name,
  AdventureWorks2022.Sales.SalesTerritory.Name
ORDER BY
  OrderYear,
  OrderQuarter,
  ProductName,
  TerritoryName
query: SELECT
  YEAR(AdventureWorks2022.Sales.SalesOrderHeader.OrderDate) AS OrderYear,
  DATEPART(qq, AdventureWorks2022.Sales.SalesOrderHeader.OrderDate) AS OrderQuarter,
  AdventureWorks2022.Production.Product.Name AS ProductName,
  AdventureWorks2022.Sales.SalesTerritory.Name AS TerritoryName,
  SUM(AdventureWorks2022.Sales.SalesOrderHeader.TotalDue) AS TotalSales
FROM AdventureWorks2022.Sales.SalesOrderHeader
INNER JOIN AdventureWorks2022.Sales.SalesTerritory
  ON AdventureWorks2022.Sales.SalesOrderHeader.TerritoryID = AdventureWorks2022.Sales.SalesTerritory.TerritoryID
INNER JOIN AdventureWorks2022.Sales.SalesOrderDetail
  ON AdventureWorks2022.Sales.SalesOrderHeader.SalesOrderID = AdventureWorks2022.Sales.SalesOrderDetail.SalesOrderID
INNER JOIN AdventureWorks2022.Production.Product
  ON AdventureWorks2022.Sales.SalesOrderDetail.ProductID = AdventureWorks2022.Production.Product.ProductID
WHERE
  YEAR(AdventureWorks2022.Sales.SalesOrderHeader.OrderDate) = 2013 AND DATEPART(qq, AdventureWorks2022.Sales.SalesOrderHeader.OrderDate) IN (3, 4)
GROUP BY
  YEAR(AdventureWorks2022.Sales.SalesOrderHeader.OrderDate),
  DATEPART(qq, AdventureWorks2022.Sales.SalesOrderHeader.OrderDate),
  AdventureWorks2022.Production.Product.Name,
  AdventureWorks2022.Sales.SalesTerritory.Name
ORDER BY
  OrderYear,
  OrderQuarter,
  ProductName,
  TerritoryName
Query
sql query: -- SSMS Query Start
SELECT
  YEAR(AdventureWorks2022.Sales.SalesOrderHeader.OrderDate) AS OrderYear,
  DATEPART(qq, AdventureWorks2022.Sales.SalesOrderHeader.OrderDate) AS OrderQuarter,
  AdventureWorks2022.Production.Product.Name AS ProductName,
  AdventureWorks2022.Sales.SalesTerritory.Name AS TerritoryName,
  SUM(AdventureWorks2022.Sales.SalesOrderHeader.TotalDue) / 1000000.0 AS TotalSalesMn
FROM AdventureWorks2022.Sales.SalesOrderHeader
INNER JOIN AdventureWorks2022.Sales.SalesTerritory
  ON AdventureWorks2022.Sales.SalesOrderHeader.TerritoryID = AdventureWorks2022.Sales.SalesTerritory.TerritoryID
INNER JOIN AdventureWorks2022.Sales.SalesOrderDetail
  ON AdventureWorks2022.Sales.SalesOrderHeader.SalesOrderID = AdventureWorks2022.Sales.SalesOrderDetail.SalesOrderID
INNER JOIN AdventureWorks2022.Production.Product
  ON AdventureWorks2022.Sales.SalesOrderDetail.ProductID = AdventureWorks2022.Production.Product.ProductID
WHERE
  YEAR(AdventureWorks2022.Sales.SalesOrderHeader.OrderDate) = 2013 AND DATEPART(qq, AdventureWorks2022.Sales.SalesOrderHeader.OrderDate) IN (3, 4)
GROUP BY
  YEAR(AdventureWorks2022.Sales.SalesOrderHeader.OrderDate),
  DATEPART(qq, AdventureWorks2022.Sales.SalesOrderHeader.OrderDate),
  AdventureWorks2022.Production.Product.Name,
  AdventureWorks2022.Sales.SalesTerritory.Name
ORDER BY
  OrderYear,
  OrderQuarter,
  ProductName,
  TerritoryName
query: SELECT
  YEAR(AdventureWorks2022.Sales.SalesOrderHeader.OrderDate) AS OrderYear,
  DATEPART(qq, AdventureWorks2022.Sales.SalesOrderHeader.OrderDate) AS OrderQuarter,
  AdventureWorks2022.Production.Product.Name AS ProductName,
  AdventureWorks2022.Sales.SalesTerritory.Name AS TerritoryName,
  SUM(AdventureWorks2022.Sales.SalesOrderHeader.TotalDue) / 1000000.0 AS TotalSalesMn
FROM AdventureWorks2022.Sales.SalesOrderHeader
INNER JOIN AdventureWorks2022.Sales.SalesTerritory
  ON AdventureWorks2022.Sales.SalesOrderHeader.TerritoryID = AdventureWorks2022.Sales.SalesTerritory.TerritoryID
INNER JOIN AdventureWorks2022.Sales.SalesOrderDetail
  ON AdventureWorks2022.Sales.SalesOrderHeader.SalesOrderID = AdventureWorks2022.Sales.SalesOrderDetail.SalesOrderID
INNER JOIN AdventureWorks2022.Production.Product
  ON AdventureWorks2022.Sales.SalesOrderDetail.ProductID = AdventureWorks2022.Production.Product.ProductID
WHERE
  YEAR(AdventureWorks2022.Sales.SalesOrderHeader.OrderDate) = 2013 AND DATEPART(qq, AdventureWorks2022.Sales.SalesOrderHeader.OrderDate) IN (3, 4)
GROUP BY
  YEAR(AdventureWorks2022.Sales.SalesOrderHeader.OrderDate),
  DATEPART(qq, AdventureWorks2022.Sales.SalesOrderHeader.OrderDate),
  AdventureWorks2022.Production.Product.Name,
  AdventureWorks2022.Sales.SalesTerritory.Name
ORDER BY
  OrderYear,
  OrderQuarter,
  ProductName,
  TerritoryName195.178.110.15 - - [03/Oct/2025 07:05:10] code 400, message Bad request version ('À\x13À')
195.178.110.15 - - [03/Oct/2025 07:05:10] "[31m[1m\x16\x03\x01\x00ê\x01\x00\x00æ\x03\x03E\x0b\x8fA\x9cêÝÅwB<\x11®%ÐrbòµP¸âS!L%\x8ek­cªö \x0e \x95µc:\x9eÓ:E·a,òýH}¤±Æ#Hæ|\x1d§Y\x1aa°\x948\x00&À+À/À,À0Ì©Ì¨À\x09À\x13À[0m" 400 -
195.178.110.15 - - [03/Oct/2025 07:05:10] "GET / HTTP/1.1" 200 -
195.178.110.15 - - [03/Oct/2025 07:05:10] "GET / HTTP/1.1" 200 -
34.19.116.50 - - [03/Oct/2025 07:23:11] code 400, message Bad request version ('À\x13À')
34.19.116.50 - - [03/Oct/2025 07:23:11] "[31m[1m\x16\x03\x01\x00ä\x01\x00\x00à\x03\x03\x83,èâÕPO¹"\x8c,¢S¼\x07\x89\x9a§\x9bÍ¿uåmZö\x92"\x89ð£å \x9aÛ\x11CÖ\x93#\x06ÓréF!ZúýB<ùØÜjÀSë\x05jpH\x05Q\x96\x00\x1cÀ+À/À,À0Ì©Ì¨À\x09À\x13À[0m" 400 -
34.19.116.50 - - [03/Oct/2025 07:23:16] code 400, message Bad request syntax ('\x00\x00\x00T\x00\x03\x00\x00user\x00postgres\x00database\x00postgres\x00application_name\x00psql\x00client_encoding\x00UTF8\x00\x00')
34.19.116.50 - - [03/Oct/2025 07:23:16] "[31m[1m\x00\x00\x00T\x00\x03\x00\x00user\x00postgres\x00database\x00postgres\x00application_name\x00psql\x00client_encoding\x00UTF8\x00\x00[0m" 400 -
34.19.116.50 - - [03/Oct/2025 07:23:16] code 400, message Bad request version ('À\x13À')
34.19.116.50 - - [03/Oct/2025 07:23:16] "[31m[1m\x16\x03\x01\x00ä\x01\x00\x00à\x03\x03\x84YæQ\x9eÐ{¹\x9c\x02þ_\x17U0@ª)ICÇà\x90\x83á¡Ü2×X¤é ØpE$cÍ¬kÊÁÍº`#5§\x14ëÎ¥\x01õÚÄ¿Ç'k\x89Ï©H\x00\x1cÀ+À/À,À0Ì©Ì¨À\x09À\x13À[0m" 400 -
34.19.116.50 - - [03/Oct/2025 07:23:21] code 400, message Bad request syntax ('\x00\x00\x00T\x00\x03\x00\x00user\x00postgres\x00database\x00postgres\x00application_name\x00psql\x00client_encoding\x00UTF8\x00\x00')
34.19.116.50 - - [03/Oct/2025 07:23:21] "[31m[1m\x00\x00\x00T\x00\x03\x00\x00user\x00postgres\x00database\x00postgres\x00application_name\x00psql\x00client_encoding\x00UTF8\x00\x00[0m" 400 -
2025-10-03 07:40:19.575 Uncaught app execution
Traceback (most recent call last):
  File "/home/ec2-user/.local/lib/python3.11/site-packages/sqlalchemy/engine/base.py", line 1967, in _exec_single_context
    self.dialect.do_execute(
  File "/home/ec2-user/.local/lib/python3.11/site-packages/sqlalchemy/engine/default.py", line 951, in do_execute
    cursor.execute(statement, parameters)
pyodbc.ProgrammingError: ('42000', '[42000] [Microsoft][ODBC Driver 17 for SQL Server][SQL Server]The multi-part identifier "AdventureWorks2022.Sales.vIndividualCustomer.FirstName" could not be bound. (4104) (SQLExecDirectW)')

The above exception was the direct cause of the following exception:

Traceback (most recent call last):
  File "/home/ec2-user/.local/lib/python3.11/site-packages/streamlit/runtime/scriptrunner/exec_code.py", line 128, in exec_func_with_error_handling
    result = func()
             ^^^^^^
  File "/home/ec2-user/.local/lib/python3.11/site-packages/streamlit/runtime/scriptrunner/script_runner.py", line 669, in code_to_exec
    exec(code, module.__dict__)  # noqa: S102
    ^^^^^^^^^^^^^^^^^^^^^^^^^^^
  File "/home/ec2-user/NEW_REPO_DATAGENIE/Back_test.py", line 450, in <module>
    df = pd.read_sql(query, engine)
         ^^^^^^^^^^^^^^^^^^^^^^^^^^
  File "/home/ec2-user/.local/lib/python3.11/site-packages/pandas/io/sql.py", line 736, in read_sql
    return pandas_sql.read_query(
           ^^^^^^^^^^^^^^^^^^^^^^
  File "/home/ec2-user/.local/lib/python3.11/site-packages/pandas/io/sql.py", line 1848, in read_query
    result = self.execute(sql, params)
             ^^^^^^^^^^^^^^^^^^^^^^^^^
  File "/home/ec2-user/.local/lib/python3.11/site-packages/pandas/io/sql.py", line 1671, in execute
    return self.con.exec_driver_sql(sql, *args)
           ^^^^^^^^^^^^^^^^^^^^^^^^^^^^^^^^^^^^
  File "/home/ec2-user/.local/lib/python3.11/site-packages/sqlalchemy/engine/base.py", line 1779, in exec_driver_sql
    ret = self._execute_context(
          ^^^^^^^^^^^^^^^^^^^^^^
  File "/home/ec2-user/.local/lib/python3.11/site-packages/sqlalchemy/engine/base.py", line 1846, in _execute_context
    return self._exec_single_context(
           ^^^^^^^^^^^^^^^^^^^^^^^^^^
  File "/home/ec2-user/.local/lib/python3.11/site-packages/sqlalchemy/engine/base.py", line 1986, in _exec_single_context
    self._handle_dbapi_exception(
  File "/home/ec2-user/.local/lib/python3.11/site-packages/sqlalchemy/engine/base.py", line 2355, in _handle_dbapi_exception
    raise sqlalchemy_exception.with_traceback(exc_info[2]) from e
  File "/home/ec2-user/.local/lib/python3.11/site-packages/sqlalchemy/engine/base.py", line 1967, in _exec_single_context
    self.dialect.do_execute(
  File "/home/ec2-user/.local/lib/python3.11/site-packages/sqlalchemy/engine/default.py", line 951, in do_execute
    cursor.execute(statement, parameters)
sqlalchemy.exc.ProgrammingError: (pyodbc.ProgrammingError) ('42000', '[42000] [Microsoft][ODBC Driver 17 for SQL Server][SQL Server]The multi-part identifier "AdventureWorks2022.Sales.vIndividualCustomer.FirstName" could not be bound. (4104) (SQLExecDirectW)')
[SQL: SELECT DISTINCT
    AdventureWorks2022.Sales.vIndividualCustomer.FirstName,
    AdventureWorks2022.Sales.vIndividualCustomer.LastName,
    AdventureWorks2022.Sales.vIndividualCustomer.City,
    AdventureWorks2022.Sales.vIndividualCustomer.StateProvinceName,
    AdventureWorks2022.Sales.vIndividualCustomer.CountryRegionName
FROM
    AdventureWorks2022.Sales.Customer AS c
INNER JOIN
    AdventureWorks2022.Sales.vIndividualCustomer AS vic
    ON c.PersonID = vic.BusinessEntityID
WHERE
    c.CustomerID IN (
        SELECT
            AdventureWorks2022.Sales.SalesOrderHeader.CustomerID
        FROM
            AdventureWorks2022.Sales.SalesOrderHeader
        WHERE
            YEAR(AdventureWorks2022.Sales.SalesOrderHeader.OrderDate) = 2013
        GROUP BY
            AdventureWorks2022.Sales.SalesOrderHeader.CustomerID
        HAVING
            COUNT(AdventureWorks2022.Sales.SalesOrderHeader.SalesOrderID) < 5
    )]
(Background on this error at: https://sqlalche.me/e/20/f405)
188.166.2.111 - - [03/Oct/2025 07:40:48] code 400, message Bad HTTP/0.9 request type ('\x16\x03\x01\x00{\x01\x00\x00w\x03\x03vF\x01Ã?æ3\x90\x06o')
188.166.2.111 - - [03/Oct/2025 07:40:48] "[31m[1m\x16\x03\x01\x00{\x01\x00\x00w\x03\x03vF\x01Ã?æ3\x90\x06o\x1c¥«+@\x1bÕh\x894Ì©K_\x9b[0m" 400 -
188.166.2.111 - - [03/Oct/2025 07:40:48] code 400, message Bad request version ('À\x14À')
188.166.2.111 - - [03/Oct/2025 07:40:48] "[31m[1m\x16\x03\x01\x00{\x01\x00\x00w\x03\x03VøÎá\x8cCz÷t.Ý\x19GðÞs\x7f\x86\x1ax\x18\x1dZí\x92\x839\x13\x85\x04ç\x11\x00\x00\x1aÀ/À+À\x11À\x07À\x13À\x09À\x14À[0m" 400 -
188.166.2.111 - - [03/Oct/2025 07:40:48] "GET / HTTP/1.1" 200 -
34.19.127.179 - - [03/Oct/2025 07:40:58] code 400, message Bad request version ('À#À¬À®À+À')
34.19.127.179 - - [03/Oct/2025 07:40:58] "[31m[1m\x16\x03\x03\x01§\x01\x00\x01£\x03\x03öP\x08Lû\x85K\x8a±\x14\x9cc\x11dM¿MNP;I¢÷Ü¨é\x1eÓ¨¼\x92T «>\x11!¼Âw>ÛÁ7E³6ìöéÄ5\x97¹;­]°Dj?ôß\x86|\x00\x8a\x00\x16\x003\x00gÀ\x9eÀ¢\x00\x9e\x009\x00kÀ\x9fÀ£\x00\x9f\x00E\x00¾\x00\x88\x00Ä\x00\x9aÀ\x08À\x09À#À¬À®À+À[0m" 400 -
34.19.127.179 - - [03/Oct/2025 07:40:58] code 400, message Bad request version ('À\x9c\x00<\x00/\x00')
34.19.127.179 - - [03/Oct/2025 07:40:58] "[31m[1m\x16\x03\x03\x01§\x01\x00\x01£\x03\x03\x14éuÞÙFi¹$´v\\½´Ùosâ ö\x035òÁn×$\x82·BEí ë*4\x9a\x03³ð\x8fiPC\x9fÕG\x7f\x0f]\x8fªsünÍµÌÎúÁÓ;\x8b7\x00\x8a\x00\x05\x00\x04\x00\x07\x00À\x00\x84\x00º\x00A\x00\x9dÀ¡À\x9d\x00=\x005\x00\x9cÀ À\x9c\x00<\x00/\x00[0m" 400 -
34.19.127.179 - - [03/Oct/2025 07:40:58] code 400, message Bad request syntax ("\x16\x03\x03\x01X\x01\x00\x01T\x03\x03É\x02'î!")
34.19.127.179 - - [03/Oct/2025 07:40:58] "[31m[1m\x16\x03\x03\x01X\x01\x00\x01T\x03\x03É\x02'î![0m" 400 -
34.19.127.179 - - [03/Oct/2025 07:40:59] code 400, message Bad request version ("]/Ò\x88È*¯C>ý\x00DÀ\x13À'À/À\x14À(À0À`ÀaÀvÀwÌ¨\x13\x05\x13\x04\x13\x03Ì\x13À\x11\x00")
34.19.127.179 - - [03/Oct/2025 07:40:59] "[31m[1m\x16\x03\x03\x01J\x01\x00\x01F\x03\x03j³e\x96\x02#­ó\x1e%ß\x15\x15{\x9f\x00O\x92ÝvDq\x95Î\x8bX÷¨¯ä¸] »Âo¼\x87\x1e\x81\x14Þ\x87\x83è\x92£ÕÂ\x80;YÉ) ]/Ò\x88È*¯C>ý\x00DÀ\x13À'À/À\x14À(À0À`ÀaÀvÀwÌ¨\x13\x05\x13\x04\x13\x03Ì\x13À\x11\x00[0m" 400 -
34.19.127.179 - - [03/Oct/2025 07:40:59] code 400, message Bad request version ("à\x00\x9d¯\x19ÝêDs÷,ÈW¬9F}¸ohè\x12â\x00\x8cººÀ\x12À\x13À\x07À'Ì\x14À/\x13\x01À\x14\x13\x02À(Ì©À0ÀsÀ`ÀrÀaÀ,ÀvÀ¯ÀwÀ\xadÌ¨À$\x13\x05À")
34.19.127.179 - - [03/Oct/2025 07:40:59] "[31m[1m\x16\x03\x03\x01\x9b\x01\x00\x01\x97\x03\x03¬I¾Wûå4ï_\x80\x8eR`Ð(\x1cl2Õ×Þ\x82C·¼(£ÈÊÉ\x9dÓ \x9aÿ[\x9b1T2#\x1dà\x00\x9d¯\x19ÝêDs÷,ÈW¬9F}¸ohè\x12â\x00\x8cººÀ\x12À\x13À\x07À'Ì\x14À/\x13\x01À\x14\x13\x02À(Ì©À0ÀsÀ`ÀrÀaÀ,ÀvÀ¯ÀwÀ­Ì¨À$\x13\x05À[0m" 400 -
34.19.127.179 - - [03/Oct/2025 07:41:00] code 400, message Bad request version ('À#À¬À®À+À')
34.19.127.179 - - [03/Oct/2025 07:41:00] "[31m[1m\x16\x03\x02\x01\x9c\x01\x00\x01\x98\x03\x02&xThäÒ¼\x18/Ïf\x11ø-ôÀøpÅ½d\x1dã5Å\x98\x14?(\x10\x93­ áËuDÜ0>¡\x12#Þÿ\x82\x10´-Ë£óØ\x06²Ç\x05¬\x9aKQ\x17Ï\x1dm\x00\x8a\x00\x16\x003\x00gÀ\x9eÀ¢\x00\x9e\x009\x00kÀ\x9fÀ£\x00\x9f\x00E\x00¾\x00\x88\x00Ä\x00\x9aÀ\x08À\x09À#À¬À®À+À[0m" 400 -
34.19.127.179 - - [03/Oct/2025 07:41:00] code 400, message Bad request version ('À#À¬À®À+À')
34.19.127.179 - - [03/Oct/2025 07:41:00] "[31m[1m\x16\x03\x01\x01©\x01\x00\x01¥\x03\x03Ô\x89\x8b=gÒ\x08\x8c\x9a\x06$fÒ1D\x81\x0e¿ÒðÈ÷Á}9?m8\x7f\x84*? Ö¤ê\x14÷0;s~@?¢¬J\x18÷\x01Îâ3·\x09ìÙÇá>%\x13Ï5¿\x00\x8a\x00\x16\x003\x00gÀ\x9eÀ¢\x00\x9e\x009\x00kÀ\x9fÀ£\x00\x9f\x00E\x00¾\x00\x88\x00Ä\x00\x9aÀ\x08À\x09À#À¬À®À+À[0m" 400 -
34.19.127.179 - - [03/Oct/2025 07:41:01] code 400, message Bad request version ('À\x9c\x00<\x00/\x00')
34.19.127.179 - - [03/Oct/2025 07:41:01] "[31m[1m\x16\x03\x01\x01©\x01\x00\x01¥\x03\x03y\x8dG¬W\x1fâ¶\x14\x11\x06~\x89qÙr\x06fÞo\x1f\x85é·q9ê`7Ü%! \x8c\x0eä\x91\x09_Ý\x09Ø,\x147bØ9\x893ÖY×£­áS\x8e\x83t$\x84\x99s.\x00\x8a\x00\x05\x00\x04\x00\x07\x00À\x00\x84\x00º\x00A\x00\x9dÀ¡À\x9d\x00=\x005\x00\x9cÀ À\x9c\x00<\x00/\x00[0m" 400 -
34.19.127.179 - - [03/Oct/2025 07:41:01] code 400, message Bad HTTP/0.9 request type ('\x16\x03\x01\x01\x9f\x01\x00\x01\x9b\x03\x03\x97È\x00@Ò7»\x8aÏ')
34.19.127.179 - - [03/Oct/2025 07:41:01] "[31m[1m\x16\x03\x01\x01\x9f\x01\x00\x01\x9b\x03\x03\x97È\x00@Ò7»\x8aÏ\x1d§9R¤\x16\x03uYm£u¯A+\x9e1ô[0m" 400 -
34.19.127.179 - - [03/Oct/2025 07:41:02] code 400, message Bad request version ("4Us0«$\x83\x80qwÞ@_£ÎÃìçùÔ\x7f\x83ë\x18x\x00\x8c**À\x12À\x13À\x07À'Ì\x14À/\x13\x01À\x14\x13\x02À(Ì©À0ÀsÀ`ÀrÀaÀ,ÀvÀ¯ÀwÀ\xadÌ¨À$\x13\x05À")
34.19.127.179 - - [03/Oct/2025 07:41:02] "[31m[1m\x16\x03\x01\x01¶\x01\x00\x01²\x03\x03\x8d?+\x9d\x96uCË\x8b,Tl¢Z\x1bÞ\x94Û2\x1e\x0e\x81Ï\x01\x8e\x02\x9b\x12míe¡ \x87\x1aäRwí\x1d4Us0«$\x83\x80qwÞ@_£ÎÃìçùÔ\x7f\x83ë\x18x\x00\x8c**À\x12À\x13À\x07À'Ì\x14À/\x13\x01À\x14\x13\x02À(Ì©À0ÀsÀ`ÀrÀaÀ,ÀvÀ¯ÀwÀ­Ì¨À$\x13\x05À[0m" 400 -
34.19.116.50 - - [03/Oct/2025 07:41:02] code 400, message Bad HTTP/0.9 request type ('RFB')
34.19.116.50 - - [03/Oct/2025 07:41:02] "[31m[1mRFB 003.003[0m" 400 -
34.19.116.50 - - [03/Oct/2025 07:41:02] code 400, message Bad HTTP/0.9 request type ('\x03\x00\x00*%à\x00\x00\x00\x00\x00Cookie:')
34.19.116.50 - - [03/Oct/2025 07:41:02] "[31m[1m\x03\x00\x00*%à\x00\x00\x00\x00\x00Cookie: mstshash=test[0m" 400 -
34.19.116.50 - - [03/Oct/2025 07:41:02] code 400, message Bad request syntax ('envi')
34.19.116.50 - - [03/Oct/2025 07:41:02] "[31m[1menvi[0m" 400 -
34.19.116.50 - - [03/Oct/2025 07:41:02] code 400, message Bad request syntax ('stats')
34.19.116.50 - - [03/Oct/2025 07:41:02] "[31m[1mstats[0m" 400 -
34.19.116.50 - - [03/Oct/2025 07:41:02] code 400, message Bad HTTP/0.9 request type ('t3')
34.19.116.50 - - [03/Oct/2025 07:41:02] "[31m[1mt3 12.2.1[0m" 400 -
34.19.116.50 - - [03/Oct/2025 07:41:07] code 400, message Bad request syntax ('\x00\x00\x00\x01\x00\x00\x00\x01\x00\x00\x00\x04\x00\x00\x00\x08\x00\x00\x00\x01\x00\x00\x00\x00')
34.19.116.50 - - [03/Oct/2025 07:41:07] "[31m[1m\x00\x00\x00\x01\x00\x00\x00\x01\x00\x00\x00\x04\x00\x00\x00\x08\x00\x00\x00\x01\x00\x00\x00\x00[0m" 400 -
34.19.116.50 - - [03/Oct/2025 07:41:07] code 400, message Bad HTTP/0.9 request type ('GIOP\x01\x02\x00\x03\x00\x00\x00\x17\x00\x00\x00\x02\x00\x00\x00\x00\x00\x00\x00')
34.19.116.50 - - [03/Oct/2025 07:41:07] "[31m[1mGIOP\x01\x02\x00\x03\x00\x00\x00\x17\x00\x00\x00\x02\x00\x00\x00\x00\x00\x00\x00\x0bNameService[0m" 400 -
34.19.116.50 - - [03/Oct/2025 07:41:07] code 400, message Bad request syntax ('WHOAREYOU?')
34.19.116.50 - - [03/Oct/2025 07:41:07] "[31m[1mWHOAREYOU?[0m" 400 -
34.19.116.50 - - [03/Oct/2025 07:41:07] code 400, message Bad request version ('\x00\x00\x00\x00\x00\x00MSSQLServer\x00<\x90\x00\x00\x00')
34.19.116.50 - - [03/Oct/2025 07:41:07] "[31m[1m\x12\x01\x00:\x00\x00\x00\x00\x00\x00\x1a\x00\x06\x01\x00 \x00\x01\x02\x00!\x00\x0c\x03\x00-\x00\x04\x04\x001\x00\x01ÿ\x09\x00\x00\x00\x00\x00\x00MSSQLServer\x00<\x90\x00\x00\x00[0m" 400 -
34.19.116.50 - - [03/Oct/2025 07:41:07] code 400, message Bad request syntax ('\x00\x15zal238hcxjky129xz@!*#')
34.19.116.50 - - [03/Oct/2025 07:41:07] "[31m[1m\x00\x15zal238hcxjky129xz@!*#[0m" 400 -
34.19.116.50 - - [03/Oct/2025 07:41:07] code 400, message Bad request syntax ('help\\r\\n')
34.19.116.50 - - [03/Oct/2025 07:41:07] "[31m[1mhelp\\r\\n[0m" 400 -
34.19.116.50 - - [03/Oct/2025 07:41:07] code 400, message Bad request version ('\x00:\x00\x00\x00\x00AA\x00\x00\x00\x00\x00\x00\x00\x00\x00\x00\x00\x00\x00\x00\x00\x00\x00\x00\x00\x00\x00\x00\x00\x00(CONNECT_DATA=(COMMAND=VERSION))')
34.19.116.50 - - [03/Oct/2025 07:41:07] "[31m[1m\x00Z\x00\x00\x01\x00\x00\x00\x01:\x018\x00\x00 \x00\x7fÿÆ\x08\x00\x00\x00\x01\x00 \x00:\x00\x00\x00\x00AA\x00\x00\x00\x00\x00\x00\x00\x00\x00\x00\x00\x00\x00\x00\x00\x00\x00\x00\x00\x00\x00\x00\x00\x00(CONNECT_DATA=(COMMAND=VERSION))[0m" 400 -

Query
sql query: -- SSMS Query Start
SELECT TOP 1
  AdventureWorks2022.Production.Product.Name AS ProductName,
  SUM(AdventureWorks2022.Sales.SalesOrderDetail.LineTotal) AS TotalRevenue
FROM AdventureWorks2022.Sales.SalesOrderHeader
INNER JOIN AdventureWorks2022.Sales.SalesOrderDetail
  ON AdventureWorks2022.Sales.SalesOrderHeader.SalesOrderID = AdventureWorks2022.Sales.SalesOrderDetail.SalesOrderID
INNER JOIN AdventureWorks2022.Production.Product
  ON AdventureWorks2022.Sales.SalesOrderDetail.ProductID = AdventureWorks2022.Production.Product.ProductID
WHERE
  YEAR(AdventureWorks2022.Sales.SalesOrderHeader.OrderDate) = 2013 AND DATEPART(qq, AdventureWorks2022.Sales.SalesOrderHeader.OrderDate) = 4
GROUP BY
  AdventureWorks2022.Production.Product.Name
ORDER BY
  TotalRevenue DESC
query: SELECT TOP 1
  AdventureWorks2022.Production.Product.Name AS ProductName,
  SUM(AdventureWorks2022.Sales.SalesOrderDetail.LineTotal) AS TotalRevenue
FROM AdventureWorks2022.Sales.SalesOrderHeader
INNER JOIN AdventureWorks2022.Sales.SalesOrderDetail
  ON AdventureWorks2022.Sales.SalesOrderHeader.SalesOrderID = AdventureWorks2022.Sales.SalesOrderDetail.SalesOrderID
INNER JOIN AdventureWorks2022.Production.Product
  ON AdventureWorks2022.Sales.SalesOrderDetail.ProductID = AdventureWorks2022.Production.Product.ProductID
WHERE
  YEAR(AdventureWorks2022.Sales.SalesOrderHeader.OrderDate) = 2013 AND DATEPART(qq, AdventureWorks2022.Sales.SalesOrderHeader.OrderDate) = 4
GROUP BY
  AdventureWorks2022.Production.Product.Name
ORDER BY
  TotalRevenue DESC
Diagnostic
Query
sql query: -- SSMS Query Start
SELECT
  AdventureWorks2022.Sales.SalesTerritory.Name AS TerritoryName,
  SUM(AdventureWorks2022.Sales.SalesOrderDetail.LineTotal) AS TotalSales
FROM AdventureWorks2022.Sales.SalesOrderHeader
INNER JOIN AdventureWorks2022.Sales.SalesOrderDetail
  ON AdventureWorks2022.Sales.SalesOrderHeader.SalesOrderID = AdventureWorks2022.Sales.SalesOrderDetail.SalesOrderID
INNER JOIN AdventureWorks2022.Sales.SalesTerritory
  ON AdventureWorks2022.Sales.SalesOrderHeader.TerritoryID = AdventureWorks2022.Sales.SalesTerritory.TerritoryID
WHERE
  YEAR(AdventureWorks2022.Sales.SalesOrderHeader.OrderDate) = 2013 AND DATEPART(qq, AdventureWorks2022.Sales.SalesOrderHeader.OrderDate) IN (3, 4)
GROUP BY
  AdventureWorks2022.Sales.SalesTerritory.Name;
query: SELECT
  AdventureWorks2022.Sales.SalesTerritory.Name AS TerritoryName,
  SUM(AdventureWorks2022.Sales.SalesOrderDetail.LineTotal) AS TotalSales
FROM AdventureWorks2022.Sales.SalesOrderHeader
INNER JOIN AdventureWorks2022.Sales.SalesOrderDetail
  ON AdventureWorks2022.Sales.SalesOrderHeader.SalesOrderID = AdventureWorks2022.Sales.SalesOrderDetail.SalesOrderID
INNER JOIN AdventureWorks2022.Sales.SalesTerritory
  ON AdventureWorks2022.Sales.SalesOrderHeader.TerritoryID = AdventureWorks2022.Sales.SalesTerritory.TerritoryID
WHERE
  YEAR(AdventureWorks2022.Sales.SalesOrderHeader.OrderDate) = 2013 AND DATEPART(qq, AdventureWorks2022.Sales.SalesOrderHeader.OrderDate) IN (3, 4)
GROUP BY
  AdventureWorks2022.Sales.SalesTerritory.Name
Query
sql query: -- SSMS Query Start
SELECT
  YEAR(AdventureWorks2022.Sales.SalesOrderHeader.OrderDate) AS OrderYear,
  DATEPART(qq, AdventureWorks2022.Sales.SalesOrderHeader.OrderDate) AS OrderQuarter,
  AdventureWorks2022.Sales.SalesTerritory.Name AS TerritoryName,
  AdventureWorks2022.Production.Product.Name AS ProductName,
  SUM(AdventureWorks2022.Sales.SalesOrderDetail.LineTotal) AS TotalSales
FROM AdventureWorks2022.Sales.SalesOrderHeader
INNER JOIN AdventureWorks2022.Sales.SalesOrderDetail
  ON AdventureWorks2022.Sales.SalesOrderHeader.SalesOrderID = AdventureWorks2022.Sales.SalesOrderDetail.SalesOrderID
INNER JOIN AdventureWorks2022.Sales.SalesTerritory
  ON AdventureWorks2022.Sales.SalesOrderHeader.TerritoryID = AdventureWorks2022.Sales.SalesTerritory.TerritoryID
INNER JOIN AdventureWorks2022.Production.Product
  ON AdventureWorks2022.Sales.SalesOrderDetail.ProductID = AdventureWorks2022.Production.Product.ProductID
WHERE
  YEAR(AdventureWorks2022.Sales.SalesOrderHeader.OrderDate) = 2013 AND DATEPART(qq, AdventureWorks2022.Sales.SalesOrderHeader.OrderDate) IN (3, 4)
GROUP BY
  YEAR(AdventureWorks2022.Sales.SalesOrderHeader.OrderDate),
  DATEPART(qq, AdventureWorks2022.Sales.SalesOrderHeader.OrderDate),
  AdventureWorks2022.Sales.SalesTerritory.Name,
  AdventureWorks2022.Production.Product.Name
query: SELECT
  YEAR(AdventureWorks2022.Sales.SalesOrderHeader.OrderDate) AS OrderYear,
  DATEPART(qq, AdventureWorks2022.Sales.SalesOrderHeader.OrderDate) AS OrderQuarter,
  AdventureWorks2022.Sales.SalesTerritory.Name AS TerritoryName,
  AdventureWorks2022.Production.Product.Name AS ProductName,
  SUM(AdventureWorks2022.Sales.SalesOrderDetail.LineTotal) AS TotalSales
FROM AdventureWorks2022.Sales.SalesOrderHeader
INNER JOIN AdventureWorks2022.Sales.SalesOrderDetail
  ON AdventureWorks2022.Sales.SalesOrderHeader.SalesOrderID = AdventureWorks2022.Sales.SalesOrderDetail.SalesOrderID
INNER JOIN AdventureWorks2022.Sales.SalesTerritory
  ON AdventureWorks2022.Sales.SalesOrderHeader.TerritoryID = AdventureWorks2022.Sales.SalesTerritory.TerritoryID
INNER JOIN AdventureWorks2022.Production.Product
  ON AdventureWorks2022.Sales.SalesOrderDetail.ProductID = AdventureWorks2022.Production.Product.ProductID
WHERE
  YEAR(AdventureWorks2022.Sales.SalesOrderHeader.OrderDate) = 2013 AND DATEPART(qq, AdventureWorks2022.Sales.SalesOrderHeader.OrderDate) IN (3, 4)
GROUP BY
  YEAR(AdventureWorks2022.Sales.SalesOrderHeader.OrderDate),
  DATEPART(qq, AdventureWorks2022.Sales.SalesOrderHeader.OrderDate),
  AdventureWorks2022.Sales.SalesTerritory.Name,
  AdventureWorks2022.Production.Product.Name
Diagnostic
Query
sql query: -- SSMS Query Start
SELECT DISTINCT
    AdventureWorks2022.Sales.vIndividualCustomer.FirstName,
    AdventureWorks2022.Sales.vIndividualCustomer.LastName,
    AdventureWorks2022.Sales.vIndividualCustomer.City,
    AdventureWorks2022.Sales.vIndividualCustomer.StateProvinceName,
    AdventureWorks2022.Sales.vIndividualCustomer.CountryRegionName
FROM
    AdventureWorks2022.Sales.Customer AS c
INNER JOIN
    AdventureWorks2022.Sales.vIndividualCustomer AS vic
    ON c.PersonID = vic.BusinessEntityID
WHERE
    c.CustomerID IN (
        SELECT
            AdventureWorks2022.Sales.SalesOrderHeader.CustomerID
        FROM
            AdventureWorks2022.Sales.SalesOrderHeader
        WHERE
            YEAR(AdventureWorks2022.Sales.SalesOrderHeader.OrderDate) = 2013
        GROUP BY
            AdventureWorks2022.Sales.SalesOrderHeader.CustomerID
        HAVING
            COUNT(AdventureWorks2022.Sales.SalesOrderHeader.SalesOrderID) < 5
    );
query: SELECT DISTINCT
    AdventureWorks2022.Sales.vIndividualCustomer.FirstName,
    AdventureWorks2022.Sales.vIndividualCustomer.LastName,
    AdventureWorks2022.Sales.vIndividualCustomer.City,
    AdventureWorks2022.Sales.vIndividualCustomer.StateProvinceName,
    AdventureWorks2022.Sales.vIndividualCustomer.CountryRegionName
FROM
    AdventureWorks2022.Sales.Customer AS c
INNER JOIN
    AdventureWorks2022.Sales.vIndividualCustomer AS vic
    ON c.PersonID = vic.BusinessEntityID
WHERE
    c.CustomerID IN (
        SELECT
            AdventureWorks2022.Sales.SalesOrderHeader.CustomerID
        FROM
            AdventureWorks2022.Sales.SalesOrderHeader
        WHERE
            YEAR(AdventureWorks2022.Sales.SalesOrderHeader.OrderDate) = 2013
        GROUP BY
            AdventureWorks2022.Sales.SalesOrderHeader.CustomerID
        HAVING
            COUNT(AdventureWorks2022.Sales.SalesOrderHeader.SalesOrderID) < 5
    )
Query
sql query: -- SSMS Query Start
SELECT DISTINCT
    AdventureWorks2022.Sales.vIndividualCustomer.FirstName,
    AdventureWorks2022.Sales.vIndividualCustomer.LastName,
    AdventureWorks2022.Sales.vIndividualCustomer.City,
    AdventureWorks2022.Sales.vIndividualCustomer.StateProvinceName,
    AdventureWorks2022.Sales.vIndividualCustomer.CountryRegionName
FROM
    AdventureWorks2022.Sales.Customer AS c
INNER JOIN
    AdventureWorks2022.Sales.vIndividualCustomer AS vic
    ON c.PersonID = vic.BusinessEntityID
WHERE
    c.CustomerID IN (
        SELECT
            AdventureWorks2022.Sales.SalesOrderHeader.CustomerID
        FROM
            AdventureWorks2022.Sales.SalesOrderHeader
        WHERE
            YEAR(AdventureWorks2022.Sales.SalesOrderHeader.OrderDate) = 2013
            AND DATEPART(qq, AdventureWorks2022.Sales.SalesOrderHeader.OrderDate) = 3
        GROUP BY
            AdventureWorks2022.Sales.SalesOrderHeader.CustomerID
        HAVING
            COUNT(AdventureWorks2022.Sales.SalesOrderHeader.SalesOrderID) < 5
    );2025-10-03 07:41:19.855 Uncaught app execution
Traceback (most recent call last):
  File "/home/ec2-user/.local/lib/python3.11/site-packages/sqlalchemy/engine/base.py", line 1967, in _exec_single_context
    self.dialect.do_execute(
  File "/home/ec2-user/.local/lib/python3.11/site-packages/sqlalchemy/engine/default.py", line 951, in do_execute
    cursor.execute(statement, parameters)
pyodbc.ProgrammingError: ('42000', '[42000] [Microsoft][ODBC Driver 17 for SQL Server][SQL Server]The multi-part identifier "AdventureWorks2022.Sales.vIndividualCustomer.FirstName" could not be bound. (4104) (SQLExecDirectW)')

The above exception was the direct cause of the following exception:

Traceback (most recent call last):
  File "/home/ec2-user/.local/lib/python3.11/site-packages/streamlit/runtime/scriptrunner/exec_code.py", line 128, in exec_func_with_error_handling
    result = func()
             ^^^^^^
  File "/home/ec2-user/.local/lib/python3.11/site-packages/streamlit/runtime/scriptrunner/script_runner.py", line 669, in code_to_exec
    exec(code, module.__dict__)  # noqa: S102
    ^^^^^^^^^^^^^^^^^^^^^^^^^^^
  File "/home/ec2-user/NEW_REPO_DATAGENIE/Back_test.py", line 450, in <module>
    df = pd.read_sql(query, engine)
         ^^^^^^^^^^^^^^^^^^^^^^^^^^
  File "/home/ec2-user/.local/lib/python3.11/site-packages/pandas/io/sql.py", line 736, in read_sql
    return pandas_sql.read_query(
           ^^^^^^^^^^^^^^^^^^^^^^
  File "/home/ec2-user/.local/lib/python3.11/site-packages/pandas/io/sql.py", line 1848, in read_query
    result = self.execute(sql, params)
             ^^^^^^^^^^^^^^^^^^^^^^^^^
  File "/home/ec2-user/.local/lib/python3.11/site-packages/pandas/io/sql.py", line 1671, in execute
    return self.con.exec_driver_sql(sql, *args)
           ^^^^^^^^^^^^^^^^^^^^^^^^^^^^^^^^^^^^
  File "/home/ec2-user/.local/lib/python3.11/site-packages/sqlalchemy/engine/base.py", line 1779, in exec_driver_sql
    ret = self._execute_context(
          ^^^^^^^^^^^^^^^^^^^^^^
  File "/home/ec2-user/.local/lib/python3.11/site-packages/sqlalchemy/engine/base.py", line 1846, in _execute_context
    return self._exec_single_context(
           ^^^^^^^^^^^^^^^^^^^^^^^^^^
  File "/home/ec2-user/.local/lib/python3.11/site-packages/sqlalchemy/engine/base.py", line 1986, in _exec_single_context
    self._handle_dbapi_exception(
  File "/home/ec2-user/.local/lib/python3.11/site-packages/sqlalchemy/engine/base.py", line 2355, in _handle_dbapi_exception
    raise sqlalchemy_exception.with_traceback(exc_info[2]) from e
  File "/home/ec2-user/.local/lib/python3.11/site-packages/sqlalchemy/engine/base.py", line 1967, in _exec_single_context
    self.dialect.do_execute(
  File "/home/ec2-user/.local/lib/python3.11/site-packages/sqlalchemy/engine/default.py", line 951, in do_execute
    cursor.execute(statement, parameters)
sqlalchemy.exc.ProgrammingError: (pyodbc.ProgrammingError) ('42000', '[42000] [Microsoft][ODBC Driver 17 for SQL Server][SQL Server]The multi-part identifier "AdventureWorks2022.Sales.vIndividualCustomer.FirstName" could not be bound. (4104) (SQLExecDirectW)')
[SQL: SELECT DISTINCT
    AdventureWorks2022.Sales.vIndividualCustomer.FirstName,
    AdventureWorks2022.Sales.vIndividualCustomer.LastName,
    AdventureWorks2022.Sales.vIndividualCustomer.City,
    AdventureWorks2022.Sales.vIndividualCustomer.StateProvinceName,
    AdventureWorks2022.Sales.vIndividualCustomer.CountryRegionName
FROM
    AdventureWorks2022.Sales.Customer AS c
INNER JOIN
    AdventureWorks2022.Sales.vIndividualCustomer AS vic
    ON c.PersonID = vic.BusinessEntityID
WHERE
    c.CustomerID IN (
        SELECT
            AdventureWorks2022.Sales.SalesOrderHeader.CustomerID
        FROM
            AdventureWorks2022.Sales.SalesOrderHeader
        WHERE
            YEAR(AdventureWorks2022.Sales.SalesOrderHeader.OrderDate) = 2013
            AND DATEPART(qq, AdventureWorks2022.Sales.SalesOrderHeader.OrderDate) = 3
        GROUP BY
            AdventureWorks2022.Sales.SalesOrderHeader.CustomerID
        HAVING
            COUNT(AdventureWorks2022.Sales.SalesOrderHeader.SalesOrderID) < 5
    )]
(Background on this error at: https://sqlalche.me/e/20/f405)
2025-10-03 07:42:04.710 Uncaught app execution
Traceback (most recent call last):
  File "/home/ec2-user/.local/lib/python3.11/site-packages/sqlalchemy/engine/base.py", line 1967, in _exec_single_context
    self.dialect.do_execute(
  File "/home/ec2-user/.local/lib/python3.11/site-packages/sqlalchemy/engine/default.py", line 951, in do_execute
    cursor.execute(statement, parameters)
pyodbc.ProgrammingError: ('42000', '[42000] [Microsoft][ODBC Driver 17 for SQL Server][SQL Server]The multi-part identifier "AdventureWorks2022.Sales.vIndividualCustomer.FirstName" could not be bound. (4104) (SQLExecDirectW)')

The above exception was the direct cause of the following exception:

Traceback (most recent call last):
  File "/home/ec2-user/.local/lib/python3.11/site-packages/streamlit/runtime/scriptrunner/exec_code.py", line 128, in exec_func_with_error_handling
    result = func()
             ^^^^^^
  File "/home/ec2-user/.local/lib/python3.11/site-packages/streamlit/runtime/scriptrunner/script_runner.py", line 669, in code_to_exec
    exec(code, module.__dict__)  # noqa: S102
    ^^^^^^^^^^^^^^^^^^^^^^^^^^^
  File "/home/ec2-user/NEW_REPO_DATAGENIE/Back_test.py", line 450, in <module>
    df = pd.read_sql(query, engine)
         ^^^^^^^^^^^^^^^^^^^^^^^^^^
  File "/home/ec2-user/.local/lib/python3.11/site-packages/pandas/io/sql.py", line 736, in read_sql
    return pandas_sql.read_query(
           ^^^^^^^^^^^^^^^^^^^^^^
  File "/home/ec2-user/.local/lib/python3.11/site-packages/pandas/io/sql.py", line 1848, in read_query
    result = self.execute(sql, params)
             ^^^^^^^^^^^^^^^^^^^^^^^^^
  File "/home/ec2-user/.local/lib/python3.11/site-packages/pandas/io/sql.py", line 1671, in execute
    return self.con.exec_driver_sql(sql, *args)
           ^^^^^^^^^^^^^^^^^^^^^^^^^^^^^^^^^^^^
  File "/home/ec2-user/.local/lib/python3.11/site-packages/sqlalchemy/engine/base.py", line 1779, in exec_driver_sql
    ret = self._execute_context(
          ^^^^^^^^^^^^^^^^^^^^^^
  File "/home/ec2-user/.local/lib/python3.11/site-packages/sqlalchemy/engine/base.py", line 1846, in _execute_context
    return self._exec_single_context(
           ^^^^^^^^^^^^^^^^^^^^^^^^^^
  File "/home/ec2-user/.local/lib/python3.11/site-packages/sqlalchemy/engine/base.py", line 1986, in _exec_single_context
    self._handle_dbapi_exception(
  File "/home/ec2-user/.local/lib/python3.11/site-packages/sqlalchemy/engine/base.py", line 2355, in _handle_dbapi_exception
    raise sqlalchemy_exception.with_traceback(exc_info[2]) from e
  File "/home/ec2-user/.local/lib/python3.11/site-packages/sqlalchemy/engine/base.py", line 1967, in _exec_single_context
    self.dialect.do_execute(
  File "/home/ec2-user/.local/lib/python3.11/site-packages/sqlalchemy/engine/default.py", line 951, in do_execute
    cursor.execute(statement, parameters)
sqlalchemy.exc.ProgrammingError: (pyodbc.ProgrammingError) ('42000', '[42000] [Microsoft][ODBC Driver 17 for SQL Server][SQL Server]The multi-part identifier "AdventureWorks2022.Sales.vIndividualCustomer.FirstName" could not be bound. (4104) (SQLExecDirectW)')
[SQL: SELECT DISTINCT
    AdventureWorks2022.Sales.vIndividualCustomer.FirstName,
    AdventureWorks2022.Sales.vIndividualCustomer.LastName,
    AdventureWorks2022.Sales.vIndividualCustomer.City,
    AdventureWorks2022.Sales.vIndividualCustomer.StateProvinceName,
    AdventureWorks2022.Sales.vIndividualCustomer.CountryRegionName
FROM
    AdventureWorks2022.Sales.Customer AS c
INNER JOIN
    AdventureWorks2022.Sales.vIndividualCustomer AS vic
    ON c.PersonID = vic.BusinessEntityID
WHERE
    c.CustomerID IN (
        SELECT
            AdventureWorks2022.Sales.SalesOrderHeader.CustomerID
        FROM
            AdventureWorks2022.Sales.SalesOrderHeader
        WHERE
            YEAR(AdventureWorks2022.Sales.SalesOrderHeader.OrderDate) = 2013
            AND DATEPART(qq, AdventureWorks2022.Sales.SalesOrderHeader.OrderDate) = 3
        GROUP BY
            AdventureWorks2022.Sales.SalesOrderHeader.CustomerID
        HAVING
            COUNT(AdventureWorks2022.Sales.SalesOrderHeader.SalesOrderID) < 5
    )]
(Background on this error at: https://sqlalche.me/e/20/f405)
152.59.33.46 - - [03/Oct/2025 07:44:24] "[32mPOST /login HTTP/1.1[0m" 302 -

Collecting usage statistics. To deactivate, set browser.gatherUsageStats to false.

2025-10-03 07:44:25.378 Port 8501 is already in use
2025-10-03 07:45:09.411 Uncaught app execution
Traceback (most recent call last):
  File "/home/ec2-user/.local/lib/python3.11/site-packages/streamlit/runtime/scriptrunner/exec_code.py", line 128, in exec_func_with_error_handling
    result = func()
             ^^^^^^
  File "/home/ec2-user/.local/lib/python3.11/site-packages/streamlit/runtime/scriptrunner/script_runner.py", line 669, in code_to_exec
    exec(code, module.__dict__)  # noqa: S102
    ^^^^^^^^^^^^^^^^^^^^^^^^^^^
  File "/home/ec2-user/NEW_REPO_DATAGENIE/Back_test.py", line 234, in <module>
    st.dataframe(new_df1)
  File "/home/ec2-user/.local/lib/python3.11/site-packages/streamlit/runtime/metrics_util.py", line 443, in wrapped_func
    result = non_optional_func(*args, **kwargs)
             ^^^^^^^^^^^^^^^^^^^^^^^^^^^^^^^^^^
  File "/home/ec2-user/.local/lib/python3.11/site-packages/streamlit/elements/arrow.py", line 624, in dataframe
    proto.data = dataframe_util.convert_pandas_df_to_arrow_bytes(data_df)
                 ^^^^^^^^^^^^^^^^^^^^^^^^^^^^^^^^^^^^^^^^^^^^^^^^^^^^^^^^
  File "/home/ec2-user/.local/lib/python3.11/site-packages/streamlit/dataframe_util.py", line 821, in convert_pandas_df_to_arrow_bytes
    table = pa.Table.from_pandas(df)
            ^^^^^^^^^^^^^^^^^^^^^^^^
  File "pyarrow/table.pxi", line 4795, in pyarrow.lib.Table.from_pandas
  File "/home/ec2-user/.local/lib/python3.11/site-packages/pyarrow/pandas_compat.py", line 594, in dataframe_to_arrays
    convert_fields) = _get_columns_to_convert(df, schema, preserve_index,
                      ^^^^^^^^^^^^^^^^^^^^^^^^^^^^^^^^^^^^^^^^^^^^^^^^^^^
  File "/home/ec2-user/.local/lib/python3.11/site-packages/pyarrow/pandas_compat.py", line 374, in _get_columns_to_convert
    raise ValueError(
ValueError: Duplicate column names found: ['', '', '']
2025-10-03 07:45:37.792 Uncaught app execution
Traceback (most recent call last):
  File "/home/ec2-user/.local/lib/python3.11/site-packages/streamlit/runtime/scriptrunner/exec_code.py", line 128, in exec_func_with_error_handling
    result = func()
             ^^^^^^
  File "/home/ec2-user/.local/lib/python3.11/site-packages/streamlit/runtime/scriptrunner/script_runner.py", line 669, in code_to_exec
    exec(code, module.__dict__)  # noqa: S102
    ^^^^^^^^^^^^^^^^^^^^^^^^^^^
  File "/home/ec2-user/NEW_REPO_DATAGENIE/Back_test.py", line 234, in <module>
    st.dataframe(new_df1)
  File "/home/ec2-user/.local/lib/python3.11/site-packages/streamlit/runtime/metrics_util.py", line 443, in wrapped_func
    result = non_optional_func(*args, **kwargs)
             ^^^^^^^^^^^^^^^^^^^^^^^^^^^^^^^^^^
  File "/home/ec2-user/.local/lib/python3.11/site-packages/streamlit/elements/arrow.py", line 624, in dataframe
    proto.data = dataframe_util.convert_pandas_df_to_arrow_bytes(data_df)
                 ^^^^^^^^^^^^^^^^^^^^^^^^^^^^^^^^^^^^^^^^^^^^^^^^^^^^^^^^
  File "/home/ec2-user/.local/lib/python3.11/site-packages/streamlit/dataframe_util.py", line 821, in convert_pandas_df_to_arrow_bytes
    table = pa.Table.from_pandas(df)
            ^^^^^^^^^^^^^^^^^^^^^^^^
  File "pyarrow/table.pxi", line 4795, in pyarrow.lib.Table.from_pandas
  File "/home/ec2-user/.local/lib/python3.11/site-packages/pyarrow/pandas_compat.py", line 594, in dataframe_to_arrays
    convert_fields) = _get_columns_to_convert(df, schema, preserve_index,
                      ^^^^^^^^^^^^^^^^^^^^^^^^^^^^^^^^^^^^^^^^^^^^^^^^^^^
  File "/home/ec2-user/.local/lib/python3.11/site-packages/pyarrow/pandas_compat.py", line 374, in _get_columns_to_convert
    raise ValueError(
ValueError: Duplicate column names found: ['', '', '']

query: SELECT DISTINCT
    AdventureWorks2022.Sales.vIndividualCustomer.FirstName,
    AdventureWorks2022.Sales.vIndividualCustomer.LastName,
    AdventureWorks2022.Sales.vIndividualCustomer.City,
    AdventureWorks2022.Sales.vIndividualCustomer.StateProvinceName,
    AdventureWorks2022.Sales.vIndividualCustomer.CountryRegionName
FROM
    AdventureWorks2022.Sales.Customer AS c
INNER JOIN
    AdventureWorks2022.Sales.vIndividualCustomer AS vic
    ON c.PersonID = vic.BusinessEntityID
WHERE
    c.CustomerID IN (
        SELECT
            AdventureWorks2022.Sales.SalesOrderHeader.CustomerID
        FROM
            AdventureWorks2022.Sales.SalesOrderHeader
        WHERE
            YEAR(AdventureWorks2022.Sales.SalesOrderHeader.OrderDate) = 2013
            AND DATEPART(qq, AdventureWorks2022.Sales.SalesOrderHeader.OrderDate) = 3
        GROUP BY
            AdventureWorks2022.Sales.SalesOrderHeader.CustomerID
        HAVING
            COUNT(AdventureWorks2022.Sales.SalesOrderHeader.SalesOrderID) < 5
    )
Query
sql query: -- SSMS Query Start
SELECT DISTINCT
    AdventureWorks2022.Sales.vIndividualCustomer.FirstName,
    AdventureWorks2022.Sales.vIndividualCustomer.LastName,
    AdventureWorks2022.Sales.vIndividualCustomer.City,
    AdventureWorks2022.Sales.vIndividualCustomer.StateProvinceName,
    AdventureWorks2022.Sales.vIndividualCustomer.CountryRegionName
FROM
    AdventureWorks2022.Sales.Customer AS c
INNER JOIN
    AdventureWorks2022.Sales.vIndividualCustomer AS vic
    ON c.PersonID = vic.BusinessEntityID
WHERE
    c.CustomerID IN (
        SELECT
            AdventureWorks2022.Sales.SalesOrderHeader.CustomerID
        FROM
            AdventureWorks2022.Sales.SalesOrderHeader
        WHERE
            YEAR(AdventureWorks2022.Sales.SalesOrderHeader.OrderDate) = 2013
            AND DATEPART(qq, AdventureWorks2022.Sales.SalesOrderHeader.OrderDate) = 3
        GROUP BY
            AdventureWorks2022.Sales.SalesOrderHeader.CustomerID
        HAVING
            COUNT(AdventureWorks2022.Sales.SalesOrderHeader.SalesOrderID) < 5
    )
query: SELECT DISTINCT
    AdventureWorks2022.Sales.vIndividualCustomer.FirstName,
    AdventureWorks2022.Sales.vIndividualCustomer.LastName,
    AdventureWorks2022.Sales.vIndividualCustomer.City,
    AdventureWorks2022.Sales.vIndividualCustomer.StateProvinceName,
    AdventureWorks2022.Sales.vIndividualCustomer.CountryRegionName
FROM
    AdventureWorks2022.Sales.Customer AS c
INNER JOIN
    AdventureWorks2022.Sales.vIndividualCustomer AS vic
    ON c.PersonID = vic.BusinessEntityID
WHERE
    c.CustomerID IN (
        SELECT
            AdventureWorks2022.Sales.SalesOrderHeader.CustomerID
        FROM
            AdventureWorks2022.Sales.SalesOrderHeader
        WHERE
            YEAR(AdventureWorks2022.Sales.SalesOrderHeader.OrderDate) = 2013
            AND DATEPART(qq, AdventureWorks2022.Sales.SalesOrderHeader.OrderDate) = 3
        GROUP BY
            AdventureWorks2022.Sales.SalesOrderHeader.CustomerID
        HAVING
            COUNT(AdventureWorks2022.Sales.SalesOrderHeader.SalesOrderID) < 5
    )
Query
sql query: -- SSMS Query Start
SELECT
    YEAR(AdventureWorks2022.Sales.SalesOrderHeader.OrderDate) AS OrderYear,
    SUM(AdventureWorks2022.Sales.SalesOrderDetail.OrderQty) AS TotalOrderQuantity,
    AVG(AdventureWorks2022.Sales.SalesOrderDetail.UnitPrice) AS AverageUnitPrice
FROM
    AdventureWorks2022.Sales.SalesOrderHeader
INNER JOIN
    AdventureWorks2022.Sales.SalesOrderDetail
    ON AdventureWorks2022.Sales.SalesOrderHeader.SalesOrderID = AdventureWorks2022.Sales.SalesOrderDetail.SalesOrderID
GROUP BY
    YEAR(AdventureWorks2022.Sales.SalesOrderHeader.OrderDate)
ORDER BY
    OrderYear;
query: SELECT
    YEAR(AdventureWorks2022.Sales.SalesOrderHeader.OrderDate) AS OrderYear,
    SUM(AdventureWorks2022.Sales.SalesOrderDetail.OrderQty) AS TotalOrderQuantity,
    AVG(AdventureWorks2022.Sales.SalesOrderDetail.UnitPrice) AS AverageUnitPrice
FROM
    AdventureWorks2022.Sales.SalesOrderHeader
INNER JOIN
    AdventureWorks2022.Sales.SalesOrderDetail
    ON AdventureWorks2022.Sales.SalesOrderHeader.SalesOrderID = AdventureWorks2022.Sales.SalesOrderDetail.SalesOrderID
GROUP BY
    YEAR(AdventureWorks2022.Sales.SalesOrderHeader.OrderDate)
ORDER BY
    OrderYear
Query
sql query: -- SSMS Query Start
SELECT
    YEAR(AdventureWorks2022.Sales.SalesOrderHeader.OrderDate) AS OrderYear,
    AdventureWorks2022.Production.Product.Name,
    SUM(AdventureWorks2022.Sales.SalesOrderDetail.OrderQty) AS TotalOrderQuantity,
    AVG(AdventureWorks2022.Sales.SalesOrderDetail.UnitPrice) AS AverageUnitPrice
FROM
    AdventureWorks2022.Sales.SalesOrderHeader
INNER JOIN
    AdventureWorks2022.Sales.SalesOrderDetail
    ON AdventureWorks2022.Sales.SalesOrderHeader.SalesOrderID = AdventureWorks2022.Sales.SalesOrderDetail.SalesOrderID
INNER JOIN
    AdventureWorks2022.Production.Product
    ON AdventureWorks2022.Sales.SalesOrderDetail.ProductID = AdventureWorks2022.Production.Product.ProductID
GROUP BY
    YEAR(AdventureWorks2022.Sales.SalesOrderHeader.OrderDate),
    AdventureWorks2022.Production.Product.Name
ORDER BY
    OrderYear,
    AdventureWorks2022.Production.Product.Name
query: SELECT
    YEAR(AdventureWorks2022.Sales.SalesOrderHeader.OrderDate) AS OrderYear,
    AdventureWorks2022.Production.Product.Name,
    SUM(AdventureWorks2022.Sales.SalesOrderDetail.OrderQty) AS TotalOrderQuantity,
    AVG(AdventureWorks2022.Sales.SalesOrderDetail.UnitPrice) AS AverageUnitPrice
FROM
    AdventureWorks2022.Sales.SalesOrderHeader
INNER JOIN
    AdventureWorks2022.Sales.SalesOrderDetail
    ON AdventureWorks2022.Sales.SalesOrderHeader.SalesOrderID = AdventureWorks2022.Sales.SalesOrderDetail.SalesOrderID
INNER JOIN
    AdventureWorks2022.Production.Product
    ON AdventureWorks2022.Sales.SalesOrderDetail.ProductID = AdventureWorks2022.Production.Product.ProductID
GROUP BY
    YEAR(AdventureWorks2022.Sales.SalesOrderHeader.OrderDate),
    AdventureWorks2022.Production.Product.Name
ORDER BY
    OrderYear,
    AdventureWorks2022.Production.Product.Name
Query
sql query: -- SSMS Query Start
SELECT
  YEAR(AdventureWorks2022.Sales.SalesOrderHeader.OrderDate),
  SUM(AdventureWorks2022.Sales.SalesOrderDetail.OrderQty),
  SUM(AdventureWorks2022.Sales.SalesOrderDetail.UnitPrice)
FROM AdventureWorks2022.Sales.SalesOrderHeader
INNER JOIN AdventureWorks2022.Sales.SalesOrderDetail
  ON AdventureWorks2022.Sales.SalesOrderHeader.SalesOrderID = AdventureWorks2022.Sales.SalesOrderDetail.SalesOrderID
GROUP BY
  YEAR(AdventureWorks2022.Sales.SalesOrderHeader.OrderDate);
query: SELECT
  YEAR(AdventureWorks2022.Sales.SalesOrderHeader.OrderDate),
  SUM(AdventureWorks2022.Sales.SalesOrderDetail.OrderQty),
  SUM(AdventureWorks2022.Sales.SalesOrderDetail.UnitPrice)
FROM AdventureWorks2022.Sales.SalesOrderHeader
INNER JOIN AdventureWorks2022.Sales.SalesOrderDetail
  ON AdventureWorks2022.Sales.SalesOrderHeader.SalesOrderID = AdventureWorks2022.Sales.SalesOrderDetail.SalesOrderID
GROUP BY
  YEAR(AdventureWorks2022.Sales.SalesOrderHeader.OrderDate)
Query
sql query: -- SSMS Query Start
SELECT
  YEAR(AdventureWorks2022.Sales.SalesOrderHeader.OrderDate),
  SUM(AdventureWorks2022.Sales.SalesOrderDetail.OrderQty),
  AVG(AdventureWorks2022.Sales.SalesOrderDetail.UnitPrice)
FROM AdventureWorks2022.Sales.SalesOrderHeader
INNER JOIN AdventureWorks2022.Sales.SalesOrderDetail
  ON AdventureWorks2022.Sales.SalesOrderHeader.SalesOrderID = AdventureWorks2022.Sales.SalesOrderDetail.SalesOrderID
GROUP BY
  YEAR(AdventureWorks2022.Sales.SalesOrderHeader.OrderDate);
query: SELECT
  YEAR(AdventureWorks2022.Sales.SalesOrderHeader.OrderDate),
  SUM(AdventureWorks2022.Sales.SalesOrderDetail.OrderQty),
  AVG(AdventureWorks2022.Sales.SalesOrderDetail.UnitPrice)
FROM AdventureWorks2022.Sales.SalesOrderHeader
INNER JOIN AdventureWorks2022.Sales.SalesOrderDetail
  ON AdventureWorks2022.Sales.SalesOrderHeader.SalesOrderID = AdventureWorks2022.Sales.SalesOrderDetail.SalesOrderID
GROUP BY
  YEAR(AdventureWorks2022.Sales.SalesOrderHeader.OrderDate)
Query
sql query: -- SSMS Query Start
SELECT
  AdventureWorks2022.Sales.Customer.CustomerID,
  AdventureWorks2022.Sales.Customer.AccountNumber
FROM AdventureWorks2022.Sales.SalesOrderHeader
INNER JOIN AdventureWorks2022.Sales.Customer
  ON AdventureWorks2022.Sales.SalesOrderHeader.CustomerID = AdventureWorks2022.Sales.Customer.CustomerID
WHERE
  YEAR(AdventureWorks2022.Sales.SalesOrderHeader.OrderDate) = 2013
GROUP BY
  AdventureWorks2022.Sales.Customer.CustomerID,
  AdventureWorks2022.Sales.Customer.AccountNumber
HAVING
  COUNT(AdventureWorks2022.Sales.SalesOrderHeader.SalesOrderID) < 5;3.149.59.26 - - [03/Oct/2025 07:50:28] "GET / HTTP/1.1" 200 -
3.149.59.26 - - [03/Oct/2025 07:52:11] "GET / HTTP/1.1" 200 -
3.149.59.26 - - [03/Oct/2025 07:56:38] code 400, message Bad request syntax ('SSH-2.0-Go')
3.149.59.26 - - [03/Oct/2025 07:56:38] "[31m[1mSSH-2.0-Go[0m" 400 -
3.149.59.26 - - [03/Oct/2025 07:58:16] code 400, message Bad request version ('À\x14À')
3.149.59.26 - - [03/Oct/2025 07:58:16] "[31m[1m\x16\x03\x01\x00{\x01\x00\x00w\x03\x03]ËKxâ¿ÿÖL\x95ü¹\x83_Ð°¯¥\x8b; \x04þOC?[LIyáü\x00\x00\x1aÀ/À+À\x11À\x07À\x13À\x09À\x14À[0m" 400 -
34.19.127.179 - - [03/Oct/2025 08:42:14] code 400, message Bad request syntax ('\x804\x01\x00\x02\x00\x1b\x00\x00\x00\x10\x05\x00\x80\x03\x00\x80\x01\x00\x80\x07\x00À\x08\x00\x80\x06\x00@\x04\x00\x80\x02\x00\x80\x00\x00\x00\x00\x01\x02\x03\x04\x05\x06\x07\x08\t')
34.19.127.179 - - [03/Oct/2025 08:42:14] "[31m[1m\x804\x01\x00\x02\x00\x1b\x00\x00\x00\x10\x05\x00\x80\x03\x00\x80\x01\x00\x80\x07\x00À\x08\x00\x80\x06\x00@\x04\x00\x80\x02\x00\x80\x00\x00\x00\x00\x01\x02\x03\x04\x05\x06\x07\x08\x09[0m" 400 -
34.19.127.178 - - [03/Oct/2025 08:42:15] code 400, message Bad request version ('\x00/\x00')
34.19.127.178 - - [03/Oct/2025 08:42:15] "[31m[1m\x16\x03\x00\x00i\x01\x00\x00e\x03\x03U\x1c§ärandom1random2random3random4\x00\x00\x0c\x00/\x00[0m" 400 -
34.19.127.179 - - [03/Oct/2025 08:42:15] code 400, message Bad request syntax ('\x16\x03\x00\x00è\x01\x00\x00ä\x03\x00hß\x8cg\x00\x01\x02\x03\x04\x05\x06\x07\x08\t')
34.19.127.179 - - [03/Oct/2025 08:42:15] "[31m[1m\x16\x03\x00\x00è\x01\x00\x00ä\x03\x00hß\x8cg\x00\x01\x02\x03\x04\x05\x06\x07\x08\x09[0m" 400 -
34.19.127.179 - - [03/Oct/2025 08:42:15] code 400, message Bad request version ('\x00')
34.19.127.179 - - [03/Oct/2025 08:42:15] "[31m[1m\x16\x03\x01\x03\x82\x01\x00\x03~\x03\x01hß\x8cg\x04S­þ¡ÆÍ\x95?:î,Þ­\x0eÄn!/[ÿ\x94Oò\x91\x08p\x89 ,|\x90 Èï°·ecÑN\x03×ñå¢J\x12}2¾2\x14Ã1S«U¥sB\x02¾\x00\x00\x00\x01\x00\x02\x00\x03\x00\x04\x00\x05\x00\x06\x00\x07\x00\x08\x00\x09\x00[0m" 400 -
34.19.127.178 - - [03/Oct/2025 08:42:15] code 400, message Bad request syntax ('\x804\x01\x00\x02\x00\x1b\x00\x00\x00\x10\x05\x00\x80\x03\x00\x80\x01\x00\x80\x07\x00À\x08\x00\x80\x06\x00@\x04\x00\x80\x02\x00\x80\x00\x00\x00\x00\x01\x02\x03\x04\x05\x06\x07\x08\t')
34.19.127.178 - - [03/Oct/2025 08:42:15] "[31m[1m\x804\x01\x00\x02\x00\x1b\x00\x00\x00\x10\x05\x00\x80\x03\x00\x80\x01\x00\x80\x07\x00À\x08\x00\x80\x06\x00@\x04\x00\x80\x02\x00\x80\x00\x00\x00\x00\x01\x02\x03\x04\x05\x06\x07\x08\x09[0m" 400 -
34.19.127.179 - - [03/Oct/2025 08:42:16] code 400, message Bad request version ('\x00')
34.19.127.179 - - [03/Oct/2025 08:42:16] "[31m[1m\x16\x03\x02\x03\x82\x01\x00\x03~\x03\x02hß\x8cg\x04S­þ¡ÆÍ\x95?:î,Þ­\x0eÄn!/[ÿ\x94Oò\x91\x08p\x89 ,|\x90 Èï°·ecÑN\x03×ñå¢J\x12}2¾2\x14Ã1S«U¥sB\x02¾\x00\x00\x00\x01\x00\x02\x00\x03\x00\x04\x00\x05\x00\x06\x00\x07\x00\x08\x00\x09\x00[0m" 400 -
34.19.127.178 - - [03/Oct/2025 08:42:16] code 400, message Bad request syntax ('\x16\x03\x00\x00è\x01\x00\x00ä\x03\x00hß\x8ch\x00\x01\x02\x03\x04\x05\x06\x07\x08\t')
34.19.127.178 - - [03/Oct/2025 08:42:16] "[31m[1m\x16\x03\x00\x00è\x01\x00\x00ä\x03\x00hß\x8ch\x00\x01\x02\x03\x04\x05\x06\x07\x08\x09[0m" 400 -
34.19.127.179 - - [03/Oct/2025 08:42:16] code 400, message Bad request version ('\x00')
34.19.127.179 - - [03/Oct/2025 08:42:16] "[31m[1m\x16\x03\x03\x03\x82\x01\x00\x03~\x03\x03hß\x8chûR­ÿ\x8dÆÍ\x96\x1e:î-®­\x0eÅM!/\\ë\x94Oó\x88\x08p\x8a \x1c|\x90!¯ï°¸AcÑOÒÖñæbJ\x12~\x01¾2\x15\x9f1S¬<¥sC\x02¾\x00\x00\x00\x01\x00\x02\x00\x03\x00\x04\x00\x05\x00\x06\x00\x07\x00\x08\x00\x09\x00[0m" 400 -
34.19.127.178 - - [03/Oct/2025 08:42:17] code 400, message Bad request version ('\x00')
34.19.127.178 - - [03/Oct/2025 08:42:17] "[31m[1m\x16\x03\x01\x03\x82\x01\x00\x03~\x03\x01hß\x8chûR­ÿ\x8dÆÍ\x96\x1e:î-®­\x0eÅM!/\\ë\x94Oó\x88\x08p\x8a \x1c|\x90!¯ï°¸AcÑOÒÖñæbJ\x12~\x01¾2\x15\x9f1S¬<¥sC\x02¾\x00\x00\x00\x01\x00\x02\x00\x03\x00\x04\x00\x05\x00\x06\x00\x07\x00\x08\x00\x09\x00[0m" 400 -
34.19.127.179 - - [03/Oct/2025 08:42:17] code 400, message Bad request version ('|\x90!¯ï°¸AcÑOÒÖñæbJ\x12~\x01¾2\x15\x9f1S¬<¥sC\x00')
34.19.127.179 - - [03/Oct/2025 08:42:17] "[31m[1m\x16\x03\x01\x00ù\x01\x00\x00õ\x03\x03hß\x8chûR­ÿ\x8dÆÍ\x96\x1e:î-®­\x0eÅM!/\\ë\x94Oó\x88\x08p\x8a \x1c|\x90!¯ï°¸AcÑOÒÖñæbJ\x12~\x01¾2\x15\x9f1S¬<¥sC\x00[0m" 400 -
34.19.127.178 - - [03/Oct/2025 08:42:17] code 400, message Bad request version ('\x00')
34.19.127.178 - - [03/Oct/2025 08:42:17] "[31m[1m\x16\x03\x02\x03\x82\x01\x00\x03~\x03\x02hß\x8ciúR­\x00\x8dÆÍ\x97\x1d:î.®­\x0eÆL!/]ë\x94Oô\x87\x08p\x8b \x1c|\x90"®ï°¹AcÑPÑÖñçbJ\x12\x7f\x00¾2\x16\x9f1S­;¥sD\x02¾\x00\x00\x00\x01\x00\x02\x00\x03\x00\x04\x00\x05\x00\x06\x00\x07\x00\x08\x00\x09\x00[0m" 400 -
34.19.127.179 - - [03/Oct/2025 08:42:17] code 400, message Bad request version ("\x17¨¯¹\x00È\x13\x02\x13\x03\x13\x01À,À0\x00£\x00\x9fÌ©Ì¨ÌªÀ¯À\xadÀ£À\x9fÀ]ÀaÀWÀS\x00§À+À/\x00¢\x00\x9eÀ®À¬À¢À\x9eÀ\\À`ÀVÀR\x00¦À$À(\x00k\x00jÀsÀw\x00Ä\x00Ã\x00m\x00ÅÀ#À'\x00g\x00@ÀrÀv\x00¾\x00½\x00l\x00¿À")
34.19.127.179 - - [03/Oct/2025 08:42:17] "[31m[1m\x16\x03\x01\x01Ë\x01\x00\x01Ç\x03\x03Ù£éKØK÷\x15/\x7fÆ\x8f\x91aO\x9fÒÜlY<"òç\x03\x05-*Û4Äé ¹o*òò®ßá\x0f¶ÐF\x06\x1bÖ\x85\x18\x07 h\x82+i\x06{\x13È\x1e\x17¨¯¹\x00È\x13\x02\x13\x03\x13\x01À,À0\x00£\x00\x9fÌ©Ì¨ÌªÀ¯À­À£À\x9fÀ]ÀaÀWÀS\x00§À+À/\x00¢\x00\x9eÀ®À¬À¢À\x9eÀ\\À`ÀVÀR\x00¦À$À(\x00k\x00jÀsÀw\x00Ä\x00Ã\x00m\x00ÅÀ#À'\x00g\x00@ÀrÀv\x00¾\x00½\x00l\x00¿À[0m" 400 -
34.19.127.178 - - [03/Oct/2025 08:42:17] code 400, message Bad request version ('\x00')
34.19.127.178 - - [03/Oct/2025 08:42:17] "[31m[1m\x16\x03\x03\x03\x82\x01\x00\x03~\x03\x03hß\x8ciúR­\x00\x8dÆÍ\x97\x1d:î.®­\x0eÆL!/]ë\x94Oô\x87\x08p\x8b \x1c|\x90"®ï°¹AcÑPÑÖñçbJ\x12\x7f\x00¾2\x16\x9f1S­;¥sD\x02¾\x00\x00\x00\x01\x00\x02\x00\x03\x00\x04\x00\x05\x00\x06\x00\x07\x00\x08\x00\x09\x00[0m" 400 -
34.19.127.179 - - [03/Oct/2025 08:42:18] code 400, message Bad request syntax ("\x16\x03\x01\x01^\x01\x00\x01Z\x03\x03T'\x87«¼\x16Î]")
34.19.127.179 - - [03/Oct/2025 08:42:18] "[31m[1m\x16\x03\x01\x01^\x01\x00\x01Z\x03\x03T'\x87«¼\x16Î][0m" 400 -
34.19.127.178 - - [03/Oct/2025 08:42:18] code 400, message Bad request version ('|\x90#\xadï°º=cÑQÐÖñèbJ\x12\x80ÿ½2\x17\x9b1S®:¥sE\x00')
34.19.127.178 - - [03/Oct/2025 08:42:18] "[31m[1m\x16\x03\x01\x00ù\x01\x00\x00õ\x03\x03hß\x8cjùR­\x01\x89ÆÍ\x98\x1c:î/®­\x0eÇK!/^ç\x94Oõ\x86\x08p\x8c \x1c|\x90#­ï°º=cÑQÐÖñèbJ\x12\x80ÿ½2\x17\x9b1S®:¥sE\x00[0m" 400 -
34.19.127.179 - - [03/Oct/2025 08:42:18] code 400, message Bad request version ('\x9c\x00\x00FÀ')
34.19.127.179 - - [03/Oct/2025 08:42:18] "[31m[1m\x16\x03\x01\x00®\x01\x00\x00ª\x03\x02\x15D¸,\x8b"\x188\x1c\x08%\x92$z>r®VJò¸Î\x13µ\x7f¾\x1a\x0df¤\x1f\x9c\x00\x00FÀ[0m" 400 -
34.19.127.178 - - [03/Oct/2025 08:42:18] code 400, message Bad HTTP/0.9 request type ('\x16\x03\x01\x01Ë\x01\x00\x01Ç\x03\x03\x17i²Ø\x00A{ü\x01tÖÂt{]\x01®3×M\x13÷É\x8eN9\x06`e¥\x92\x07')
34.19.127.178 - - [03/Oct/2025 08:42:18] "[31m[1m\x16\x03\x01\x01Ë\x01\x00\x01Ç\x03\x03\x17i²Ø\x00A{ü\x01tÖÂt{]\x01®3×M\x13÷É\x8eN9\x06`e¥\x92\x07 \x87!à9+p\x8dþ|\x08Øþ´DA²=\x88°¡Ù\x1a\x10Ýïö·\x83ÖÞ\x8c\x92\x00È\x13\x02\x13\x03\x13\x01À,À0\x00£\x00\x9fÌ©Ì¨ÌªÀ¯À­À£À\x9fÀ]ÀaÀWÀS\x00§À+À/\x00¢\x00\x9eÀ®À¬À¢À\x9eÀ\\À`ÀVÀR\x00¦À$À(\x00k\x00jÀsÀw\x00Ä\x00Ã\x00m\x00ÅÀ#À'\x00g\x00@ÀrÀv\x00¾\x00½\x00l\x00¿À[0m" 400 -
34.19.127.179 - - [03/Oct/2025 08:42:18] code 400, message Bad request syntax ('\x16\x03\x01\x00®\x01\x00\x00ª\x03\x01\x9c\x1bþ!ä\x8b`h®\x14Ä\x9ev')
34.19.127.179 - - [03/Oct/2025 08:42:18] "[31m[1m\x16\x03\x01\x00®\x01\x00\x00ª\x03\x01\x9c\x1bþ!ä\x8b`h®\x14Ä\x9ev[0m" 400 -
34.19.127.178 - - [03/Oct/2025 08:42:19] code 400, message Bad HTTP/0.9 request type ('\x16\x03\x01\x01^\x01\x00\x01Z\x03\x03*¿ÅÝ\x94¤>O×ª&¹î¡_\x93fnNE9Y\x04K8\x0e¼ôF')
34.19.127.178 - - [03/Oct/2025 08:42:19] "[31m[1m\x16\x03\x01\x01^\x01\x00\x01Z\x03\x03*¿ÅÝ\x94¤>O×ª&¹î¡_\x93fnNE9Y\x04K8\x0e¼ôF\x0c$f\x00\x00ÂÀ,À0\x00£\x00\x9fÌ©Ì¨ÌªÀ¯À­À£À\x9fÀ]ÀaÀWÀS\x00§À+À/\x00¢\x00\x9eÀ®À¬À¢À\x9eÀ\\À`ÀVÀR\x00¦À$À(\x00k\x00jÀsÀw\x00Ä\x00Ã\x00m\x00ÅÀ#À'\x00g\x00@ÀrÀv\x00¾\x00½\x00l\x00¿À[0m" 400 -
34.19.127.178 - - [03/Oct/2025 08:42:19] code 400, message Bad request version ('AÞ\x98[ß\x05´KqÌj\x00\x00FÀ')
34.19.127.178 - - [03/Oct/2025 08:42:19] "[31m[1m\x16\x03\x01\x00®\x01\x00\x00ª\x03\x02¶[è*rÂ\x1e­ÿ\x9cg\x7fAO\x17Hðd\x0dË\x1cAÞ\x98[ß\x05´KqÌj\x00\x00FÀ[0m" 400 -
34.19.127.178 - - [03/Oct/2025 08:42:20] code 400, message Bad HTTP/0.9 request type ('\x16\x03\x01\x00®\x01\x00\x00ª\x03\x01³B')
34.19.127.178 - - [03/Oct/2025 08:42:20] "[31m[1m\x16\x03\x01\x00®\x01\x00\x00ª\x03\x01³B\x85¶å¼27üYi\x99ÕJ\\ß¦ÐúoD\x87,²O\\£]\x05)Rh\x00\x00FÀ[0m" 400 -
195.178.110.15 - - [03/Oct/2025 08:44:12] code 400, message Bad request version ('k\x8bÝW5G]Ö\x9daîû:\x0e')
195.178.110.15 - - [03/Oct/2025 08:44:12] "[31m[1m\x16\x03\x01\x00ê\x01\x00\x00æ\x03\x03(¦\x9a<·bå¢±ôÝÂÇI¸\x86\x9bdÓ\x8f\x94üô¼±\x1cØÛÒ\x93Ã\x8f \x0f\x89è«\x9aÃo\x81á\x8a\x94Ì«\x8b@\x85k\x8bÝW5G]Ö\x9daîû:\x0e[0m" 400 -
195.178.110.15 - - [03/Oct/2025 08:44:12] "GET / HTTP/1.1" 200 -
195.178.110.15 - - [03/Oct/2025 08:44:12] "GET / HTTP/1.1" 200 -
152.59.33.46 - - [03/Oct/2025 08:58:27] "GET / HTTP/1.1" 200 -
152.59.33.46 - - [03/Oct/2025 08:58:27] "[36mGET /static/style2.css HTTP/1.1[0m" 304 -
152.59.33.46 - - [03/Oct/2025 08:58:28] "[33mGET /favicon.ico HTTP/1.1[0m" 404 -
152.59.33.46 - - [03/Oct/2025 09:09:58] "[32mPOST /login HTTP/1.1[0m" 302 -

Collecting usage statistics. To deactivate, set browser.gatherUsageStats to false.

2025-10-03 09:09:58.899 Port 8501 is already in use

query: SELECT
  AdventureWorks2022.Sales.Customer.CustomerID,
  AdventureWorks2022.Sales.Customer.AccountNumber
FROM AdventureWorks2022.Sales.SalesOrderHeader
INNER JOIN AdventureWorks2022.Sales.Customer
  ON AdventureWorks2022.Sales.SalesOrderHeader.CustomerID = AdventureWorks2022.Sales.Customer.CustomerID
WHERE
  YEAR(AdventureWorks2022.Sales.SalesOrderHeader.OrderDate) = 2013
GROUP BY
  AdventureWorks2022.Sales.Customer.CustomerID,
  AdventureWorks2022.Sales.Customer.AccountNumber
HAVING
  COUNT(AdventureWorks2022.Sales.SalesOrderHeader.SalesOrderID) < 5
Query
sql query: -- SSMS Query Start
SELECT
  AdventureWorks2022.Sales.Customer.CustomerID,
  AdventureWorks2022.Sales.Customer.AccountNumber,
  SUM(AdventureWorks2022.Sales.SalesOrderHeader.TotalDue) AS SalesTotal,
  SUM(AdventureWorks2022.Sales.SalesOrderDetail.OrderQty) AS OrderQuantity,
  AdventureWorks2022.Sales.SalesTerritory.Name AS Territory
FROM AdventureWorks2022.Sales.SalesOrderHeader
INNER JOIN AdventureWorks2022.Sales.Customer
  ON AdventureWorks2022.Sales.SalesOrderHeader.CustomerID = AdventureWorks2022.Sales.Customer.CustomerID
INNER JOIN AdventureWorks2022.Sales.SalesOrderDetail
  ON AdventureWorks2022.Sales.SalesOrderHeader.SalesOrderID = AdventureWorks2022.Sales.SalesOrderDetail.SalesOrderID
INNER JOIN AdventureWorks2022.Sales.SalesTerritory
  ON AdventureWorks2022.Sales.SalesOrderHeader.TerritoryID = AdventureWorks2022.Sales.SalesTerritory.TerritoryID
WHERE
  YEAR(AdventureWorks2022.Sales.SalesOrderHeader.OrderDate) = 2013
GROUP BY
  AdventureWorks2022.Sales.Customer.CustomerID,
  AdventureWorks2022.Sales.Customer.AccountNumber,
  AdventureWorks2022.Sales.SalesTerritory.Name
HAVING
  COUNT(DISTINCT AdventureWorks2022.Sales.SalesOrderHeader.SalesOrderID) < 5
query: SELECT
  AdventureWorks2022.Sales.Customer.CustomerID,
  AdventureWorks2022.Sales.Customer.AccountNumber,
  SUM(AdventureWorks2022.Sales.SalesOrderHeader.TotalDue) AS SalesTotal,
  SUM(AdventureWorks2022.Sales.SalesOrderDetail.OrderQty) AS OrderQuantity,
  AdventureWorks2022.Sales.SalesTerritory.Name AS Territory
FROM AdventureWorks2022.Sales.SalesOrderHeader
INNER JOIN AdventureWorks2022.Sales.Customer
  ON AdventureWorks2022.Sales.SalesOrderHeader.CustomerID = AdventureWorks2022.Sales.Customer.CustomerID
INNER JOIN AdventureWorks2022.Sales.SalesOrderDetail
  ON AdventureWorks2022.Sales.SalesOrderHeader.SalesOrderID = AdventureWorks2022.Sales.SalesOrderDetail.SalesOrderID
INNER JOIN AdventureWorks2022.Sales.SalesTerritory
  ON AdventureWorks2022.Sales.SalesOrderHeader.TerritoryID = AdventureWorks2022.Sales.SalesTerritory.TerritoryID
WHERE
  YEAR(AdventureWorks2022.Sales.SalesOrderHeader.OrderDate) = 2013
GROUP BY
  AdventureWorks2022.Sales.Customer.CustomerID,
  AdventureWorks2022.Sales.Customer.AccountNumber,
  AdventureWorks2022.Sales.SalesTerritory.Name
HAVING
  COUNT(DISTINCT AdventureWorks2022.Sales.SalesOrderHeader.SalesOrderID) < 5
Diagnostic
chart code :  ```python
import plotly.express as px

# Drop rows with null or empty string values in the relevant columns
df_filtered = df.dropna(subset=['Territory', 'SalesTotal'])
df_filtered = df_filtered[df_filtered['Territory'] != '']

fig = px.pie(df_filtered,
             names='Territory',
             values='SalesTotal',
             title='Sales Total by Territory')

fig.show()
```
Query
sql query: -- SSMS Query Start
SELECT
  AdventureWorks2022.Sales.SalesTerritory.Name,
  SUM(AdventureWorks2022.Sales.SalesOrderHeader.TotalDue) AS TotalSales
FROM AdventureWorks2022.Sales.SalesOrderHeader
INNER JOIN AdventureWorks2022.Sales.SalesTerritory
  ON AdventureWorks2022.Sales.SalesOrderHeader.TerritoryID = AdventureWorks2022.Sales.SalesTerritory.TerritoryID
WHERE
  AdventureWorks2022.Sales.SalesOrderHeader.OrderDate >= '2013-07-01' AND AdventureWorks2022.Sales.SalesOrderHeader.OrderDate < '2014-01-01'
GROUP BY
  AdventureWorks2022.Sales.SalesTerritory.Name;
query: SELECT
  AdventureWorks2022.Sales.SalesTerritory.Name,
  SUM(AdventureWorks2022.Sales.SalesOrderHeader.TotalDue) AS TotalSales
FROM AdventureWorks2022.Sales.SalesOrderHeader
INNER JOIN AdventureWorks2022.Sales.SalesTerritory
  ON AdventureWorks2022.Sales.SalesOrderHeader.TerritoryID = AdventureWorks2022.Sales.SalesTerritory.TerritoryID
WHERE
  AdventureWorks2022.Sales.SalesOrderHeader.OrderDate >= '2013-07-01' AND AdventureWorks2022.Sales.SalesOrderHeader.OrderDate < '2014-01-01'
GROUP BY
  AdventureWorks2022.Sales.SalesTerritory.Name
Query
sql query: -- SSMS Query Start
SELECT
  AdventureWorks2022.Sales.SalesTerritory.Name,
  SUM(AdventureWorks2022.Sales.SalesOrderHeader.TotalDue) / 1000000.0 AS TotalSales_mn_
FROM AdventureWorks2022.Sales.SalesOrderHeader
INNER JOIN AdventureWorks2022.Sales.SalesTerritory
  ON AdventureWorks2022.Sales.SalesOrderHeader.TerritoryID = AdventureWorks2022.Sales.SalesTerritory.TerritoryID
WHERE
  AdventureWorks2022.Sales.SalesOrderHeader.OrderDate >= '2013-07-01' AND AdventureWorks2022.Sales.SalesOrderHeader.OrderDate < '2014-01-01'
GROUP BY
  AdventureWorks2022.Sales.SalesTerritory.Name
query: SELECT
  AdventureWorks2022.Sales.SalesTerritory.Name,
  SUM(AdventureWorks2022.Sales.SalesOrderHeader.TotalDue) / 1000000.0 AS TotalSales_mn_
FROM AdventureWorks2022.Sales.SalesOrderHeader
INNER JOIN AdventureWorks2022.Sales.SalesTerritory
  ON AdventureWorks2022.Sales.SalesOrderHeader.TerritoryID = AdventureWorks2022.Sales.SalesTerritory.TerritoryID
WHERE
  AdventureWorks2022.Sales.SalesOrderHeader.OrderDate >= '2013-07-01' AND AdventureWorks2022.Sales.SalesOrderHeader.OrderDate < '2014-01-01'
GROUP BY
  AdventureWorks2022.Sales.SalesTerritory.Name
Query
sql query: -- SSMS Query Start
SELECT
  COALESCE(AdventureWorks2022.Person.Person.FirstName + ' ' + AdventureWorks2022.Person.Person.MiddleName + ' ' + AdventureWorks2022.Person.Person.LastName, AdventureWorks2022.Person.Person.FirstName + ' ' + AdventureWorks2022.Person.Person.LastName, AdventureWorks2022.Sales.Store.Name) AS CustomerName,
  CustomerOrders.NumberOfOrders AS NumberOfOrders
FROM (
  SELECT
    AdventureWorks2022.Sales.SalesOrderHeader.CustomerID,
    COUNT(AdventureWorks2022.Sales.SalesOrderHeader.SalesOrderID) AS NumberOfOrders
  FROM AdventureWorks2022.Sales.SalesOrderHeader
  WHERE
    AdventureWorks2022.Sales.SalesOrderHeader.OrderDate >= '2013-01-01' AND AdventureWorks2022.Sales.SalesOrderHeader.OrderDate < '2014-01-01'
  GROUP BY
    AdventureWorks2022.Sales.SalesOrderHeader.CustomerID
  HAVING
    COUNT(AdventureWorks2022.Sales.SalesOrderHeader.SalesOrderID) < 5
) AS CustomerOrders
INNER JOIN AdventureWorks2022.Sales.Customer
  ON CustomerOrders.CustomerID = AdventureWorks2022.Sales.Customer.CustomerID
LEFT JOIN AdventureWorks2022.Person.Person
  ON AdventureWorks2022.Sales.Customer.PersonID = AdventureWorks2022.Person.Person.BusinessEntityID
LEFT JOIN AdventureWorks2022.Sales.Store
  ON AdventureWorks2022.Sales.Customer.StoreID = AdventureWorks2022.Sales.Store.BusinessEntityID;
query: SELECT
  COALESCE(AdventureWorks2022.Person.Person.FirstName + ' ' + AdventureWorks2022.Person.Person.MiddleName + ' ' + AdventureWorks2022.Person.Person.LastName, AdventureWorks2022.Person.Person.FirstName + ' ' + AdventureWorks2022.Person.Person.LastName, AdventureWorks2022.Sales.Store.Name) AS CustomerName,
  CustomerOrders.NumberOfOrders AS NumberOfOrders
FROM (
  SELECT
    AdventureWorks2022.Sales.SalesOrderHeader.CustomerID,
    COUNT(AdventureWorks2022.Sales.SalesOrderHeader.SalesOrderID) AS NumberOfOrders
  FROM AdventureWorks2022.Sales.SalesOrderHeader
  WHERE
    AdventureWorks2022.Sales.SalesOrderHeader.OrderDate >= '2013-01-01' AND AdventureWorks2022.Sales.SalesOrderHeader.OrderDate < '2014-01-01'
  GROUP BY
    AdventureWorks2022.Sales.SalesOrderHeader.CustomerID
  HAVING
    COUNT(AdventureWorks2022.Sales.SalesOrderHeader.SalesOrderID) < 5
) AS CustomerOrders
INNER JOIN AdventureWorks2022.Sales.Customer
  ON CustomerOrders.CustomerID = AdventureWorks2022.Sales.Customer.CustomerID
LEFT JOIN AdventureWorks2022.Person.Person
  ON AdventureWorks2022.Sales.Customer.PersonID = AdventureWorks2022.Person.Person.BusinessEntityID
LEFT JOIN AdventureWorks2022.Sales.Store
  ON AdventureWorks2022.Sales.Customer.StoreID = AdventureWorks2022.Sales.Store.BusinessEntityID2025-10-03 09:24:29.750 Uncaught app execution
Traceback (most recent call last):
  File "/home/ec2-user/.local/lib/python3.11/site-packages/streamlit/runtime/scriptrunner/exec_code.py", line 128, in exec_func_with_error_handling
    result = func()
             ^^^^^^
  File "/home/ec2-user/.local/lib/python3.11/site-packages/streamlit/runtime/scriptrunner/script_runner.py", line 669, in code_to_exec
    exec(code, module.__dict__)  # noqa: S102
    ^^^^^^^^^^^^^^^^^^^^^^^^^^^
  File "/home/ec2-user/NEW_REPO_DATAGENIE/Back_test.py", line 480, in <module>
    reply = model.generate_content(prompt).text
            ^^^^^^^^^^^^^^^^^^^^^^^^^^^^^^^^^^^
  File "/home/ec2-user/.local/lib/python3.11/site-packages/google/generativeai/types/generation_types.py", line 481, in text
    raise ValueError(msg)
ValueError: Invalid operation: The `response.text` quick accessor requires the response to contain a valid `Part`, but none were returned. The candidate's [finish_reason](https://ai.google.dev/api/generate-content#finishreason) is 2.

Query
sql query: -- SSMS Query Start
SELECT
  COALESCE(AdventureWorks2022.Person.Person.FirstName + ' ' + AdventureWorks2022.Person.Person.MiddleName + ' ' + AdventureWorks2022.Person.Person.LastName, AdventureWorks2022.Person.Person.FirstName + ' ' + AdventureWorks2022.Person.Person.LastName, AdventureWorks2022.Sales.Store.Name) AS CustomerName,
  CustomerOrders.NumberOfOrders AS NumberOfOrders,
  CustomerOrders.SalesTotal AS SalesTotal,
  CustomerOrders.TotalOrderQuantity AS TotalOrderQuantity,
  AdventureWorks2022.Sales.SalesTerritory.Name AS Territory
FROM (
  SELECT
    AdventureWorks2022.Sales.SalesOrderHeader.CustomerID,
    COUNT(AdventureWorks2022.Sales.SalesOrderHeader.SalesOrderID) AS NumberOfOrders,
    SUM(AdventureWorks2022.Sales.SalesOrderHeader.TotalDue) AS SalesTotal,
    SUM(AdventureWorks2022.Sales.SalesOrderDetail.OrderQty) AS TotalOrderQuantity
  FROM AdventureWorks2022.Sales.SalesOrderHeader
  INNER JOIN AdventureWorks2022.Sales.SalesOrderDetail
    ON AdventureWorks2022.Sales.SalesOrderHeader.SalesOrderID = AdventureWorks2022.Sales.SalesOrderDetail.SalesOrderID
  WHERE
    AdventureWorks2022.Sales.SalesOrderHeader.OrderDate >= '2013-01-01' AND AdventureWorks2022.Sales.SalesOrderHeader.OrderDate < '2014-01-01'
  GROUP BY
    AdventureWorks2022.Sales.SalesOrderHeader.CustomerID
  HAVING
    COUNT(AdventureWorks2022.Sales.SalesOrderHeader.SalesOrderID) < 5
) AS CustomerOrders
INNER JOIN AdventureWorks2022.Sales.Customer
  ON CustomerOrders.CustomerID = AdventureWorks2022.Sales.Customer.CustomerID
LEFT JOIN AdventureWorks2022.Person.Person
  ON AdventureWorks2022.Sales.Customer.PersonID = AdventureWorks2022.Person.Person.BusinessEntityID
LEFT JOIN AdventureWorks2022.Sales.Store
  ON AdventureWorks2022.Sales.Customer.StoreID = AdventureWorks2022.Sales.Store.BusinessEntityID
LEFT JOIN AdventureWorks2022.Sales.SalesTerritory
  ON AdventureWorks2022.Sales.Customer.TerritoryID = AdventureWorks2022.Sales.SalesTerritory.TerritoryID
query: SELECT
  COALESCE(AdventureWorks2022.Person.Person.FirstName + ' ' + AdventureWorks2022.Person.Person.MiddleName + ' ' + AdventureWorks2022.Person.Person.LastName, AdventureWorks2022.Person.Person.FirstName + ' ' + AdventureWorks2022.Person.Person.LastName, AdventureWorks2022.Sales.Store.Name) AS CustomerName,
  CustomerOrders.NumberOfOrders AS NumberOfOrders,
  CustomerOrders.SalesTotal AS SalesTotal,
  CustomerOrders.TotalOrderQuantity AS TotalOrderQuantity,
  AdventureWorks2022.Sales.SalesTerritory.Name AS Territory
FROM (
  SELECT
    AdventureWorks2022.Sales.SalesOrderHeader.CustomerID,
    COUNT(AdventureWorks2022.Sales.SalesOrderHeader.SalesOrderID) AS NumberOfOrders,
    SUM(AdventureWorks2022.Sales.SalesOrderHeader.TotalDue) AS SalesTotal,
    SUM(AdventureWorks2022.Sales.SalesOrderDetail.OrderQty) AS TotalOrderQuantity
  FROM AdventureWorks2022.Sales.SalesOrderHeader
  INNER JOIN AdventureWorks2022.Sales.SalesOrderDetail
    ON AdventureWorks2022.Sales.SalesOrderHeader.SalesOrderID = AdventureWorks2022.Sales.SalesOrderDetail.SalesOrderID
  WHERE
    AdventureWorks2022.Sales.SalesOrderHeader.OrderDate >= '2013-01-01' AND AdventureWorks2022.Sales.SalesOrderHeader.OrderDate < '2014-01-01'
  GROUP BY
    AdventureWorks2022.Sales.SalesOrderHeader.CustomerID
  HAVING
    COUNT(AdventureWorks2022.Sales.SalesOrderHeader.SalesOrderID) < 5
) AS CustomerOrders
INNER JOIN AdventureWorks2022.Sales.Customer
  ON CustomerOrders.CustomerID = AdventureWorks2022.Sales.Customer.CustomerID
LEFT JOIN AdventureWorks2022.Person.Person
  ON AdventureWorks2022.Sales.Customer.PersonID = AdventureWorks2022.Person.Person.BusinessEntityID
LEFT JOIN AdventureWorks2022.Sales.Store
  ON AdventureWorks2022.Sales.Customer.StoreID = AdventureWorks2022.Sales.Store.BusinessEntityID
LEFT JOIN AdventureWorks2022.Sales.SalesTerritory
  ON AdventureWorks2022.Sales.Customer.TerritoryID = AdventureWorks2022.Sales.SalesTerritory.TerritoryID
Diagnostic
  Stopping...
DataGenie Running on http://13.202.180.165:5000
sql1
13.202.180.165
Traceback (most recent call last):
  File "/usr/lib64/python3.11/hashlib.py", line 157, in __hash_new
    def __hash_new(name, data=b'', **kwargs):
    
KeyboardInterrupt

The above exception was the direct cause of the following exception:

Traceback (most recent call last):
  File "/home/ec2-user/NEW_REPO_DATAGENIE/login.py", line 25, in <module>
    conn = pyodbc.connect(
           ^^^^^^^^^^^^^^^
SystemError: <built-in function connect> returned a result with an exception set
13.202.180.165
cursror connected
Flask Server Is Starting...
 * Serving Flask app 'login'
 * Debug mode: on
[31m[1mWARNING: This is a development server. Do not use it in a production deployment. Use a production WSGI server instead.[0m
 * Running on all addresses (0.0.0.0)
 * Running on http://127.0.0.1:5000
 * Running on http://172.31.13.254:5000
[33mPress CTRL+C to quit[0m
 * Restarting with watchdog (inotify)
 * Debugger is active!
 * Debugger PIN: 102-189-630
DataGenie Running on http://13.202.180.165:5000
sql1
sql1

Collecting usage statistics. To deactivate, set browser.gatherUsageStats to false.


  You can now view your Streamlit app in your browser.

  Local URL: http://localhost:8501
  Network URL: http://172.31.13.254:8501
  External URL: http://13.202.180.165:8501

/home/ec2-user/NEW_REPO_DATAGENIE/single_login_page_main.py:692: FutureWarning: Setting an item of incompatible dtype is deprecated and will raise an error in a future version of pandas. Value '' has dtype incompatible with float64, please explicitly cast to a compatible dtype first.
  df.fillna("", inplace=True)
2025-10-15 07:34:48.087 Serialization of dataframe to Arrow table was unsuccessful. Applying automatic fixes for column types to make the dataframe Arrow-compatible.
Traceback (most recent call last):
  File "/home/ec2-user/.local/lib/python3.11/site-packages/streamlit/dataframe_util.py", line 821, in convert_pandas_df_to_arrow_bytes
    table = pa.Table.from_pandas(df)
            ^^^^^^^^^^^^^^^^^^^^^^^^
  File "pyarrow/table.pxi", line 4795, in pyarrow.lib.Table.from_pandas
  File "/home/ec2-user/.local/lib/python3.11/site-packages/pyarrow/pandas_compat.py", line 637, in dataframe_to_arrays
    arrays = [convert_column(c, f)
             ^^^^^^^^^^^^^^^^^^^^^
  File "/home/ec2-user/.local/lib/python3.11/site-packages/pyarrow/pandas_compat.py", line 637, in <listcomp>
    arrays = [convert_column(c, f)
              ^^^^^^^^^^^^^^^^^^^^
  File "/home/ec2-user/.local/lib/python3.11/site-packages/pyarrow/pandas_compat.py", line 625, in convert_column
    raise e
  File "/home/ec2-user/.local/lib/python3.11/site-packages/pyarrow/pandas_compat.py", line 619, in convert_column
    result = pa.array(col, type=type_, from_pandas=True, safe=safe)
             ^^^^^^^^^^^^^^^^^^^^^^^^^^^^^^^^^^^^^^^^^^^^^^^^^^^^^^
  File "pyarrow/array.pxi", line 365, in pyarrow.lib.array
  File "pyarrow/array.pxi", line 91, in pyarrow.lib._ndarray_to_array
  File "pyarrow/error.pxi", line 92, in pyarrow.lib.check_status
pyarrow.lib.ArrowTypeError: ("Expected bytes, got a 'float' object", 'Conversion failed for column Weight with type object')
2025-10-15 07:34:48.197 Serialization of dataframe to Arrow table was unsuccessful. Applying automatic fixes for column types to make the dataframe Arrow-compatible.
Traceback (most recent call last):
  File "/home/ec2-user/.local/lib/python3.11/site-packages/streamlit/dataframe_util.py", line 821, in convert_pandas_df_to_arrow_bytes
    table = pa.Table.from_pandas(df)
            ^^^^^^^^^^^^^^^^^^^^^^^^
  File "pyarrow/table.pxi", line 4795, in pyarrow.lib.Table.from_pandas
  File "/home/ec2-user/.local/lib/python3.11/site-packages/pyarrow/pandas_compat.py", line 637, in dataframe_to_arrays
    arrays = [convert_column(c, f)
             ^^^^^^^^^^^^^^^^^^^^^
  File "/home/ec2-user/.local/lib/python3.11/site-packages/pyarrow/pandas_compat.py", line 637, in <listcomp>
    arrays = [convert_column(c, f)
              ^^^^^^^^^^^^^^^^^^^^
  File "/home/ec2-user/.local/lib/python3.11/site-packages/pyarrow/pandas_compat.py", line 625, in convert_column
    raise e
  File "/home/ec2-user/.local/lib/python3.11/site-packages/pyarrow/pandas_compat.py", line 619, in convert_column
    result = pa.array(col, type=type_, from_pandas=True, safe=safe)
             ^^^^^^^^^^^^^^^^^^^^^^^^^^^^^^^^^^^^^^^^^^^^^^^^^^^^^^
  File "pyarrow/array.pxi", line 365, in pyarrow.lib.array
  File "pyarrow/array.pxi", line 91, in pyarrow.lib._ndarray_to_array
  File "pyarrow/error.pxi", line 92, in pyarrow.lib.check_status
pyarrow.lib.ArrowTypeError: ("Expected bytes, got a 'float' object", 'Conversion failed for column Weight with type object')
2025-10-15 07:54:43.803 Uncaught app execution
Traceback (most recent call last):
  File "/home/ec2-user/.local/lib/python3.11/site-packages/sqlalchemy/engine/base.py", line 1967, in _exec_single_context
    self.dialect.do_execute(
  File "/home/ec2-user/.local/lib/python3.11/site-packages/sqlalchemy/engine/default.py", line 951, in do_execute
    cursor.execute(statement, parameters)
pyodbc.ProgrammingError: ('42000', '[42000] [Microsoft][ODBC Driver 17 for SQL Server][SQL Server]The multi-part identifier "AdventureWorks2022.Sales.vSalesPerson.FirstName" could not be bound. (4104) (SQLExecDirectW)')

The above exception was the direct cause of the following exception:

Traceback (most recent call last):
  File "/home/ec2-user/.local/lib/python3.11/site-packages/streamlit/runtime/scriptrunner/exec_code.py", line 128, in exec_func_with_error_handling
    result = func()
             ^^^^^^
  File "/home/ec2-user/.local/lib/python3.11/site-packages/streamlit/runtime/scriptrunner/script_runner.py", line 669, in code_to_exec
    exec(code, module.__dict__)  # noqa: S102
    ^^^^^^^^^^^^^^^^^^^^^^^^^^^
  File "/home/ec2-user/NEW_REPO_DATAGENIE/single_login_page_main.py", line 785, in <module>
    landing_page()  # ✅ call landing page here
    ^^^^^^^^^^^^^^
  File "/home/ec2-user/NEW_REPO_DATAGENIE/single_login_page_main.py", line 691, in landing_page
    df = pd.read_sql(query, engine)
         ^^^^^^^^^^^^^^^^^^^^^^^^^^
  File "/home/ec2-user/.local/lib/python3.11/site-packages/pandas/io/sql.py", line 736, in read_sql
    return pandas_sql.read_query(
           ^^^^^^^^^^^^^^^^^^^^^^
  File "/home/ec2-user/.local/lib/python3.11/site-packages/pandas/io/sql.py", line 1848, in read_query
    result = self.execute(sql, params)
             ^^^^^^^^^^^^^^^^^^^^^^^^^
  File "/home/ec2-user/.local/lib/python3.11/site-packages/pandas/io/sql.py", line 1671, in execute
    return self.con.exec_driver_sql(sql, *args)
           ^^^^^^^^^^^^^^^^^^^^^^^^^^^^^^^^^^^^
  File "/home/ec2-user/.local/lib/python3.11/site-packages/sqlalchemy/engine/base.py", line 1779, in exec_driver_sql
    ret = self._execute_context(
          ^^^^^^^^^^^^^^^^^^^^^^
  File "/home/ec2-user/.local/lib/python3.11/site-packages/sqlalchemy/engine/base.py", line 1846, in _execute_context
    return self._exec_single_context(
           ^^^^^^^^^^^^^^^^^^^^^^^^^^
  File "/home/ec2-user/.local/lib/python3.11/site-packages/sqlalchemy/engine/base.py", line 1986, in _exec_single_context
    self._handle_dbapi_exception(
  File "/home/ec2-user/.local/lib/python3.11/site-packages/sqlalchemy/engine/base.py", line 2355, in _handle_dbapi_exception
    raise sqlalchemy_exception.with_traceback(exc_info[2]) from e
  File "/home/ec2-user/.local/lib/python3.11/site-packages/sqlalchemy/engine/base.py", line 1967, in _exec_single_context
    self.dialect.do_execute(
  File "/home/ec2-user/.local/lib/python3.11/site-packages/sqlalchemy/engine/default.py", line 951, in do_execute
    cursor.execute(statement, parameters)
sqlalchemy.exc.ProgrammingError: (pyodbc.ProgrammingError) ('42000', '[42000] [Microsoft][ODBC Driver 17 for SQL Server][SQL Server]The multi-part identifier "AdventureWorks2022.Sales.vSalesPerson.FirstName" could not be bound. (4104) (SQLExecDirectW)')
[SQL: SELECT
    CONCAT(AdventureWorks2022.Sales.vSalesPerson.FirstName, ' ', ISNULL(AdventureWorks2022.Sales.vSalesPerson.MiddleName + ' ', ''), AdventureWorks2022.Sales.vSalesPerson.LastName) AS [Employee Full Name],
    AdventureWorks2022.Sales.vSalesPerson.TerritoryName,
    SUM(AdventureWorks2022.Sales.SalesOrderHeader.TotalDue) AS [Total Sales Amount],
    COUNT(AdventureWorks2022.Sales.SalesOrderHeader.SalesOrderID) AS [Total Orders Count],
    AVG(AdventureWorks2022.Sales.SalesOrderHeader.TotalDue) AS [Average Order Amount]
FROM
    AdventureWorks2022.Sales.SalesOrderHeader AS SalesOrderHeader
INNER JOIN
    AdventureWorks2022.Sales.vSalesPerson AS vSalesPerson
    ON SalesOrderHeader.SalesPersonID = vSalesPerson.BusinessEntityID
WHERE
    YEAR(SalesOrderHeader.OrderDate) = 2024
GROUP BY
    vSalesPerson.BusinessEntityID,
    AdventureWorks2022.Sales.vSalesPerson.FirstName,
    AdventureWorks2022.Sales.vSalesPerson.MiddleName,
    AdventureWorks2022.Sales.vSalesPerson.LastName,
    AdventureWorks2022.Sales.vSalesPerson.TerritoryName;]
(Background on this error at: https://sqlalche.me/e/20/f405)
2025-10-15 08:46:40.892 Uncaught app execution
Traceback (most recent call last):
  File "/home/ec2-user/.local/lib/python3.11/site-packages/sqlalchemy/engine/base.py", line 1967, in _exec_single_context
    self.dialect.do_execute(
  File "/home/ec2-user/.local/lib/python3.11/site-packages/sqlalchemy/engine/default.py", line 951, in do_execute
    cursor.execute(statement, parameters)
pyodbc.ProgrammingError: ('42000', '[42000] [Microsoft][ODBC Driver 17 for SQL Server][SQL Server]The multi-part identifier "AdventureWorks2022.Sales.SalesOrderHeader.OrderDate" could not be bound. (4104) (SQLExecDirectW)')

The above exception was the direct cause of the following exception:

Traceback (most recent call last):
  File "/home/ec2-user/.local/lib/python3.11/site-packages/streamlit/runtime/scriptrunner/exec_code.py", line 128, in exec_func_with_error_handling
    result = func()
             ^^^^^^
  File "/home/ec2-user/.local/lib/python3.11/site-packages/streamlit/runtime/scriptrunner/script_runner.py", line 669, in code_to_exec
    exec(code, module.__dict__)  # noqa: S102
    ^^^^^^^^^^^^^^^^^^^^^^^^^^^
  File "/home/ec2-user/NEW_REPO_DATAGENIE/single_login_page_main.py", line 785, in <module>
    landing_page()  # ✅ call landing page here
    ^^^^^^^^^^^^^^
  File "/home/ec2-user/NEW_REPO_DATAGENIE/single_login_page_main.py", line 691, in landing_page
    df = pd.read_sql(query, engine)
         ^^^^^^^^^^^^^^^^^^^^^^^^^^
  File "/home/ec2-user/.local/lib/python3.11/site-packages/pandas/io/sql.py", line 736, in read_sql
    return pandas_sql.read_query(
           ^^^^^^^^^^^^^^^^^^^^^^
  File "/home/ec2-user/.local/lib/python3.11/site-packages/pandas/io/sql.py", line 1848, in read_query
    result = self.execute(sql, params)
             ^^^^^^^^^^^^^^^^^^^^^^^^^
  File "/home/ec2-user/.local/lib/python3.11/site-packages/pandas/io/sql.py", line 1671, in execute
    return self.con.exec_driver_sql(sql, *args)
           ^^^^^^^^^^^^^^^^^^^^^^^^^^^^^^^^^^^^
  File "/home/ec2-user/.local/lib/python3.11/site-packages/sqlalchemy/engine/base.py", line 1779, in exec_driver_sql
    ret = self._execute_context(
          ^^^^^^^^^^^^^^^^^^^^^^
  File "/home/ec2-user/.local/lib/python3.11/site-packages/sqlalchemy/engine/base.py", line 1846, in _execute_context
    return self._exec_single_context(
           ^^^^^^^^^^^^^^^^^^^^^^^^^^
  File "/home/ec2-user/.local/lib/python3.11/site-packages/sqlalchemy/engine/base.py", line 1986, in _exec_single_context
    self._handle_dbapi_exception(
  File "/home/ec2-user/.local/lib/python3.11/site-packages/sqlalchemy/engine/base.py", line 2355, in _handle_dbapi_exception
    raise sqlalchemy_exception.with_traceback(exc_info[2]) from e
  File "/home/ec2-user/.local/lib/python3.11/site-packages/sqlalchemy/engine/base.py", line 1967, in _exec_single_context
    self.dialect.do_execute(
  File "/home/ec2-user/.local/lib/python3.11/site-packages/sqlalchemy/engine/default.py", line 951, in do_execute
    cursor.execute(statement, parameters)
sqlalchemy.exc.ProgrammingError: (pyodbc.ProgrammingError) ('42000', '[42000] [Microsoft][ODBC Driver 17 for SQL Server][SQL Server]The multi-part identifier "AdventureWorks2022.Sales.SalesOrderHeader.OrderDate" could not be bound. (4104) (SQLExecDirectW)')
[SQL: SELECT
    CONCAT(
        AdventureWorks2022.Person.Person.FirstName,
        ' ',
        ISNULL(AdventureWorks2022.Person.Person.MiddleName + ' ', ''),
        AdventureWorks2022.Person.Person.LastName
    ) AS "Employee Full Name",
    AdventureWorks2022.Sales.SalesTerritory.Name AS "Territory Name",
    YEAR(AdventureWorks2022.Sales.SalesOrderHeader.OrderDate) AS "Sales Year",
    SUM(AdventureWorks2022.Sales.SalesOrderHeader.TotalDue) AS "Total Sales Amount",
    COUNT(AdventureWorks2022.Sales.SalesOrderHeader.SalesOrderID) AS "Total Orders Count",
    AVG(AdventureWorks2022.Sales.SalesOrderHeader.TotalDue) AS "Average Order Amount"
FROM
    AdventureWorks2022.Sales.SalesOrderHeader AS soh
INNER JOIN
    AdventureWorks2022.Sales.SalesPerson AS sp
    ON soh.SalesPersonID = sp.BusinessEntityID
INNER JOIN
    AdventureWorks2022.Person.Person AS p
    ON sp.BusinessEntityID = p.BusinessEntityID
INNER JOIN
    AdventureWorks2022.Sales.SalesTerritory AS st
    ON soh.TerritoryID = st.TerritoryID
WHERE
    soh.SalesPersonID IS NOT NULL
    AND YEAR(soh.OrderDate) IN (2011, 2012, 2013, 2014)
GROUP BY
    YEAR(AdventureWorks2022.Sales.SalesOrderHeader.OrderDate),
    AdventureWorks2022.Person.Person.FirstName,
    AdventureWorks2022.Person.Person.MiddleName,
    AdventureWorks2022.Person.Person.LastName,
    AdventureWorks2022.Sales.SalesTerritory.Name
ORDER BY
    "Sales Year",
    "Employee Full Name",
    "Territory Name";]
(Background on this error at: https://sqlalche.me/e/20/f405)
Engine Begin
complete
error:  (pyodbc.OperationalError) ('HYT00', '[HYT00] [Microsoft][ODBC Driver 17 for SQL Server]Login timeout expired (0) (SQLDriverConnect)')
(Background on this error at: https://sqlalche.me/e/20/e3q8)
Engine Begin
complete
Engine Begin
complete
Engine Begin
complete
Engine Begin
complete
Engine Begin
complete
Query
   ProductID  ...            ModifiedDate
0          1  ... 2014-02-08 10:01:36.827
1          2  ... 2014-02-08 10:01:36.827
2          3  ... 2014-02-08 10:01:36.827
3          4  ... 2014-02-08 10:01:36.827
4        316  ... 2014-02-08 10:01:36.827

[5 rows x 25 columns]
Query
Empty DataFrame
Columns: [Employee Full Name, Territory Name, Total Sales Amount, Total Orders Count, Average Order Amount]
Index: []
Query
Empty DataFrame
Columns: [Employee Full Name, Territory Name, Total Sales Amount, Total Orders Count, Average Order Amount]
Index: []
Query
Engine Begin
complete
Query
  Category Subcategory Color  ... Total Revenue  Inventory Quantity  Reorder Level
0                             ...           0.0                1085            750
1                             ...           0.0                1352            600
2                             ...           0.0                1109            750
3                             ...           0.0                1361            600
4                             ...           0.0                1629            750

[5 rows x 9 columns]
Query
   OrderDate   ShipDate  ...    Shipping_Method Order_Status
0 2011-05-31 2011-06-07  ...  CARGO TRANSPORT 5      Shipped
1 2011-05-31 2011-06-07  ...  CARGO TRANSPORT 5      Shipped
2 2011-05-31 2011-06-07  ...  CARGO TRANSPORT 5      Shipped
3 2011-05-31 2011-06-07  ...  CARGO TRANSPORT 5      Shipped
4 2011-05-31 2011-06-07  ...  CARGO TRANSPORT 5      Shipped

[5 rows x 8 columns]
Query
             VendorName  ... ProductCategoryName
0  Chicago City Saddles  ...          Components
1  Chicago City Saddles  ...          Components
2  Chicago City Saddles  ...          Components
3  Chicago City Saddles  ...          Components
4  Chicago City Saddles  ...          Components

[5 rows x 6 columns]
Query
Empty DataFrame
Columns: [Employee Full Name, Territory Name, Total Sales Amount, Total Orders Count, Average Order Amount]
Index: []
Query
Empty DataFrame
Columns: [Employee Full Name, Territory Name, Total Sales Amount, Total Orders Count, Average Order Amount]
Index: []
Query
Empty DataFrame
Columns: [Employee Full Name, Territory Name, Total Sales Amount, Total Orders Count, Average Order Amount]
Index: []
Query
Query
Engine Begin
complete
Query
Empty DataFrame
Columns: [Employee Full Name, Territory Name, Total Sales Amount, Total Orders Count, Average Order Amount]
Index: []
     Employee Full Name TerritoryName  ...  Total Orders Count  Average Order Amount
0       Stephen Y Jiang                ...                  22            23463.5167
1         Amy E Alberts                ...                   7            18666.7178
2      Garrett R Vargas        Canada  ...                  80            18100.4440
3  José Edvaldo Saraiva        Canada  ...                  86            24073.5290
4        Jillian Carson       Central  ...                 166            29311.1496

[5 rows x 5 columns]
Query
Query
Empty DataFrame
Columns: [Employee Full Name, TerritoryName, Total Sales Amount, Total Orders Count, Average Order Amount]
Index: []
Query
Empty DataFrame
Columns: [Employee Full Name, TerritoryName, Total Sales Amount, Total Orders Count, Average Order Amount]
Index: []
Empty DataFrame
Columns: [Employee Full Name, Territory Name, Total Sales Amount, Total Orders Count, Average Order Amount]
Index: []
Query
Query
Empty DataFrame
Columns: [Employee Full Name, TerritoryName, Total Sales Amount, Total Orders Count, Average Order Amount]
Index: []
Engine Begin
complete
Query
  Employee Full Name  Total Sales Amount
0    Stephen Y Jiang        5.161974e+05
1   Michael G Blythe        3.806298e+06
2   Linda C Mitchell        4.328860e+06
3     Jillian Carson        4.865651e+06
4   Garrett R Vargas        1.448036e+06
  Category Subcategory Color  ... TotalRevenue  InventoryQuantity  ReorderPoint
0                             ...          0.0               1085           750
1                             ...          0.0               1109           750
2                             ...          0.0               1352           600
3                             ...          0.0               1322           600
4                             ...          0.0               1361           600

[5 rows x 9 columns]
Query
Query
     Employee Full Name TerritoryName  ...  Total Orders Count  Average Order Amount
0       Stephen Y Jiang                ...                  26            21106.3570
1         Amy E Alberts                ...                   7            18666.7178
2      Garrett R Vargas        Canada  ...                 110            18285.1097
3  José Edvaldo Saraiva        Canada  ...                 142            23898.9587
4        Jillian Carson       Central  ...                 225            28190.2627

[5 rows x 5 columns]
Query
    Employee Full Name  ... Average Order Amount
0       Jillian Carson  ...           29311.1496
1     Linda C Mitchell  ...           28667.9473
2     Michael G Blythe  ...           25718.2318
3            Jae B Pak  ...           30596.7876
4  Tsvi Michael Reiter  ...           19730.3952

[5 rows x 5 columns]
     Employee Full Name TerritoryName  ...  Total Orders Count  Average Order Amount
0       Stephen Y Jiang                ...                  26            21106.3570
1         Amy E Alberts                ...                   7            18666.7178
2      Garrett R Vargas        Canada  ...                 110            18285.1097
3  José Edvaldo Saraiva        Canada  ...                 142            23898.9587
4        Jillian Carson       Central  ...                 225            28190.2627

[5 rows x 5 columns]
Engine Begin
complete
Query
Query
   SalesYear    Employee Full Name  ... Total Orders Count  Average Order Amount
0       2011      David R Campbell  ...                 28            24130.8462
1       2011      Garrett R Vargas  ...                 30            18777.5515
2       2011        Jillian Carson  ...                 29            28531.8771
3       2011        Jillian Carson  ...                 30            21657.7948
4       2011  José Edvaldo Saraiva  ...                 56            23630.8684

[5 rows x 6 columns]
  Employee Full Name  Territory Name  ...  Total Orders Count  Average Order Amount
0      Amy E Alberts                  ...                   7            18666.7178
1   David R Campbell       Northwest  ...                  91            23398.3157
2   Garrett R Vargas          Canada  ...                 110            18285.1097
3          Jae B Pak  United Kingdom  ...                 111            30596.7876
4     Jillian Carson         Central  ...                 225            28190.2627

[5 rows x 5 columns]
error:  (pyodbc.OperationalError) ('HYT00', '[HYT00] [Microsoft][ODBC Driver 17 for SQL Server]Login timeout expired (0) (SQLDriverConnect)')
(Background on this error at: https://sqlalche.me/e/20/e3q8)
Engine Begin
complete
Query
Query
             Product Name     Category  ... Inventory Quantity Reorder Level
0         Adjustable Race               ...               1085           750
1  All-Purpose Bike Stand  Accessories  ...                144             3
2            AWC Logo Cap     Clothing  ...                288             3
3         BB Ball Bearing               ...               1352           600
4            Bearing Ball               ...               1109           750

[5 rows x 10 columns]
Query
   OrderDate   ShipDate  ...     ShippingMethod OrderStatus
0 2011-05-31 2011-06-07  ...  CARGO TRANSPORT 5           5
1 2011-05-31 2011-06-07  ...  CARGO TRANSPORT 5           5
2 2011-05-31 2011-06-07  ...  CARGO TRANSPORT 5           5
3 2011-05-31 2011-06-07  ...  CARGO TRANSPORT 5           5
4 2011-05-31 2011-06-07  ...  CARGO TRANSPORT 5           5

[5 rows x 8 columns]/home/ec2-user/NEW_REPO_DATAGENIE/single_login_page_main.py:692: FutureWarning: Setting an item of incompatible dtype is deprecated and will raise an error in a future version of pandas. Value '' has dtype incompatible with float64, please explicitly cast to a compatible dtype first.
  df.fillna("", inplace=True)
2025-10-15 08:57:57.404 Serialization of dataframe to Arrow table was unsuccessful. Applying automatic fixes for column types to make the dataframe Arrow-compatible.
Traceback (most recent call last):
  File "/home/ec2-user/.local/lib/python3.11/site-packages/streamlit/dataframe_util.py", line 821, in convert_pandas_df_to_arrow_bytes
    table = pa.Table.from_pandas(df)
            ^^^^^^^^^^^^^^^^^^^^^^^^
  File "pyarrow/table.pxi", line 4795, in pyarrow.lib.Table.from_pandas
  File "/home/ec2-user/.local/lib/python3.11/site-packages/pyarrow/pandas_compat.py", line 650, in dataframe_to_arrays
    arrays[i] = maybe_fut.result()
                ^^^^^^^^^^^^^^^^^^
  File "/usr/lib64/python3.11/concurrent/futures/_base.py", line 449, in result
    return self.__get_result()
           ^^^^^^^^^^^^^^^^^^^
  File "/usr/lib64/python3.11/concurrent/futures/_base.py", line 401, in __get_result
    raise self._exception
  File "/usr/lib64/python3.11/concurrent/futures/thread.py", line 58, in run
    result = self.fn(*self.args, **self.kwargs)
             ^^^^^^^^^^^^^^^^^^^^^^^^^^^^^^^^^^
  File "/home/ec2-user/.local/lib/python3.11/site-packages/pyarrow/pandas_compat.py", line 625, in convert_column
    raise e
  File "/home/ec2-user/.local/lib/python3.11/site-packages/pyarrow/pandas_compat.py", line 619, in convert_column
    result = pa.array(col, type=type_, from_pandas=True, safe=safe)
             ^^^^^^^^^^^^^^^^^^^^^^^^^^^^^^^^^^^^^^^^^^^^^^^^^^^^^^
  File "pyarrow/array.pxi", line 365, in pyarrow.lib.array
  File "pyarrow/array.pxi", line 91, in pyarrow.lib._ndarray_to_array
  File "pyarrow/error.pxi", line 92, in pyarrow.lib.check_status
pyarrow.lib.ArrowTypeError: ("Expected bytes, got a 'float' object", 'Conversion failed for column Quantity with type object')
2025-10-15 08:57:57.838 Serialization of dataframe to Arrow table was unsuccessful. Applying automatic fixes for column types to make the dataframe Arrow-compatible.
Traceback (most recent call last):
  File "/home/ec2-user/.local/lib/python3.11/site-packages/streamlit/dataframe_util.py", line 821, in convert_pandas_df_to_arrow_bytes
    table = pa.Table.from_pandas(df)
            ^^^^^^^^^^^^^^^^^^^^^^^^
  File "pyarrow/table.pxi", line 4795, in pyarrow.lib.Table.from_pandas
  File "/home/ec2-user/.local/lib/python3.11/site-packages/pyarrow/pandas_compat.py", line 650, in dataframe_to_arrays
    arrays[i] = maybe_fut.result()
                ^^^^^^^^^^^^^^^^^^
  File "/usr/lib64/python3.11/concurrent/futures/_base.py", line 449, in result
    return self.__get_result()
           ^^^^^^^^^^^^^^^^^^^
  File "/usr/lib64/python3.11/concurrent/futures/_base.py", line 401, in __get_result
    raise self._exception
  File "/usr/lib64/python3.11/concurrent/futures/thread.py", line 58, in run
    result = self.fn(*self.args, **self.kwargs)
             ^^^^^^^^^^^^^^^^^^^^^^^^^^^^^^^^^^
  File "/home/ec2-user/.local/lib/python3.11/site-packages/pyarrow/pandas_compat.py", line 625, in convert_column
    raise e
  File "/home/ec2-user/.local/lib/python3.11/site-packages/pyarrow/pandas_compat.py", line 619, in convert_column
    result = pa.array(col, type=type_, from_pandas=True, safe=safe)
             ^^^^^^^^^^^^^^^^^^^^^^^^^^^^^^^^^^^^^^^^^^^^^^^^^^^^^^
  File "pyarrow/array.pxi", line 365, in pyarrow.lib.array
  File "pyarrow/array.pxi", line 91, in pyarrow.lib._ndarray_to_array
  File "pyarrow/error.pxi", line 92, in pyarrow.lib.check_status
pyarrow.lib.ArrowTypeError: ("Expected bytes, got a 'float' object", 'Conversion failed for column Quantity with type object')
2025-10-15 09:01:24.837 Serialization of dataframe to Arrow table was unsuccessful. Applying automatic fixes for column types to make the dataframe Arrow-compatible.
Traceback (most recent call last):
  File "/home/ec2-user/.local/lib/python3.11/site-packages/streamlit/dataframe_util.py", line 821, in convert_pandas_df_to_arrow_bytes
    table = pa.Table.from_pandas(df)
            ^^^^^^^^^^^^^^^^^^^^^^^^
  File "pyarrow/table.pxi", line 4795, in pyarrow.lib.Table.from_pandas
  File "/home/ec2-user/.local/lib/python3.11/site-packages/pyarrow/pandas_compat.py", line 650, in dataframe_to_arrays
    arrays[i] = maybe_fut.result()
                ^^^^^^^^^^^^^^^^^^
  File "/usr/lib64/python3.11/concurrent/futures/_base.py", line 449, in result
    return self.__get_result()
           ^^^^^^^^^^^^^^^^^^^
  File "/usr/lib64/python3.11/concurrent/futures/_base.py", line 401, in __get_result
    raise self._exception
  File "/usr/lib64/python3.11/concurrent/futures/thread.py", line 58, in run
    result = self.fn(*self.args, **self.kwargs)
             ^^^^^^^^^^^^^^^^^^^^^^^^^^^^^^^^^^
  File "/home/ec2-user/.local/lib/python3.11/site-packages/pyarrow/pandas_compat.py", line 625, in convert_column
    raise e
  File "/home/ec2-user/.local/lib/python3.11/site-packages/pyarrow/pandas_compat.py", line 619, in convert_column
    result = pa.array(col, type=type_, from_pandas=True, safe=safe)
             ^^^^^^^^^^^^^^^^^^^^^^^^^^^^^^^^^^^^^^^^^^^^^^^^^^^^^^
  File "pyarrow/array.pxi", line 365, in pyarrow.lib.array
  File "pyarrow/array.pxi", line 91, in pyarrow.lib._ndarray_to_array
  File "pyarrow/error.pxi", line 92, in pyarrow.lib.check_status
pyarrow.lib.ArrowTypeError: ("Expected bytes, got a 'float' object", 'Conversion failed for column Quantity with type object')
2025-10-15 09:01:38.321 Uncaught app execution
Traceback (most recent call last):
  File "/home/ec2-user/.local/lib/python3.11/site-packages/streamlit/runtime/scriptrunner/exec_code.py", line 128, in exec_func_with_error_handling
    result = func()
             ^^^^^^
  File "/home/ec2-user/.local/lib/python3.11/site-packages/streamlit/runtime/scriptrunner/script_runner.py", line 669, in code_to_exec
    exec(code, module.__dict__)  # noqa: S102
    ^^^^^^^^^^^^^^^^^^^^^^^^^^^
  File "/home/ec2-user/NEW_REPO_DATAGENIE/single_login_page_main.py", line 785, in <module>
    landing_page()  # ✅ call landing page here
    ^^^^^^^^^^^^^^
  File "/home/ec2-user/NEW_REPO_DATAGENIE/single_login_page_main.py", line 760, in landing_page
    reply = model.generate_content(prompt).text
            ^^^^^^^^^^^^^^^^^^^^^^^^^^^^^^
  File "/home/ec2-user/.local/lib/python3.11/site-packages/google/generativeai/generative_models.py", line 331, in generate_content
    response = self._client.generate_content(
               ^^^^^^^^^^^^^^^^^^^^^^^^^^^^^^
  File "/home/ec2-user/.local/lib/python3.11/site-packages/google/ai/generativelanguage_v1beta/services/generative_service/client.py", line 835, in generate_content
    response = rpc(
               ^^^^
  File "/home/ec2-user/.local/lib/python3.11/site-packages/google/api_core/gapic_v1/method.py", line 131, in __call__
    return wrapped_func(*args, **kwargs)
           ^^^^^^^^^^^^^^^^^^^^^^^^^^^^^
  File "/home/ec2-user/.local/lib/python3.11/site-packages/google/api_core/retry/retry_unary.py", line 294, in retry_wrapped_func
    return retry_target(
           ^^^^^^^^^^^^^
  File "/home/ec2-user/.local/lib/python3.11/site-packages/google/api_core/retry/retry_unary.py", line 156, in retry_target
    next_sleep = _retry_error_helper(
                 ^^^^^^^^^^^^^^^^^^^^
  File "/home/ec2-user/.local/lib/python3.11/site-packages/google/api_core/retry/retry_base.py", line 214, in _retry_error_helper
    raise final_exc from source_exc
  File "/home/ec2-user/.local/lib/python3.11/site-packages/google/api_core/retry/retry_unary.py", line 147, in retry_target
    result = target()
             ^^^^^^^^
  File "/home/ec2-user/.local/lib/python3.11/site-packages/google/api_core/timeout.py", line 130, in func_with_timeout
    return func(*args, **kwargs)
           ^^^^^^^^^^^^^^^^^^^^^
  File "/home/ec2-user/.local/lib/python3.11/site-packages/google/api_core/grpc_helpers.py", line 78, in error_remapped_callable
    raise exceptions.from_grpc_error(exc) from exc
google.api_core.exceptions.ResourceExhausted: 429 You exceeded your current quota, please check your plan and billing details. For more information on this error, head to: https://ai.google.dev/gemini-api/docs/rate-limits.
* Quota exceeded for metric: generativelanguage.googleapis.com/generate_content_paid_tier_input_token_count, limit: 1000000
Please retry in 22.083325828s. [violations {
  quota_metric: "generativelanguage.googleapis.com/generate_content_paid_tier_input_token_count"
  quota_id: "GenerateContentPaidTierInputTokensPerModelPerMinute"
  quota_dimensions {
    key: "model"
    value: "gemini-2.5-flash"
  }
  quota_dimensions {
    key: "location"
    value: "global"
  }
  quota_value: 1000000
}
, links {
  description: "Learn more about Gemini API quotas"
  url: "https://ai.google.dev/gemini-api/docs/rate-limits"
}
, retry_delay {
  seconds: 22
}
]
2025-10-15 09:13:26.044 Uncaught app execution
Traceback (most recent call last):
  File "/home/ec2-user/.local/lib/python3.11/site-packages/streamlit/runtime/scriptrunner/exec_code.py", line 128, in exec_func_with_error_handling
    result = func()
             ^^^^^^
  File "/home/ec2-user/.local/lib/python3.11/site-packages/streamlit/runtime/scriptrunner/script_runner.py", line 669, in code_to_exec
    exec(code, module.__dict__)  # noqa: S102
    ^^^^^^^^^^^^^^^^^^^^^^^^^^^
  File "/home/ec2-user/NEW_REPO_DATAGENIE/single_login_page_main.py", line 785, in <module>
    landing_page()  # ✅ call landing page here
    ^^^^^^^^^^^^^^
  File "/home/ec2-user/NEW_REPO_DATAGENIE/single_login_page_main.py", line 697, in landing_page
    st.dataframe(df)
  File "/home/ec2-user/.local/lib/python3.11/site-packages/streamlit/runtime/metrics_util.py", line 443, in wrapped_func
    result = non_optional_func(*args, **kwargs)
             ^^^^^^^^^^^^^^^^^^^^^^^^^^^^^^^^^^
  File "/home/ec2-user/.local/lib/python3.11/site-packages/streamlit/elements/arrow.py", line 624, in dataframe
    proto.data = dataframe_util.convert_pandas_df_to_arrow_bytes(data_df)
                 ^^^^^^^^^^^^^^^^^^^^^^^^^^^^^^^^^^^^^^^^^^^^^^^^^^^^^^^^
  File "/home/ec2-user/.local/lib/python3.11/site-packages/streamlit/dataframe_util.py", line 821, in convert_pandas_df_to_arrow_bytes
    table = pa.Table.from_pandas(df)
            ^^^^^^^^^^^^^^^^^^^^^^^^
  File "pyarrow/table.pxi", line 4795, in pyarrow.lib.Table.from_pandas
  File "/home/ec2-user/.local/lib/python3.11/site-packages/pyarrow/pandas_compat.py", line 594, in dataframe_to_arrays
    convert_fields) = _get_columns_to_convert(df, schema, preserve_index,
                      ^^^^^^^^^^^^^^^^^^^^^^^^^^^^^^^^^^^^^^^^^^^^^^^^^^^
  File "/home/ec2-user/.local/lib/python3.11/site-packages/pyarrow/pandas_compat.py", line 374, in _get_columns_to_convert
    raise ValueError(
ValueError: Duplicate column names found: ['OrderDate', 'ShipDate', 'AccountNumber', 'Name', 'OrderQty', 'LineTotal', 'Name', 'Status']
2025-10-15 09:15:04.944 Uncaught app execution
Traceback (most recent call last):
  File "/home/ec2-user/.local/lib/python3.11/site-packages/streamlit/runtime/scriptrunner/exec_code.py", line 128, in exec_func_with_error_handling
    result = func()
             ^^^^^^
  File "/home/ec2-user/.local/lib/python3.11/site-packages/streamlit/runtime/scriptrunner/script_runner.py", line 669, in code_to_exec
    exec(code, module.__dict__)  # noqa: S102
    ^^^^^^^^^^^^^^^^^^^^^^^^^^^
  File "/home/ec2-user/NEW_REPO_DATAGENIE/single_login_page_main.py", line 785, in <module>
    landing_page()  # ✅ call landing page here
    ^^^^^^^^^^^^^^
  File "/home/ec2-user/NEW_REPO_DATAGENIE/single_login_page_main.py", line 473, in landing_page
    st.dataframe(new_df1)
  File "/home/ec2-user/.local/lib/python3.11/site-packages/streamlit/runtime/metrics_util.py", line 443, in wrapped_func
    result = non_optional_func(*args, **kwargs)
             ^^^^^^^^^^^^^^^^^^^^^^^^^^^^^^^^^^
  File "/home/ec2-user/.local/lib/python3.11/site-packages/streamlit/elements/arrow.py", line 624, in dataframe
    proto.data = dataframe_util.convert_pandas_df_to_arrow_bytes(data_df)
                 ^^^^^^^^^^^^^^^^^^^^^^^^^^^^^^^^^^^^^^^^^^^^^^^^^^^^^^^^
  File "/home/ec2-user/.local/lib/python3.11/site-packages/streamlit/dataframe_util.py", line 821, in convert_pandas_df_to_arrow_bytes
    table = pa.Table.from_pandas(df)
            ^^^^^^^^^^^^^^^^^^^^^^^^
  File "pyarrow/table.pxi", line 4795, in pyarrow.lib.Table.from_pandas
  File "/home/ec2-user/.local/lib/python3.11/site-packages/pyarrow/pandas_compat.py", line 594, in dataframe_to_arrays
    convert_fields) = _get_columns_to_convert(df, schema, preserve_index,
                      ^^^^^^^^^^^^^^^^^^^^^^^^^^^^^^^^^^^^^^^^^^^^^^^^^^^
  File "/home/ec2-user/.local/lib/python3.11/site-packages/pyarrow/pandas_compat.py", line 374, in _get_columns_to_convert
    raise ValueError(
ValueError: Duplicate column names found: ['OrderDate', 'ShipDate', 'AccountNumber', 'Name', 'OrderQty', 'LineTotal', 'Name', 'Status']

Engine Begin
complete
Query
   OrderDate   ShipDate  ...    Shipping Method Order Status
0 2011-05-31 2011-06-07  ...  CARGO TRANSPORT 5            5
1 2011-05-31 2011-06-07  ...  CARGO TRANSPORT 5            5
2 2011-05-31 2011-06-07  ...  CARGO TRANSPORT 5            5
3 2011-05-31 2011-06-07  ...  CARGO TRANSPORT 5            5
4 2011-05-31 2011-06-07  ...  CARGO TRANSPORT 5            5

[5 rows x 8 columns]
Engine Begin
complete
Query
  Order Date Ship Date  ... Order Status                       Source_Type
0        NaT       NaT  ...               Total Revenue by Shipping Method
1        NaT       NaT  ...               Total Revenue by Shipping Method
2        NaT       NaT  ...                               Top 10 Customers
3        NaT       NaT  ...                               Top 10 Customers
4        NaT       NaT  ...                               Top 10 Customers

[5 rows x 9 columns]
Descriptive

                    show me :

                 User: Show all orders with Order Date, Ship Date, Customer, Product, Quantity, Total Due,
Shipping Method, and Order Status. Include total revenue by shipping method and top 10
customers. Use tables: Sales.SalesOrderHeader, Sales.SalesOrderDetail, Sales.Customer,
Production.Product, Sales.ShipMethod.
Engine Begin
complete
Query
                     Name
0         Adjustable Race
1  All-Purpose Bike Stand
2            AWC Logo Cap
3         BB Ball Bearing
4            Bearing Ball
Engine Begin
complete
Query
                    Name  ListPrice
0        Adjustable Race        0.0
1           Bearing Ball        0.0
2        BB Ball Bearing        0.0
3  Headset Ball Bearings        0.0
4                  Blade        0.0
Query
Engine Begin
complete
Query
  Order Date  Ship Date  ...    Shipping Method Order Status
0 2011-05-31 2011-06-07  ...  CARGO TRANSPORT 5            5
1 2011-05-31 2011-06-07  ...  CARGO TRANSPORT 5            5
2 2011-05-31 2011-06-07  ...  CARGO TRANSPORT 5            5
3 2011-05-31 2011-06-07  ...  CARGO TRANSPORT 5            5
4 2011-05-31 2011-06-07  ...  CARGO TRANSPORT 5            5

[5 rows x 8 columns]
  Stopping...
sql1
sql1

Collecting usage statistics. To deactivate, set browser.gatherUsageStats to false.


  You can now view your Streamlit app in your browser.

  Local URL: http://localhost:8501
  Network URL: http://172.31.13.254:8501
  External URL: http://13.202.180.165:8501

  Stopping...
sql1
sql1
